{
  "image_path": "/home/quynhthu/Documents/AI-project/e2e/data/raw/013565d5-frame_3061_jpg.rf.e11fdb53803f0addb52ff2345573573d.jpg",
  "command": 2,
  "waypoints": [
    [
      108.0,
      223.0
    ],
    [
      109.80842915876278,
      202.2214014322125
    ],
    [
      112.58515453332808,
      181.5531798583148
    ],
    [
      117.11104965837062,
      161.20917045744116
    ],
    [
      125.21770573706021,
      142.0741943047174
    ],
    [
      140.1427369622135,
      127.74700258643102
    ],
    [
      160.1347685638955,
      122.21324206773383
    ],
    [
      180.95301256161687,
      121.3147876887952
    ],
    [
      201.80938195389305,
      121.48109231178788
    ],
    [
      222.66666666666666,
      121.33333333333333
    ]
  ],
  "bboxes": [
    [
      189.0,
      91.33333333333333,
      16.0,
      27.666666666666668
    ],
    [
      32.724609821403035,
      148.4165867347437,
      157.82542482963544,
      24.87220162071617
    ]
  ],
  "categories": [
    11,
    7
  ],
  "control_points": []
}