{
  "image_path": "/home/quynhthu/Documents/AI-project/e2e/data/raw/01769b66-frame_949_jpg.rf.8e68b783fdbc630c9f9e523360703a1a.jpg",
  "command": 1,
  "waypoints": [
    [
      94.66666666666667,
      223.33333333333334
    ],
    [
      97.77660425282212,
      202.53824470195946
    ],
    [
      99.86408154583542,
      181.619874358441
    ],
    [
      99.93088366004876,
      160.61604963450867
    ],
    [
      95.45950912965621,
      140.1764773581531
    ],
    [
      82.2626999064499,
      124.05445858093034
    ],
    [
      62.9610186827663,
      115.9976797122163
    ],
    [
      42.26730051846379,
      112.39810370092903
    ],
    [
      21.325312991342127,
      110.54372403707951
    ],
    [
      0.3333333333333333,
      109.33333333333333
    ]
  ],
  "bboxes": [
    [
      184.0,
      88.66666666666667,
      26.0,
      31.333333333333332
    ],
    [
      25.03683841136348,
      143.4421464106005,
      154.20765004844037,
      18.088873905975362
    ]
  ],
  "categories": [
    5,
    7
  ],
  "control_points": []
}