{
  "image_path": "/home/quynhthu/Documents/AI-project/e2e/data/raw/01783d05-frame_907_jpg.rf.6c309a28ba7952d4558ded9fd1cc6b46.jpg",
  "command": 2,
  "waypoints": [
    [
      56.666666666666664,
      223.33333333333334
    ],
    [
      58.37363502732678,
      200.23336562092686
    ],
    [
      60.93644738016219,
      177.2215247923548
    ],
    [
      66.73906765831006,
      154.8554179203914
    ],
    [
      79.44102945484194,
      135.64425209900213
    ],
    [
      98.91936785627003,
      123.32576154551953
    ],
    [
      121.1131405232098,
      116.85387750167365
    ],
    [
      144.04669741832961,
      113.69334535113701
    ],
    [
      167.1710158978304,
      112.42510721056608
    ],
    [
      190.33333333333337,
      112.33333333333333
    ]
  ],
  "bboxes": [
    [
      143.0,
      87.66666666666667,
      25.333333333333332,
      30.333333333333332
    ],
    [
      0.0,
      147.96436488709432,
      142.16229695255427,
      12.66221173418279
    ]
  ],
  "categories": [
    5,
    7
  ],
  "control_points": []
}