{
  "image_path": "/home/quynhthu/Documents/AI-project/e2e/data/raw/02224676-frame_15_jpg.rf.ceadc95ca03df877d307f69cb6c81484_dup1.jpg",
  "command": 1,
  "waypoints": [
    [
      94.0,
      223.66666666666666
    ],
    [
      94.59080123637447,
      204.19016773748896
    ],
    [
      94.00980400802824,
      184.7176508353887
    ],
    [
      91.47986910124689,
      165.41277314443172
    ],
    [
      85.53217454144063,
      146.90973651590582
    ],
    [
      74.12706112659167,
      131.23313069686262
    ],
    [
      57.558568448456796,
      121.1495837517138
    ],
    [
      38.79164312704813,
      116.04554447654814
    ],
    [
      19.458458888781827,
      113.68502638031856
    ],
    [
      0.0,
      112.66666666666667
    ]
  ],
  "bboxes": [
    [
      183.0,
      86.0,
      25.666666666666668,
      37.0
    ],
    [
      7.400186353037458,
      160.17435477362773,
      173.65318949736394,
      19.44553944892354
    ]
  ],
  "categories": [
    10,
    7
  ],
  "control_points": []
}