{
  "image_path": "/home/quynhthu/Documents/AI-project/e2e/data/raw/02224676-frame_15_jpg.rf.25e6ada062c63b5b81532a819e25fb69.jpg",
  "command": 2,
  "waypoints": [
    [
      90.33333333333333,
      222.33333333333334
    ],
    [
      91.40044000200695,
      200.43961399181353
    ],
    [
      94.97011090938645,
      178.82952099850007
    ],
    [
      102.50226061235064,
      158.29910553856135
    ],
    [
      115.82712715507206,
      141.02174791842216
    ],
    [
      134.65986110226964,
      130.00111094351993
    ],
    [
      155.95967706137924,
      125.01954826297958
    ],
    [
      177.82021147665867,
      123.52856267097611
    ],
    [
      199.74282704948945,
      123.51404382681112
    ],
    [
      221.66666666666666,
      123.66666666666667
    ]
  ],
  "bboxes": [
    [
      182.33333333333334,
      86.33333333333333,
      26.666666666666668,
      34.666666666666664
    ],
    [
      6.495742657738689,
      160.6265766212771,
      172.74874580206514,
      17.184430210676595
    ]
  ],
  "categories": [
    10,
    7
  ],
  "control_points": []
}