{
  "image_path": "/home/quynhthu/Documents/AI-project/e2e/data/raw/02224676-frame_15_jpg.rf.ceadc95ca03df877d307f69cb6c81484.jpg",
  "command": 2,
  "waypoints": [
    [
      90.33333333333333,
      222.33333333333334
    ],
    [
      91.40044000200695,
      200.43961399181353
    ],
    [
      94.97011090938645,
      178.82952099850007
    ],
    [
      102.50226061235064,
      158.29910553856135
    ],
    [
      115.82712715507206,
      141.02174791842216
    ],
    [
      134.65986110226964,
      130.00111094351993
    ],
    [
      155.95967706137924,
      125.01954826297958
    ],
    [
      177.82021147665867,
      123.52856267097611
    ],
    [
      199.74282704948945,
      123.51404382681112
    ],
    [
      221.66666666666666,
      123.66666666666667
    ]
  ],
  "bboxes": [
    [
      182.0,
      86.33333333333333,
      27.666666666666668,
      34.666666666666664
    ],
    [
      8.304630048336232,
      161.53102031657585,
      172.29652395441576,
      18.993317601274242
    ]
  ],
  "categories": [
    10,
    7
  ],
  "control_points": []
}