{
  "image_path": "/home/quynhthu/Documents/AI-project/e2e/data/raw/02846b71-frame_583_jpg.rf.4b094b9782d98e89be86c4d1f8b7a5e2_dup1.jpg",
  "command": 1,
  "waypoints": [
    [
      93.66666666666667,
      223.33333333333334
    ],
    [
      89.94701466681688,
      207.45216906651058
    ],
    [
      85.15380838091924,
      191.86325568229856
    ],
    [
      78.97555155275889,
      176.77314030326895
    ],
    [
      71.00260869001647,
      162.55688977158022
    ],
    [
      60.78590187763522,
      149.8716320974452
    ],
    [
      48.076710877240856,
      139.70680767076735
    ],
    [
      33.262659105642776,
      132.97605171503275
    ],
    [
      17.294462242219684,
      129.7788092926315
    ],
    [
      1.0000000000000189,
      129.33333333333334
    ]
  ],
  "bboxes": [
    [
      203.33333333333334,
      120.66666666666667,
      20.333333333333332,
      48.0
    ]
  ],
  "categories": [
    13
  ],
  "control_points": [
    [
      93.66666666666667,
      223.33333333333334
    ],
    [
      76.66666666666667,
      140.0
    ],
    [
      38.333333333333336,
      128.0
    ],
    [
      1.0,
      129.33333333333334
    ]
  ]
}