{
  "image_path": "/home/quynhthu/Documents/AI-project/e2e/data/raw/02846b71-frame_583_jpg.rf.4b094b9782d98e89be86c4d1f8b7a5e2.jpg",
  "command": 2,
  "waypoints": [
    [
      84.33333333333333,
      221.33333333333334
    ],
    [
      88.4967047960648,
      202.90387536610297
    ],
    [
      94.62376274594202,
      185.040647241262
    ],
    [
      103.7610385394695,
      168.53967109163395
    ],
    [
      116.79695232563495,
      154.94893064376024
    ],
    [
      133.14742376960206,
      145.57998899045657
    ],
    [
      151.15063726038747,
      139.90118148513102
    ],
    [
      169.7353775406408,
      136.50118310508515
    ],
    [
      188.50507097914712,
      134.30306976710335
    ],
    [
      207.33333333333334,
      132.66666666666666
    ]
  ],
  "bboxes": [
    [
      202.33333333333334,
      120.66666666666667,
      21.666666666666668,
      49.333333333333336
    ]
  ],
  "categories": [
    13
  ],
  "control_points": [
    [
      84.33333333333333,
      221.33333333333334
    ],
    [
      98.33333333333333,
      145.66666666666666
    ],
    [
      131.66666666666666,
      138.66666666666666
    ],
    [
      207.33333333333334,
      132.66666666666666
    ]
  ]
}