{
  "image_path": "/home/quynhthu/Documents/AI-project/e2e/data/raw/02846b71-frame_583_jpg.rf.fb7c6bc26701bc39a3373231ed052bde.jpg",
  "command": 2,
  "waypoints": [
    [
      93.0,
      221.0
    ],
    [
      95.4581626242525,
      203.2804574979383
    ],
    [
      101.49642228917952,
      186.45577371667346
    ],
    [
      111.38627886915792,
      171.57399030182557
    ],
    [
      124.54246913031913,
      159.47225071666028
    ],
    [
      139.90604651099835,
      150.30695895647418
    ],
    [
      156.5412205074551,
      143.69665623582964
    ],
    [
      173.85364433660865,
      139.12182811801233
    ],
    [
      191.51080466918052,
      136.12237120576538
    ],
    [
      209.33333333333334,
      134.33333333333334
    ]
  ],
  "bboxes": [
    [
      200.33333333333334,
      118.66666666666667,
      24.0,
      53.0
    ]
  ],
  "categories": [
    13
  ],
  "control_points": [
    [
      93.0,
      221.0
    ],
    [
      96.33333333333333,
      153.66666666666666
    ],
    [
      158.33333333333334,
      138.0
    ],
    [
      209.33333333333334,
      134.33333333333334
    ]
  ]
}