{
  "image_path": "/home/quynhthu/Documents/AI-project/e2e/data/raw/034604cf-frame_1925_jpg.rf.5feeef3c3854459677aa6909b1ea1f07.jpg",
  "command": 2,
  "waypoints": [
    [
      104.66666666666667,
      221.33333333333334
    ],
    [
      106.54130156982934,
      201.46981782621467
    ],
    [
      109.35588833146177,
      181.72056854045385
    ],
    [
      113.80190180572642,
      162.28334486059182
    ],
    [
      121.32957421181972,
      143.86197648112798
    ],
    [
      134.40561255098288,
      128.95466243048529
    ],
    [
      152.6702499207681,
      121.1956535228862
    ],
    [
      172.43727966224054,
      118.73401705073958
    ],
    [
      192.38103188264125,
      118.29983572658935
    ],
    [
      212.33333333333334,
      118.33333333333333
    ]
  ],
  "bboxes": [
    [
      183.0,
      90.0,
      28.333333333333332,
      34.666666666666664
    ],
    [
      29.106835040207955,
      148.8688085823931,
      153.3032063531416,
      14.471099124780324
    ]
  ],
  "categories": [
    6,
    7
  ],
  "control_points": []
}