{
  "image_path": "/home/quynhthu/Documents/AI-project/e2e/data/raw/0348cc17-frame_1683_jpg.rf.368da341e3efe313ace319e4612f947d.jpg",
  "command": 2,
  "waypoints": [
    [
      103.66666666666667,
      224.0
    ],
    [
      104.81831557668649,
      203.22013239550392
    ],
    [
      106.99393931783973,
      182.5260630068487
    ],
    [
      111.03115823179778,
      162.1273131434903
    ],
    [
      118.8310496306216,
      142.91444659106097
    ],
    [
      133.43940095883264,
      128.30809597840317
    ],
    [
      153.07238370009807,
      121.71321002665294
    ],
    [
      173.75192225677077,
      119.54647008316776
    ],
    [
      194.54318005629898,
      118.63250525951877
    ],
    [
      215.33333333333334,
      117.66666666666667
    ]
  ],
  "bboxes": [
    [
      179.0,
      93.0,
      22.0,
      30.333333333333332
    ],
    [
      20.514619934869636,
      154.29547075418571,
      165.51319623967498,
      15.827764667728474
    ]
  ],
  "categories": [
    4,
    7
  ],
  "control_points": []
}