{
  "image_path": "/home/quynhthu/Documents/AI-project/e2e/data/raw/0348cc17-frame_1683_jpg.rf.a7346c7adec7dff715ad7baf045d9956.jpg",
  "command": 2,
  "waypoints": [
    [
      103.66666666666667,
      224.0
    ],
    [
      104.81831557668649,
      203.22013239550392
    ],
    [
      106.99393931783973,
      182.5260630068487
    ],
    [
      111.03115823179778,
      162.1273131434903
    ],
    [
      118.8310496306216,
      142.91444659106097
    ],
    [
      133.43940095883264,
      128.30809597840317
    ],
    [
      153.07238370009807,
      121.71321002665294
    ],
    [
      173.75192225677077,
      119.54647008316776
    ],
    [
      194.54318005629898,
      118.63250525951877
    ],
    [
      215.33333333333334,
      117.66666666666667
    ]
  ],
  "bboxes": [
    [
      178.66666666666666,
      93.66666666666667,
      22.333333333333332,
      30.0
    ],
    [
      24.5846165637141,
      155.19991444948448,
      155.11209374373914,
      11.757768038884052
    ]
  ],
  "categories": [
    4,
    7
  ],
  "control_points": []
}