{
  "image_path": "/home/quynhthu/Documents/AI-project/e2e/data/raw/0501ac4e-frame_1021_jpg.rf.07335387ba80aaf3a70553edc28a704b.jpg",
  "command": 2,
  "waypoints": [
    [
      98.66666666666667,
      223.33333333333334
    ],
    [
      100.63327748983355,
      202.6550163030161
    ],
    [
      104.17710576638692,
      182.19580034697475
    ],
    [
      110.3701010397142,
      162.3987634396002
    ],
    [
      121.03407980560883,
      144.66438267065203
    ],
    [
      137.39388520602301,
      132.04187379010045
    ],
    [
      157.15401028273206,
      125.85487370020938
    ],
    [
      177.80263083409622,
      123.77359828928417
    ],
    [
      198.57160592770904,
      123.64653360126525
    ],
    [
      219.33333333333334,
      124.33333333333333
    ]
  ],
  "bboxes": [
    [
      198.66666666666666,
      94.0,
      24.333333333333332,
      40.333333333333336
    ],
    [
      14.635735915427626,
      163.3399077071734,
      172.2965239544158,
      17.18443021067668
    ]
  ],
  "categories": [
    5,
    7
  ],
  "control_points": []
}