{
  "image_path": "/home/quynhthu/Documents/AI-project/e2e/data/raw/06719aad-frame_2579_jpg.rf.d1c3ed9b43f8ff084b44be66c4a66be5.jpg",
  "command": 1,
  "waypoints": [
    [
      90.66666666666667,
      223.33333333333334
    ],
    [
      90.93199793990175,
      204.5415192280627
    ],
    [
      90.45616812612413,
      185.75663271633448
    ],
    [
      88.39383501575116,
      167.09049577067285
    ],
    [
      83.05885849235295,
      149.12395588103928
    ],
    [
      72.16617047485589,
      133.93154742433543
    ],
    [
      56.26455894195609,
      124.0701981336605
    ],
    [
      38.29960946149503,
      118.66124566860915
    ],
    [
      19.73608097409378,
      115.78710019895759
    ],
    [
      0.999999999999981,
      114.33333333333333
    ]
  ],
  "bboxes": [
    [
      190.66666666666666,
      98.0,
      30.0,
      42.666666666666664
    ],
    [
      10.113517438933771,
      159.26991107832893,
      166.41763993497378,
      15.827764667728474
    ]
  ],
  "categories": [
    8,
    7
  ],
  "control_points": []
}