{
  "image_path": "/home/quynhthu/Documents/AI-project/e2e/data/raw/0694a4ab-frame_4415_jpg.rf.3d5862a8fdccb558669d4797d9f38dd4.jpg",
  "command": 1,
  "waypoints": [
    [
      111.33333333333333,
      223.0
    ],
    [
      109.85118704120751,
      202.93787731993876
    ],
    [
      106.92448896025088,
      183.04206890708747
    ],
    [
      101.52068310385627,
      163.6890908966245
    ],
    [
      92.10727668221266,
      145.973065303788
    ],
    [
      77.80209584641808,
      131.93096874914156
    ],
    [
      60.03876854019148,
      122.59149399780674
    ],
    [
      40.78168334872079,
      116.83779725657823
    ],
    [
      20.988060216745286,
      113.2752009305324
    ],
    [
      1.0,
      111.0
    ]
  ],
  "bboxes": [
    [
      182.33333333333334,
      91.66666666666667,
      27.333333333333332,
      33.666666666666664
    ],
    [
      22.775729173116563,
      155.19991444948448,
      162.79986515377868,
      21.706648687170485
    ]
  ],
  "categories": [
    0,
    7
  ],
  "control_points": []
}