{
  "image_path": "/home/quynhthu/Documents/AI-project/e2e/data/raw/0811abcb-frame_7211_jpg.rf.e55b317e14f47b0773ea7af9dc986089.jpg",
  "command": 0,
  "waypoints": [
    [
      131.66666666666666,
      224.0
    ],
    [
      130.23441329918913,
      210.46323665907565
    ],
    [
      128.7513964205154,
      196.93194530802657
    ],
    [
      127.22137481768918,
      183.40588723109212
    ],
    [
      125.64769025358478,
      169.884838726849
    ],
    [
      124.0331487518806,
      156.36860738476958
    ],
    [
      122.38022027160632,
      142.8570161766563
    ],
    [
      120.69119542244395,
      129.3498891212985
    ],
    [
      118.96409517881294,
      115.84757911778837
    ],
    [
      117.33333333333333,
      102.33333333333333
    ]
  ],
  "bboxes": [
    [
      155.33333333333334,
      52.666666666666664,
      12.0,
      16.0
    ],
    [
      135.0,
      45.0,
      7.0,
      10.0
    ],
    [
      54.88348035622291,
      120.8310540281312,
      132.0487795136205,
      17.184430210676652
    ]
  ],
  "categories": [
    6,
    8,
    7
  ],
  "control_points": []
}