{
  "image_path": "/home/quynhthu/Documents/AI-project/e2e/data/raw/08306448-frame_8001_jpg.rf.a389794a78f7ae4e797fc69d143f149e.jpg",
  "command": 2,
  "waypoints": [
    [
      103.33333333333333,
      224.0
    ],
    [
      103.47399128898506,
      204.14078403050408
    ],
    [
      105.50728644205391,
      184.39154670416102
    ],
    [
      110.36886955123619,
      165.1581529671665
    ],
    [
      119.28589817688943,
      147.47175817984962
    ],
    [
      132.92878870167283,
      133.1449238017003
    ],
    [
      150.13455532070995,
      123.32866234937995
    ],
    [
      169.04490565495973,
      117.31965025376472
    ],
    [
      188.58317990846095,
      113.77530213277369
    ],
    [
      208.33333333333334,
      111.66666666666667
    ]
  ],
  "bboxes": [
    [
      197.0,
      103.66666666666667,
      26.666666666666668,
      46.0
    ]
  ],
  "categories": [
    13
  ],
  "control_points": [
    [
      103.33333333333333,
      224.0
    ],
    [
      100.66666666666667,
      134.33333333333334
    ],
    [
      139.66666666666666,
      117.33333333333333
    ],
    [
      208.33333333333334,
      111.66666666666667
    ]
  ]
}