{
  "image_path": "/home/quynhthu/Documents/AI-project/e2e/data/raw/0831cce6-frame_1_jpg.rf.133b687c2cfcbcd0b7925e85385c55b3.jpg",
  "command": 1,
  "waypoints": [
    [
      89.66666666666667,
      223.33333333333334
    ],
    [
      92.03469652486638,
      202.68248688995237
    ],
    [
      96.62305672188188,
      182.42204888260605
    ],
    [
      104.49046908475064,
      163.21775479935522
    ],
    [
      116.76681453748087,
      146.51703752514794
    ],
    [
      133.40346565419782,
      134.1620710920122
    ],
    [
      152.72914085901877,
      126.61883119035153
    ],
    [
      173.14305362744747,
      122.79249080988853
    ],
    [
      193.87988129707367,
      121.42975418286834
    ],
    [
      214.66666666666666,
      121.66666666666667
    ]
  ],
  "bboxes": [
    [
      183.33333333333334,
      85.33333333333333,
      24.0,
      38.666666666666664
    ],
    [
      6.495742657738689,
      159.26991107832893,
      167.77430547792193,
      20.349983144222335
    ]
  ],
  "categories": [
    10,
    7
  ],
  "control_points": []
}