{
  "image_path": "/home/quynhthu/Documents/AI-project/e2e/data/raw/0831cce6-frame_1_jpg.rf.e080ec6d9c10987f2ddac5b0ec48122e.jpg",
  "command": 1,
  "waypoints": [
    [
      91.66666666666667,
      222.0
    ],
    [
      91.357933140544,
      204.32209981506256
    ],
    [
      88.72337033716967,
      186.849661803135
    ],
    [
      83.3491196126382,
      170.02294580851944
    ],
    [
      75.00336499563322,
      154.46045137893813
    ],
    [
      63.75674356398507,
      140.8489513187462
    ],
    [
      50.02858370469796,
      129.74360967888725
    ],
    [
      34.432054213023065,
      121.4604472806023
    ],
    [
      17.576033388351494,
      116.19610993728415
    ],
    [
      1.8957058145474548e-14,
      114.33333333333333
    ]
  ],
  "bboxes": [
    [
      182.33333333333334,
      86.66666666666667,
      25.0,
      35.666666666666664
    ],
    [
      6.043520810089304,
      159.72213292597837,
      176.36652058326027,
      21.706648687170457
    ]
  ],
  "categories": [
    10,
    7
  ],
  "control_points": []
}