{
  "image_path": "/home/quynhthu/Documents/AI-project/e2e/data/raw/10153063-frame_2141_jpg.rf.e3e46ed50116d2aad167a2b36cf23ac2.jpg",
  "command": 1,
  "waypoints": [
    [
      130.33333333333334,
      223.0
    ],
    [
      126.407650887658,
      202.0159477307905
    ],
    [
      120.3147173688934,
      181.56702185345114
    ],
    [
      111.25053877022181,
      162.26549704528287
    ],
    [
      98.45993537738512,
      145.22406696153766
    ],
    [
      81.92935572160471,
      131.78739916271624
    ],
    [
      62.761008301274614,
      122.46252704753593
    ],
    [
      42.266403682381366,
      116.53758392965698
    ],
    [
      21.23225597738908,
      112.90958740706326
    ],
    [
      0.0,
      110.66666666666667
    ]
  ],
  "bboxes": [
    [
      203.0,
      91.33333333333333,
      20.666666666666668,
      38.666666666666664
    ],
    [
      41.769046774390745,
      153.39102705888695,
      160.53875591553177,
      16.73220836302724
    ]
  ],
  "categories": [
    6,
    7
  ],
  "control_points": []
}