{
  "image_path": "/home/quynhthu/Documents/AI-project/e2e/data/raw/10153063-frame_2141_jpg.rf.64d5d49c06bd23a9dfe4d621ee44908d.jpg",
  "command": 1,
  "waypoints": [
    [
      124.33333333333333,
      223.0
    ],
    [
      124.9527347598653,
      206.0359873038789
    ],
    [
      126.64684674195372,
      189.1487867855596
    ],
    [
      129.91458317747512,
      172.50047558447739
    ],
    [
      135.57435814616954,
      156.52229504358024
    ],
    [
      144.7183485349361,
      142.28007617963272
    ],
    [
      157.78913202548907,
      131.54797198953602
    ],
    [
      173.45204655602197,
      125.1129469498043
    ],
    [
      190.09406381075505,
      121.84539968946761
    ],
    [
      207.00000000000003,
      120.33333333333333
    ]
  ],
  "bboxes": [
    [
      206.0,
      92.33333333333333,
      16.333333333333332,
      35.666666666666664
    ],
    [
      42.67349046968951,
      151.12991782064,
      158.7298685249342,
      19.44553944892357
    ]
  ],
  "categories": [
    6,
    7
  ],
  "control_points": []
}