{
  "image_path": "/home/quynhthu/Documents/AI-project/e2e/data/raw/1070db1c-frame_4281_jpg.rf.e51a05672ebbabb52cfbdb4a51d9b43c.jpg",
  "command": 2,
  "waypoints": [
    [
      107.0,
      223.0
    ],
    [
      107.95203777716277,
      201.79259335609365
    ],
    [
      109.87801800147767,
      180.6551496535164
    ],
    [
      113.7373215075568,
      159.79956055555212
    ],
    [
      121.60523044196415,
      140.16456737524058
    ],
    [
      136.26337953444772,
      125.00256729574484
    ],
    [
      155.90746688484163,
      117.20972634349175
    ],
    [
      176.89649076570387,
      114.2111966228578
    ],
    [
      198.10596760861205,
      113.42881851331877
    ],
    [
      219.33333333333334,
      113.66666666666667
    ]
  ],
  "bboxes": [
    [
      172.0,
      81.33333333333333,
      26.0,
      29.333333333333332
    ],
    [
      39.9601593837932,
      138.91992793410662,
      141.09321646660823,
      10.853324343585228
    ]
  ],
  "categories": [
    0,
    7
  ],
  "control_points": []
}