{
  "image_path": "/home/quynhthu/Documents/AI-project/e2e/data/raw/1070db1c-frame_4281_jpg.rf.0de1de3f8a0221d224e006326dc82e8f.jpg",
  "command": 1,
  "waypoints": [
    [
      112.33333333333333,
      223.0
    ],
    [
      112.58744859179032,
      201.3544602806528
    ],
    [
      111.2459323630806,
      179.75576208728626
    ],
    [
      107.3523393951077,
      158.48494549107855
    ],
    [
      99.18346937499682,
      138.51079674142085
    ],
    [
      84.76924965257567,
      122.51652302083319
    ],
    [
      65.33265952220162,
      113.19080489768184
    ],
    [
      44.142296714714504,
      108.9083563721806
    ],
    [
      22.594115351247744,
      106.87037026830498
    ],
    [
      1.0,
      105.33333333333333
    ]
  ],
  "bboxes": [
    [
      173.0,
      81.33333333333333,
      24.333333333333332,
      29.0
    ],
    [
      42.22126862204012,
      136.2065968482103,
      142.44988200955635,
      18.993317601274185
    ]
  ],
  "categories": [
    0,
    7
  ],
  "control_points": []
}