{
  "image_path": "/home/quynhthu/Documents/AI-project/e2e/data/raw/107777ad-frame_7_jpg.rf.63ac103b14a7e584c1041f31ed1a5245.jpg",
  "command": 2,
  "waypoints": [
    [
      89.33333333333333,
      223.66666666666666
    ],
    [
      91.76044931035507,
      202.12703926411513
    ],
    [
      95.76319765800459,
      180.83377703912294
    ],
    [
      102.82895358583202,
      160.38764994965314
    ],
    [
      115.4611342927555,
      142.905963734924
    ],
    [
      134.03756266143057,
      131.95021656219063
    ],
    [
      155.07867923197188,
      126.92854549638845
    ],
    [
      176.65510700911457,
      124.9443798148972
    ],
    [
      198.3224279510859,
      124.33881025508737
    ],
    [
      220.0,
      124.33333333333333
    ]
  ],
  "bboxes": [
    [
      183.0,
      88.0,
      25.0,
      33.333333333333336
    ],
    [
      6.495742657738689,
      160.6265766212771,
      172.2965239544158,
      18.08887390597542
    ]
  ],
  "categories": [
    10,
    7
  ],
  "control_points": []
}