{
  "image_path": "/home/quynhthu/Documents/AI-project/e2e/data/raw/1103eba8-frame_3373_jpg.rf.f70713f4cf33a203f565e62aa626f5c6.jpg",
  "command": 1,
  "waypoints": [
    [
      130.66666666666666,
      223.0
    ],
    [
      130.8530926686088,
      200.43446871981808
    ],
    [
      128.6904005737465,
      177.99113055922072
    ],
    [
      122.09857624259953,
      156.47857217679035
    ],
    [
      108.65774458268332,
      138.4918659842791
    ],
    [
      89.59098376605799,
      126.5743759426741
    ],
    [
      68.22467747268598,
      119.39789981872231
    ],
    [
      46.126174148352966,
      114.84890974621987
    ],
    [
      23.77791379350969,
      111.70789094583628
    ],
    [
      1.3333333333333333,
      109.33333333333333
    ]
  ],
  "bboxes": [
    [
      210.66666666666666,
      89.66666666666667,
      13.333333333333334,
      34.666666666666664
    ],
    [
      39.05571568849442,
      149.3210304300425,
      161.89542145847994,
      24.419979773066814
    ]
  ],
  "categories": [
    9,
    7
  ],
  "control_points": []
}