{
  "image_path": "/home/quynhthu/Documents/AI-project/e2e/data/raw/12745a27-frame_947_jpg.rf.6902a21437840642cd8a0c48d1b2f09d.jpg",
  "command": 2,
  "waypoints": [
    [
      94.66666666666667,
      223.0
    ],
    [
      96.96399059276496,
      201.78868774979136
    ],
    [
      100.47203886280127,
      180.7489399455915
    ],
    [
      106.19937454966768,
      160.220509941372
    ],
    [
      116.13727772263906,
      141.42884218945798
    ],
    [
      132.30412846492695,
      127.69794147021884
    ],
    [
      152.48511364979586,
      121.01930960492412
    ],
    [
      173.67198167126455,
      118.68692792639324
    ],
    [
      195.00070866861486,
      118.28561715502057
    ],
    [
      216.33333333333334,
      118.66666666666667
    ]
  ],
  "bboxes": [
    [
      185.0,
      89.66666666666667,
      27.666666666666668,
      32.0
    ],
    [
      28.202391344909177,
      144.34659010589922,
      144.71099124780326,
      19.89776129657301
    ]
  ],
  "categories": [
    5,
    7
  ],
  "control_points": []
}