{
  "image_path": "/home/quynhthu/Documents/AI-project/e2e/data/raw/1569_Color_jpg.rf.cd84282f6dbd5c34ddbe792c0ccf47c5_dup2.jpg",
  "command": 3,
  "waypoints": [
    [
      109.0,
      223.0
    ],
    [
      109.70993593373852,
      206.17840285068485
    ],
    [
      110.45913566013098,
      189.35850935775622
    ],
    [
      111.25019309508589,
      172.540533034481
    ],
    [
      112.08487404170346,
      155.7246654407801
    ],
    [
      112.9624919318889,
      138.91098351159243
    ],
    [
      113.87780428227062,
      122.09930993012364
    ],
    [
      114.81791749011467,
      105.28900285554666
    ],
    [
      115.75913238130835,
      88.47875741521433
    ],
    [
      116.66666666666667,
      71.66666666666667
    ]
  ],
  "bboxes": [
    [
      161.0,
      29.0,
      60.666666666666664,
      47.666666666666664
    ],
    [
      163.0,
      22.333333333333332,
      15.333333333333334,
      24.333333333333332
    ]
  ],
  "categories": [
    3,
    8
  ],
  "control_points": [
    [
      109.0,
      223.0
    ],
    [
      112.0,
      150.0
    ],
    [
      114.66666666666667,
      110.0
    ],
    [
      116.66666666666667,
      71.66666666666667
    ]
  ]
}