{
  "image_path": "/home/quynhthu/Documents/AI-project/e2e/data/raw/1589_Color_jpg.rf.fa5cd3c164e18b691fd4196907d330aa.jpg",
  "command": 0,
  "waypoints": [
    [
      76.33333333333333,
      224.0
    ],
    [
      77.18092696044005,
      205.51917651099544
    ],
    [
      78.05216340968592,
      187.03945389481896
    ],
    [
      78.95677322383575,
      168.56133711763923
    ],
    [
      79.91210717350485,
      150.08577833929374
    ],
    [
      80.9419925536593,
      131.61422333983606
    ],
    [
      81.90184036409947,
      113.13898104333714
    ],
    [
      82.56807815470583,
      94.65083173344857
    ],
    [
      83.13159377578636,
      76.15917706133776
    ],
    [
      83.66666666666667,
      57.666666666666664
    ]
  ],
  "bboxes": [
    [
      111.58518470178251,
      0.06125678473335938,
      12.840849158483119,
      16.051061448103884
    ]
  ],
  "categories": [
    8
  ],
  "control_points": []
}