{
  "image_path": "/home/quynhthu/Documents/AI-project/e2e/data/raw/1589_Color_jpg.rf.fa5cd3c164e18b691fd4196907d330aa_dup2.jpg",
  "command": 2,
  "waypoints": [
    [
      76.33333333333333,
      224.0
    ],
    [
      77.18092696044046,
      205.5191765109865
    ],
    [
      78.05216340968677,
      187.03945389480126
    ],
    [
      78.95677322383678,
      168.5613371176191
    ],
    [
      79.91210717350317,
      150.0857783393248
    ],
    [
      80.94199255365483,
      131.614223339919
    ],
    [
      81.90184036420546,
      113.13898104091345
    ],
    [
      82.56807815470457,
      94.65083173348658
    ],
    [
      83.13159377578602,
      76.1591770613492
    ],
    [
      83.66666666666667,
      57.666666666666664
    ]
  ],
  "bboxes": [
    [
      111.88969491886242,
      1.7162659110078025,
      12.156880098832119,
      15.472392853059068
    ]
  ],
  "categories": [
    8
  ],
  "control_points": []
}