{
  "image_path": "/home/quynhthu/Documents/AI-project/e2e/data/raw/1589_Color_jpg.rf.d76a8066de9086b81dc8e4cb82cb775c_dup2.jpg",
  "command": 1,
  "waypoints": [
    [
      74.33333333333333,
      222.0
    ],
    [
      75.5695562517537,
      204.2302044687398
    ],
    [
      76.79877669558986,
      186.45992341261334
    ],
    [
      78.01365163814019,
      168.6886570880541
    ],
    [
      79.1944139366058,
      150.91509987533854
    ],
    [
      80.28746620056432,
      133.13594506858882
    ],
    [
      81.27634153468104,
      115.35068014346501
    ],
    [
      82.26736678469099,
      97.56552569496199
    ],
    [
      83.28879175353268,
      79.78209204292848
    ],
    [
      84.33333333333333,
      62.0
    ]
  ],
  "bboxes": [
    [
      110.66666666666667,
      1.0,
      13.0,
      17.666666666666668
    ]
  ],
  "categories": [
    8
  ],
  "control_points": []
}