{
  "image_path": "/home/quynhthu/Documents/AI-project/e2e/data/raw/1589_Color_jpg.rf.fa5cd3c164e18b691fd4196907d330aa_dup1.jpg",
  "command": 1,
  "waypoints": [
    [
      76.33333333333333,
      224.0
    ],
    [
      77.18092744596748,
      205.51916606350028
    ],
    [
      78.05216444082005,
      187.03943242507964
    ],
    [
      78.95677486859144,
      168.56130441548194
    ],
    [
      79.9121095047707,
      150.0857349089136
    ],
    [
      80.94199513779623,
      131.6141754579338
    ],
    [
      81.90183786460524,
      113.1390381992288
    ],
    [
      82.5680772170793,
      94.65086000952361
    ],
    [
      83.13159344973752,
      76.15918805175747
    ],
    [
      83.66666666666667,
      57.666666666666664
    ]
  ],
  "bboxes": [
    [
      111.62120332699209,
      -1.5041797663951115,
      13.048635139901364,
      18.448070370205382
    ]
  ],
  "categories": [
    8
  ],
  "control_points": [
    [
      76.33333333333333,
      224.0
    ],
    [
      82.33333333333333,
      91.66666666666667
    ],
    [
      81.0,
      151.0
    ],
    [
      83.66666666666667,
      57.666666666666664
    ]
  ]
}