{
  "image_path": "/home/quynhthu/Documents/AI-project/e2e/data/raw/1592_Color_jpg.rf.05055b2ce744e8d564ebcb53aa7d9a47_dup2.jpg",
  "command": 1,
  "waypoints": [
    [
      60.683442381357416,
      223.48723013818778
    ],
    [
      62.3525950954971,
      206.06019507203234
    ],
    [
      64.00556455046673,
      188.63161836746133
    ],
    [
      65.63354878485003,
      171.20069197780902
    ],
    [
      67.21795554081885,
      153.76576039282938
    ],
    [
      68.70594991886675,
      136.3223757074463
    ],
    [
      70.00364716215181,
      118.86379150100238
    ],
    [
      71.44566606662063,
      101.41654483341046
    ],
    [
      73.03599339357046,
      83.98216767875645
    ],
    [
      74.68227401031562,
      66.5529597714458
    ]
  ],
  "bboxes": [
    [
      102.31154696220682,
      4.294998053184313,
      11.051709180756461,
      16.94595407715993
    ]
  ],
  "categories": [
    8
  ],
  "control_points": []
}