{
  "image_path": "/home/quynhthu/Documents/AI-project/e2e/data/raw/1594_Color_jpg.rf.46fb84012674693ca1fa3cbef8544991_dup2.jpg",
  "command": 1,
  "waypoints": [
    [
      48.15817197650008,
      223.11883983216254
    ],
    [
      50.09636057632991,
      205.7865425463522
    ],
    [
      52.03976217143532,
      188.45482911387637
    ],
    [
      53.99277602782107,
      171.12419665081111
    ],
    [
      55.96617872468229,
      153.7958778683901
    ],
    [
      57.99932744498516,
      136.47452228405243
    ],
    [
      60.257005915265644,
      119.18099854934663
    ],
    [
      62.57142135562582,
      101.8949283450674
    ],
    [
      64.78382294280478,
      84.59551043700162
    ],
    [
      66.94607758378608,
      67.28974038349624
    ]
  ],
  "bboxes": [
    [
      98.25925359592942,
      6.136949583310392,
      11.4200994867817,
      18.05112499523558
    ]
  ],
  "categories": [
    8
  ],
  "control_points": []
}