{
  "image_path": "/home/quynhthu/Documents/AI-project/e2e/data/raw/1594_Color_jpg.rf.46fb84012674693ca1fa3cbef8544991.jpg",
  "command": 2,
  "waypoints": [
    [
      48.15817197650008,
      223.11883983216254
    ],
    [
      50.09636293998424,
      205.78652143665602
    ],
    [
      52.03976692119152,
      188.45478685719
    ],
    [
      53.99278322423414,
      171.12413311706587
    ],
    [
      55.96618874826614,
      153.79579113877648
    ],
    [
      57.99934459547155,
      136.47438367473586
    ],
    [
      60.25700165786251,
      119.18103071847231
    ],
    [
      62.571415512407846,
      101.89497301872234
    ],
    [
      64.78382038379065,
      84.5955306913118
    ],
    [
      66.94607758378608,
      67.28974038349624
    ]
  ],
  "bboxes": [
    [
      97.1540826778538,
      7.610510807411256,
      12.525270404857338,
      16.945954077159936
    ]
  ],
  "categories": [
    8
  ],
  "control_points": [
    [
      48.15817197650008,
      223.11883983216254
    ],
    [
      63.26217452353393,
      87.91959752090833
    ],
    [
      55.8943684030296,
      156.4401944415985
    ],
    [
      66.94607758378608,
      67.28974038349624
    ]
  ]
}