{
  "image_path": "/home/quynhthu/Documents/AI-project/e2e/data/raw/1597_Color_jpg.rf.bde702a21228aad0f83cda39f89e919c_dup1.jpg",
  "command": 3,
  "waypoints": [
    [
      39.68519493792011,
      224.22401075023822
    ],
    [
      41.89167476507904,
      206.86263671694198
    ],
    [
      44.08882659552776,
      189.5000798634687
    ],
    [
      46.272878910093965,
      172.13587066346372
    ],
    [
      48.43692596247623,
      154.7691578719123
    ],
    [
      50.5676552997375,
      137.3983283545331
    ],
    [
      52.75507109200458,
      120.03471381998811
    ],
    [
      55.13995882545058,
      102.69695606541059
    ],
    [
      57.54444111003547,
      85.36189529223003
    ],
    [
      59.946661769306985,
      68.02652099554666
    ]
  ],
  "bboxes": [
    [
      92.73339900555119,
      10.189242949587767,
      14.735612241008633,
      18.78790560728601
    ]
  ],
  "categories": [
    8
  ],
  "control_points": [
    [
      39.68519493792011,
      224.22401075023822
    ],
    [
      57.36792962713047,
      85.3408653787318
    ],
    [
      46.684610752399216,
      163.8080005621028
    ],
    [
      59.946661769306985,
      68.02652099554666
    ]
  ]
}