{
  "image_path": "/home/quynhthu/Documents/AI-project/e2e/data/raw/1600_Color_jpg.rf.a809fc9fe4aca9541a70e5b07ba0b41b_dup1.jpg",
  "command": 3,
  "waypoints": [
    [
      47.05300105842443,
      224.22401075023822
    ],
    [
      49.36541638342092,
      207.26934127370603
    ],
    [
      51.673960954051665,
      190.31414435680816
    ],
    [
      53.97756003107838,
      173.3582748422206
    ],
    [
      56.275302623509816,
      156.4016106664073
    ],
    [
      58.5762815244589,
      139.44540200695678
    ],
    [
      61.005554162337425,
      122.50710425343702
    ],
    [
      63.490499825737345,
      105.5768641946644
    ],
    [
      65.96035313138394,
      88.6444133215142
    ],
    [
      68.41963880788695,
      71.71042405579884
    ]
  ],
  "bboxes": [
    [
      105.62705971643375,
      11.66280417368863,
      12.893660710882557,
      22.47180866753817
    ]
  ],
  "categories": [
    8
  ],
  "control_points": []
}