{
  "image_path": "/home/quynhthu/Documents/AI-project/e2e/data/raw/1600_Color_jpg.rf.aaac0f646222a03c8d2ca40d712be526.jpg",
  "command": 3,
  "waypoints": [
    [
      47.05300105842443,
      224.22401075023822
    ],
    [
      49.36541717018264,
      207.26933550047454
    ],
    [
      51.673962526713545,
      190.31413279402247
    ],
    [
      53.97756238529265,
      173.3582574918495
    ],
    [
      56.27530575470598,
      156.40158757443066
    ],
    [
      58.57628755717531,
      139.4453587328782
    ],
    [
      61.00555132678991,
      122.50712378573498
    ],
    [
      63.49049814600752,
      105.57687567540307
    ],
    [
      65.96035230137404,
      88.6444190248411
    ],
    [
      68.41963880788695,
      71.71042405579884
    ]
  ],
  "bboxes": [
    [
      105.62705971643375,
      12.031194479713847,
      13.262051016907776,
      22.840198973563385
    ]
  ],
  "categories": [
    8
  ],
  "control_points": [
    [
      47.05300105842443,
      224.22401075023822
    ],
    [
      65.10412605366001,
      91.9718908871857
    ],
    [
      54.05241687290353,
      170.80741637658193
    ],
    [
      68.41963880788695,
      71.71042405579882
    ]
  ]
}