{
  "image_path": "/home/quynhthu/Documents/AI-project/e2e/data/raw/1601_Color_jpg.rf.afafbb55a897c4a51a2b03b72cfe7019_dup2.jpg",
  "command": 2,
  "waypoints": [
    [
      49.472543645729225,
      224.72480896470014
    ],
    [
      52.066976536949205,
      207.82566467869322
    ],
    [
      54.649332281780985,
      190.92467083531477
    ],
    [
      57.216636840695436,
      174.0213843864255
    ],
    [
      59.76523294766982,
      157.11526741303732
    ],
    [
      62.29273908221831,
      140.20598452990617
    ],
    [
      64.81400041721523,
      123.29576951086172
    ],
    [
      67.41529621609678,
      106.39773428202486
    ],
    [
      70.16208270014623,
      89.52271898421921
    ],
    [
      72.9845467403125,
      72.660165573759
    ]
  ],
  "bboxes": [
    [
      109.32127879557756,
      13.42213180299073,
      12.214027581601698,
      21.679898957343017
    ]
  ],
  "categories": [
    8
  ],
  "control_points": [
    [
      49.472543645729225,
      224.72480896470014
    ],
    [
      67.1828836390517,
      109.60759900810412
    ],
    [
      63.51867536457118,
      128.8446924491268
    ],
    [
      72.9845467403125,
      72.66016557375897
    ]
  ]
}