{
  "image_path": "/home/quynhthu/Documents/AI-project/e2e/data/raw/1601_Color_jpg.rf.9d90c41aed6624b41c02ecf3ac009cf1_dup1.jpg",
  "command": 3,
  "waypoints": [
    [
      48.8949525885505,
      224.5924010562634
    ],
    [
      51.38641662875952,
      208.23066210396055
    ],
    [
      53.88147087383584,
      191.86947027781093
    ],
    [
      56.38094702064055,
      175.508953412805
    ],
    [
      58.885518543377906,
      159.14921577175303
    ],
    [
      61.38932276840822,
      142.7893832017019
    ],
    [
      63.74608430525515,
      126.40773671249781
    ],
    [
      66.01380890535877,
      110.01349794155423
    ],
    [
      68.31322424514043,
      93.62366784875485
    ],
    [
      70.62998064403824,
      77.23627864617707
    ]
  ],
  "bboxes": [
    [
      109.31096277668591,
      13.504755703814709,
      11.788489792806919,
      23.208589279588605
    ]
  ],
  "categories": [
    8
  ],
  "control_points": []
}