{
  "image_path": "/home/quynhthu/Documents/AI-project/e2e/data/raw/1603_Color_jpg.rf.14b1809a2257348d66091876e0f3a857_dup1.jpg",
  "command": 3,
  "waypoints": [
    [
      54.052803988829865,
      225.64086103332028
    ],
    [
      56.57515341740233,
      209.23624933419973
    ],
    [
      59.093863149381406,
      192.83107844459425
    ],
    [
      61.60703344169326,
      176.42505811609306
    ],
    [
      64.11085151695282,
      160.01760815847527
    ],
    [
      66.59599792574441,
      143.60732125718195
    ],
    [
      69.03022927499687,
      127.18942396601152
    ],
    [
      71.24122571575877,
      110.74030829034807
    ],
    [
      73.4259849674897,
      94.28743421095324
    ],
    [
      75.73270294617288,
      77.8511272959397
    ]
  ],
  "bboxes": [
    [
      115.4282925863784,
      14.6435345611509,
      13.740781029301928,
      23.817353784123313
    ]
  ],
  "categories": [
    8
  ],
  "control_points": [
    [
      54.052803988829865,
      225.64086103332028
    ],
    [
      76.64875501479301,
      78.76717936455982
    ],
    [
      66.57218225997161,
      142.28012278888866
    ],
    [
      75.73270294617288,
      77.8511272959397
    ]
  ]
}