{
  "image_path": "/home/quynhthu/Documents/AI-project/e2e/data/raw/1604_Color_jpg.rf.490cb9df9cf51c1e621917b8a88cff56.jpg",
  "command": 0,
  "waypoints": [
    [
      58.93841502147054,
      223.80875689608
    ],
    [
      61.14923505195897,
      207.68894921718584
    ],
    [
      63.35619013509789,
      191.5686119555442
    ],
    [
      65.55822399658183,
      175.44760175648494
    ],
    [
      67.75364080605043,
      159.3256891626786
    ],
    [
      69.93970437280595,
      143.20250580969554
    ],
    [
      72.11563206286526,
      127.0779512362869
    ],
    [
      74.37759743714929,
      110.96535028070342
    ],
    [
      76.73679609661822,
      94.8665894421589
    ],
    [
      79.09156053111334,
      78.76717936455982
    ]
  ],
  "bboxes": [
    [
      116.64969534453857,
      14.948885250690942,
      14.962183787462095,
      25.954808610903612
    ]
  ],
  "categories": [
    8
  ],
  "control_points": [
    [
      58.93841502147054,
      223.80875689608
    ],
    [
      78.17550846249323,
      83.6527903972005
    ],
    [
      69.01498777629195,
      147.77643520060943
    ],
    [
      79.09156053111334,
      78.76717936455982
    ]
  ]
}