{
  "image_path": "/home/quynhthu/Documents/AI-project/e2e/data/raw/1604_Color_jpg.rf.7d273399d8f8fd341743a1d40e47bacf_dup1.jpg",
  "command": 1,
  "waypoints": [
    [
      58.93841502147054,
      223.80875689608
    ],
    [
      61.14923505195897,
      207.68894921718584
    ],
    [
      63.35619013509789,
      191.5686119555442
    ],
    [
      65.55822399658183,
      175.44760175648494
    ],
    [
      67.75364080605043,
      159.3256891626786
    ],
    [
      69.93970437280595,
      143.20250580969554
    ],
    [
      72.11563206286526,
      127.0779512362869
    ],
    [
      74.37759743714929,
      110.96535028070342
    ],
    [
      76.73679609661822,
      94.8665894421589
    ],
    [
      79.09156053111334,
      78.76717936455982
    ]
  ],
  "bboxes": [
    [
      115.4282925863784,
      15.559586629771028,
      15.26753447700213,
      22.901301715503187
    ]
  ],
  "categories": [
    8
  ],
  "control_points": [
    [
      58.93841502147054,
      223.80875689608
    ],
    [
      78.17550846249323,
      83.6527903972005
    ],
    [
      69.01498777629195,
      147.77643520060943
    ],
    [
      79.09156053111334,
      78.76717936455982
    ]
  ]
}