{
  "image_path": "/home/quynhthu/Documents/AI-project/e2e/data/raw/1605_Color_jpg.rf.87779d033f27767368c9d6985206347a.jpg",
  "command": 1,
  "waypoints": [
    [
      53.13675192020973,
      223.19805551699994
    ],
    [
      55.92663608224899,
      207.6815444401648
    ],
    [
      58.72996300648807,
      192.16745691834663
    ],
    [
      61.551745899424574,
      176.6567164777927
    ],
    [
      64.40169064247775,
      161.15112865396293
    ],
    [
      67.30141959755748,
      145.6547922554805
    ],
    [
      70.32333994123451,
      130.18182111234134
    ],
    [
      73.40033817012517,
      114.71981382968904
    ],
    [
      76.12756231355735,
      99.19232101363137
    ],
    [
      78.78620984157331,
      83.6527903972005
    ]
  ],
  "bboxes": [
    [
      118.48179948177884,
      16.475638698391155,
      16.488937235162297,
      25.038756542283483
    ]
  ],
  "categories": [
    8
  ],
  "control_points": []
}