{
  "image_path": "/home/quynhthu/Documents/AI-project/e2e/data/raw/1605_Color_jpg.rf.b9bb568327aa216afe74f3e3e92b3e3a_dup1.jpg",
  "command": 2,
  "waypoints": [
    [
      57.451850634706936,
      222.56587303141873
    ],
    [
      59.825435456683174,
      206.7596740238332
    ],
    [
      62.22163802131443,
      190.95688997857798
    ],
    [
      64.65492855858,
      175.15977974026595
    ],
    [
      67.15743562884593,
      159.37350886770218
    ],
    [
      69.79616491722044,
      143.6094315342238
    ],
    [
      72.48237049664613,
      127.85336840752679
    ],
    [
      75.02977302776011,
      112.0742850408168
    ],
    [
      77.49104453695982,
      96.28151440307069
    ],
    [
      79.90765843618493,
      80.48183845768597
    ]
  ],
  "bboxes": [
    [
      118.69496282055601,
      15.972420461565914,
      15.923209168320739,
      25.722109707313688
    ]
  ],
  "categories": [
    8
  ],
  "control_points": []
}