{
  "image_path": "/home/quynhthu/Documents/AI-project/e2e/data/raw/16576ab1-frame_1991_jpg.rf.dd93184bc2a7b2d4b7f838308973fce7.jpg",
  "command": 2,
  "waypoints": [
    [
      87.66511931305915,
      222.97416048709042
    ],
    [
      90.45889046024642,
      205.26235506208818
    ],
    [
      95.37057316077657,
      188.02861108709246
    ],
    [
      102.99086849285945,
      171.82107196859786
    ],
    [
      113.78447082152807,
      157.5434287991796
    ],
    [
      127.63646874901526,
      146.21420581860107
    ],
    [
      143.70689934865598,
      138.32416198109675
    ],
    [
      160.9798807369362,
      133.57107852162818
    ],
    [
      178.75423773628873,
      131.25685356151754
    ],
    [
      196.67785900387048,
      130.70119550529841
    ]
  ],
  "bboxes": [
    [
      197.0861464184428,
      104.16251088664144,
      26.91385358155719,
      46.95305740223925
    ],
    [
      0.16463679064729517,
      185.04655639434395,
      186.7676230791961,
      16.279986515377857
    ]
  ],
  "categories": [
    6,
    7
  ],
  "control_points": []
}