{
  "image_path": "/home/quynhthu/Documents/AI-project/e2e/data/raw/16576ab1-frame_1991_jpg.rf.0fa895c00c924455992792bd59c41925.jpg",
  "command": 1,
  "waypoints": [
    [
      92.15628087335473,
      222.15758557574708
    ],
    [
      89.7739852536996,
      204.99241574484972
    ],
    [
      87.04526823031884,
      187.8801956618737
    ],
    [
      83.26736442727496,
      170.97560873259724
    ],
    [
      77.12729690694955,
      154.8043064555923
    ],
    [
      66.89229130131493,
      140.90291104810925
    ],
    [
      52.570271603117256,
      131.261302902873
    ],
    [
      36.214645718843386,
      125.62812034687435
    ],
    [
      19.176915260677607,
      122.51841729944127
    ],
    [
      1.924762252870452,
      120.90229656917892
    ]
  ],
  "bboxes": [
    [
      195.86128417472582,
      106.20394816499966,
      26.53868194720124,
      40.828745567164574
    ],
    [
      0.0,
      184.5943345466945,
      196.88114051812988,
      16.732208363027297
    ]
  ],
  "categories": [
    6,
    7
  ],
  "control_points": []
}