{
  "image_path": "/home/quynhthu/Documents/AI-project/e2e/data/raw/18413e69-frame_7021_jpg.rf.5717544d2e0400cfa95ec1bbd2551b44_dup1.jpg",
  "command": 1,
  "waypoints": [
    [
      98.11570247933884,
      224.0
    ],
    [
      99.38153829578053,
      203.90897067651966
    ],
    [
      100.70835916371495,
      183.82187763369683
    ],
    [
      102.05474919001048,
      163.73608642489654
    ],
    [
      103.33290470408333,
      143.64590561428213
    ],
    [
      104.34004253588154,
      123.54094804995259
    ],
    [
      104.52680756150843,
      103.41966701901566
    ],
    [
      101.77716379065802,
      83.60582710451091
    ],
    [
      87.58636639495394,
      69.82089225519722
    ],
    [
      67.75537190082645,
      67.01487603305785
    ]
  ],
  "bboxes": [
    [
      182.16198347107436,
      83.67603305785123,
      30.36033057851239,
      31.84132231404959
    ],
    [
      144.02644628099173,
      52.945454545454545,
      10.737190082644616,
      14.0694214876033
    ],
    [
      41.09752066115702,
      118.4793388429752,
      122.18181818181817,
      14.439669421487608
    ]
  ],
  "categories": [
    5,
    6,
    7
  ],
  "control_points": []
}