{
  "image_path": "/home/quynhthu/Documents/AI-project/e2e/data/raw/18413e69-frame_7021_jpg.rf.3a20b95a87e0b30289f586f19947c013.jpg",
  "command": 0,
  "waypoints": [
    [
      100.32202916480128,
      223.7907353984337
    ],
    [
      100.99858719669928,
      210.17851561172705
    ],
    [
      101.67225099608285,
      196.56615230672884
    ],
    [
      102.34225993645966,
      182.95360861409787
    ],
    [
      103.00979944200627,
      169.34094786947935
    ],
    [
      103.73711300962857,
      155.73135799231957
    ],
    [
      104.53153599146309,
      142.125513324457
    ],
    [
      105.31331643474857,
      128.51893151942488
    ],
    [
      106.08668569394804,
      114.9118688517871
    ],
    [
      106.85462779795853,
      101.3044986969399
    ]
  ],
  "bboxes": [
    [
      183.612661737556,
      83.3398506473875,
      29.804981263779894,
      31.029846631045075
    ],
    [
      142.7839202803233,
      53.126578927685685,
      13.881772095459127,
      14.698348404179256
    ],
    [
      39.05571568849442,
      114.49994816103981,
      123.00434256063281,
      21.706648687170485
    ]
  ],
  "categories": [
    5,
    6,
    7
  ],
  "control_points": []
}