{
  "image_path": "/home/quynhthu/Documents/AI-project/e2e/data/raw/18413e69-frame_7021_jpg.rf.5717544d2e0400cfa95ec1bbd2551b44_dup2.jpg",
  "command": 3,
  "waypoints": [
    [
      102.9289256198347,
      223.62975206611569
    ],
    [
      103.92260497993264,
      206.15922875753694
    ],
    [
      104.85245500477781,
      188.68520356368026
    ],
    [
      105.68738324025492,
      171.20640212618108
    ],
    [
      106.3884758876186,
      153.72173482965763
    ],
    [
      106.94699862494689,
      136.23191511825004
    ],
    [
      107.44034244641209,
      118.74011174234141
    ],
    [
      107.96710561543138,
      101.24928548995445
    ],
    [
      108.56267079202209,
      83.76067076249666
    ],
    [
      109.22314049586777,
      66.27438016528926
    ]
  ],
  "bboxes": [
    [
      37.02479338842975,
      117.36859504132231,
      127.73553719008265,
      15.550413223140495
    ],
    [
      184.75371900826445,
      83.67603305785123,
      28.879338842975216,
      32.95206611570248
    ],
    [
      143.65619834710742,
      53.31570247933884,
      11.107438016528931,
      14.439669421487608
    ]
  ],
  "categories": [
    7,
    5,
    6
  ],
  "control_points": []
}