{
  "image_path": "/home/quynhthu/Documents/AI-project/e2e/data/raw/18413e69-frame_7021_jpg.rf.5717544d2e0400cfa95ec1bbd2551b44.jpg",
  "command": 0,
  "waypoints": [
    [
      98.11570247933884,
      224.0
    ],
    [
      99.23877094898927,
      211.16854937812622
    ],
    [
      100.3737227049054,
      198.3381448331143
    ],
    [
      101.52440263607167,
      185.5091417932677
    ],
    [
      102.69637635829551,
      172.68206737462987
    ],
    [
      103.89649450514058,
      159.85759453061561
    ],
    [
      105.08686950237933,
      147.03227784149803
    ],
    [
      106.05661510896394,
      134.1884289519635
    ],
    [
      106.90699865224097,
      121.33604609236446
    ],
    [
      107.74214876033056,
      108.48264462809917
    ]
  ],
  "bboxes": [
    [
      184.75371900826445,
      81.45454545454545,
      28.879338842975216,
      34.06280991735537
    ],
    [
      144.02644628099173,
      52.575206611570245,
      10.36694214876033,
      15.920661157024789
    ],
    [
      41.09752066115702,
      116.62809917355371,
      123.29256198347106,
      20.733884297520675
    ]
  ],
  "categories": [
    5,
    6,
    7
  ],
  "control_points": []
}