{
  "image_path": "/home/quynhthu/Documents/AI-project/e2e/data/raw/1871b40b-frame_1989_jpg.rf.dfe606becfd697695aca169e16df6a4b.jpg",
  "command": 2,
  "waypoints": [
    [
      94.41322314049586,
      224.0
    ],
    [
      95.71325623401157,
      205.2654904371974
    ],
    [
      98.02981150804197,
      186.6341516082224
    ],
    [
      102.38149959840305,
      168.3899671131573
    ],
    [
      110.80840935840418,
      151.69303827566412
    ],
    [
      125.00129347019399,
      139.55545322198756
    ],
    [
      142.55660421094316,
      133.04468342633223
    ],
    [
      161.0292209891034,
      129.73561318707294
    ],
    [
      179.71399665942747,
      127.86851950577335
    ],
    [
      198.45289256198345,
      126.62479338842975
    ]
  ],
  "bboxes": [
    [
      196.60165289256196,
      104.0396694214876,
      25.17685950413224,
      45.17024793388428
    ],
    [
      0.0,
      181.8810034607982,
      196.4289186704805,
      23.063314230118635
    ]
  ],
  "categories": [
    6,
    7
  ],
  "control_points": []
}