{
  "image_path": "/home/quynhthu/Documents/AI-project/e2e/data/raw/18816473-frame_847_jpg.rf.8ba5bd617e712dad3d67f2b93ddf2de4.jpg",
  "command": 1,
  "waypoints": [
    [
      108.48264462809917,
      224.0
    ],
    [
      106.10167452682529,
      204.28050328695392
    ],
    [
      103.04382473990154,
      184.6565044124109
    ],
    [
      98.66756112969793,
      165.29166244406593
    ],
    [
      91.56978581274679,
      146.7874645638534
    ],
    [
      79.2174591954292,
      131.37157509908354
    ],
    [
      61.595936666971284,
      122.41906841641733
    ],
    [
      42.17297149907532,
      118.4106464169823
    ],
    [
      22.412154393041536,
      116.44285021164805
    ],
    [
      2.5917355371900825,
      115.14710743801652
    ]
  ],
  "bboxes": [
    [
      204.37685950413223,
      95.89421487603305,
      18.14214876033057,
      38.50578512396696
    ],
    [
      20.96684178251902,
      160.6265766212771,
      167.32208363027254,
      19.44553944892354
    ]
  ],
  "categories": [
    5,
    7
  ],
  "control_points": []
}