{
  "image_path": "/home/quynhthu/Documents/AI-project/e2e/data/raw/1902_Color_jpg.rf.e5d323178d9d22a34f57da325828077b.jpg",
  "command": 0,
  "waypoints": [
    [
      105.52066115702479,
      222.5190082644628
    ],
    [
      105.18349627710516,
      202.77212419864887
    ],
    [
      104.8138620314508,
      183.0258235089093
    ],
    [
      104.40000264045521,
      163.28040242959634
    ],
    [
      103.9300406551591,
      143.53623577786402
    ],
    [
      103.42985652424856,
      123.79281596072134
    ],
    [
      103.03307334747552,
      104.04707656328604
    ],
    [
      102.79613886696124,
      84.29877008573999
    ],
    [
      102.65339178807892,
      64.54953414835055
    ],
    [
      102.5586776859504,
      44.8
    ]
  ],
  "bboxes": [
    [
      164.7603305785124,
      46.280991735537185,
      23.695867768595036,
      34.06280991735537
    ],
    [
      131.80826446280992,
      25.17685950413223,
      59.98016528925618,
      67.75537190082645
    ]
  ],
  "categories": [
    8,
    3
  ],
  "control_points": []
}