{
  "image_path": "/home/quynhthu/Documents/AI-project/e2e/data/raw/1902_Color_jpg.rf.f16040dd45948489c2fecdf0d1f7de5c_dup3.jpg",
  "command": 2,
  "waypoints": [
    [
      100.33719008264463,
      223.62975206611569
    ],
    [
      100.66629935720844,
      205.28191000918278
    ],
    [
      100.99540863177228,
      186.9340679522499
    ],
    [
      101.32451790633607,
      168.5862258953171
    ],
    [
      101.65362718089992,
      150.23838383838415
    ],
    [
      101.98273645546372,
      131.890541781451
    ],
    [
      102.31184573002753,
      113.54269972451785
    ],
    [
      102.64095500459136,
      95.19485766758471
    ],
    [
      102.9700642791552,
      76.84701561065191
    ],
    [
      103.299173553719,
      58.499173553719004
    ]
  ],
  "bboxes": [
    [
      166.98181818181817,
      47.76198347107438,
      21.47438016528926,
      32.58181818181817
    ],
    [
      133.6595041322314,
      27.768595041322314,
      55.907438016528914,
      63.68264462809917
    ]
  ],
  "categories": [
    8,
    3
  ],
  "control_points": []
}