{
  "image_path": "/home/quynhthu/Documents/AI-project/e2e/data/raw/1902_Color_jpg.rf.f16040dd45948489c2fecdf0d1f7de5c_dup2.jpg",
  "command": 3,
  "waypoints": [
    [
      100.33719008264463,
      223.62975206611569
    ],
    [
      100.66629935720844,
      205.2819100091828
    ],
    [
      100.99540863177228,
      186.9340679522499
    ],
    [
      101.32451790633607,
      168.5862258953171
    ],
    [
      101.65362718089992,
      150.23838383838415
    ],
    [
      101.98273645546372,
      131.89054178145102
    ],
    [
      102.31184573002753,
      113.54269972451789
    ],
    [
      102.64095500459136,
      95.19485766758477
    ],
    [
      102.9700642791552,
      76.84701561065194
    ],
    [
      103.299173553719,
      58.499173553718975
    ]
  ],
  "bboxes": [
    [
      134.4,
      27.768595041322314,
      55.5371900826446,
      65.90413223140496
    ],
    [
      164.7603305785124,
      46.651239669421486,
      26.657851239669412,
      34.06280991735537
    ]
  ],
  "categories": [
    3,
    8
  ],
  "control_points": []
}