{
  "image_path": "/home/quynhthu/Documents/AI-project/e2e/data/raw/1907_Color_jpg.rf.7323ad1292cb019f5ccf290b6cbafa7e_dup1.jpg",
  "command": 1,
  "waypoints": [
    [
      93.67272727272727,
      224.0
    ],
    [
      94.166391184573,
      205.73443526170797
    ],
    [
      94.66005509641874,
      187.46887052341597
    ],
    [
      95.15371900826445,
      169.20330578512397
    ],
    [
      95.6473829201102,
      150.93774104683195
    ],
    [
      96.14104683195592,
      132.67217630853995
    ],
    [
      96.63471074380165,
      114.40661157024793
    ],
    [
      97.12837465564738,
      96.1410468319559
    ],
    [
      97.62203856749312,
      77.87548209366389
    ],
    [
      98.11570247933884,
      59.6099173553719
    ]
  ],
  "bboxes": [
    [
      182.53223140495868,
      76.64132231404959,
      25.91735537190081,
      39.24628099173553
    ],
    [
      136.25123966942147,
      36.65454545454545,
      54.42644628099174,
      77.01157024793389
    ]
  ],
  "categories": [
    8,
    3
  ],
  "control_points": [
    [
      93.67272727272727,
      224.0
    ],
    [
      95.1389090909091,
      169.75127272727272
    ],
    [
      96.6050909090909,
      115.50254545454544
    ],
    [
      98.11570247933884,
      59.6099173553719
    ]
  ]
}