{
  "image_path": "/home/quynhthu/Documents/AI-project/e2e/data/raw/1907_Color_jpg.rf.7323ad1292cb019f5ccf290b6cbafa7e_dup2.jpg",
  "command": 2,
  "waypoints": [
    [
      93.67272727272727,
      224.0
    ],
    [
      94.166391184573,
      205.73443526170792
    ],
    [
      94.66005509641874,
      187.46887052341586
    ],
    [
      95.15371900826445,
      169.20330578512366
    ],
    [
      95.6473829201102,
      150.93774104683166
    ],
    [
      96.14104683195592,
      132.67217630853983
    ],
    [
      96.63471074380165,
      114.406611570248
    ],
    [
      97.12837465564736,
      96.14104683195617
    ],
    [
      97.62203856749312,
      77.87548209366406
    ],
    [
      98.11570247933884,
      59.60991735537193
    ]
  ],
  "bboxes": [
    [
      136.99173553719007,
      37.39504132231405,
      52.57520661157025,
      75.1603305785124
    ],
    [
      184.01322314049585,
      74.0495867768595,
      25.91735537190084,
      42.94876033057851
    ]
  ],
  "categories": [
    3,
    8
  ],
  "control_points": []
}