{
  "image_path": "/home/quynhthu/Documents/AI-project/e2e/data/raw/1907_Color_jpg.rf.aa6dec541e7df4e8b92ab23b4c8d236f_dup1.jpg",
  "command": 3,
  "waypoints": [
    [
      93.67272727272727,
      224.0
    ],
    [
      94.166391184573,
      205.73443526170797
    ],
    [
      94.66005509641874,
      187.46887052341597
    ],
    [
      95.15371900826445,
      169.20330578512397
    ],
    [
      95.6473829201102,
      150.93774104683195
    ],
    [
      96.14104683195592,
      132.67217630853995
    ],
    [
      96.63471074380165,
      114.40661157024793
    ],
    [
      97.12837465564738,
      96.1410468319559
    ],
    [
      97.62203856749312,
      77.87548209366389
    ],
    [
      98.11570247933884,
      59.6099173553719
    ]
  ],
  "bboxes": [
    [
      178.8297520661157,
      75.90082644628099,
      31.10082644628099,
      42.94876033057851
    ],
    [
      133.6595041322314,
      38.50578512396694,
      60.35041322314049,
      75.1603305785124
    ]
  ],
  "categories": [
    8,
    3
  ],
  "control_points": [
    [
      93.67272727272727,
      224.0
    ],
    [
      95.1389090909091,
      169.75127272727272
    ],
    [
      96.6050909090909,
      115.50254545454544
    ],
    [
      98.11570247933884,
      59.6099173553719
    ]
  ]
}