{
  "image_path": "/home/quynhthu/Documents/AI-project/e2e/data/raw/1908_Color_jpg.rf.12f2500246a1af48672f9b0c1810ab75_dup1.jpg",
  "command": 0,
  "waypoints": [
    [
      95.15371900826446,
      223.62975206611569
    ],
    [
      95.48282828282827,
      205.40532598714415
    ],
    [
      95.81193755739211,
      187.18089990817262
    ],
    [
      96.1410468319559,
      168.95647382920112
    ],
    [
      96.47015610651975,
      150.73204775022955
    ],
    [
      96.79926538108357,
      132.50762167125802
    ],
    [
      97.12837465564738,
      114.28319559228649
    ],
    [
      97.45748393021121,
      96.05876951331499
    ],
    [
      97.78659320477502,
      77.83434343434344
    ],
    [
      98.11570247933884,
      59.6099173553719
    ]
  ],
  "bboxes": [
    [
      134.4,
      38.135537190082644,
      62.20165289256195,
      83.67603305785123
    ],
    [
      184.75371900826445,
      87.00826446280992,
      31.471074380165277,
      42.20826446280991
    ]
  ],
  "categories": [
    3,
    8
  ],
  "control_points": [
    [
      95.15371900826446,
      223.62975206611569
    ],
    [
      96.13117355371901,
      169.50320661157022
    ],
    [
      97.10862809917354,
      115.37666115702477
    ],
    [
      98.11570247933884,
      59.6099173553719
    ]
  ]
}