{
  "image_path": "/home/quynhthu/Documents/AI-project/e2e/data/raw/1908_Color_jpg.rf.12f2500246a1af48672f9b0c1810ab75.jpg",
  "command": 1,
  "waypoints": [
    [
      95.15371900826446,
      223.62975206611569
    ],
    [
      95.48282828282827,
      205.4053259871441
    ],
    [
      95.81193755739211,
      187.18089990817248
    ],
    [
      96.1410468319559,
      168.95647382920077
    ],
    [
      96.47015610651975,
      150.73204775022927
    ],
    [
      96.79926538108357,
      132.50762167125794
    ],
    [
      97.12837465564738,
      114.28319559228657
    ],
    [
      97.45748393021121,
      96.05876951331524
    ],
    [
      97.78659320477502,
      77.83434343434364
    ],
    [
      98.11570247933884,
      59.6099173553719
    ]
  ],
  "bboxes": [
    [
      186.97520661157023,
      83.30578512396694,
      29.990082644628103,
      48.502479338842974
    ],
    [
      134.0297520661157,
      38.135537190082644,
      64.05289256198347,
      83.30578512396694
    ]
  ],
  "categories": [
    8,
    3
  ],
  "control_points": []
}