{
  "image_path": "/home/quynhthu/Documents/AI-project/e2e/data/raw/1909_Color_jpg.rf.fb404c0385d053fd13469021f9b7f5f0.jpg",
  "command": 0,
  "waypoints": [
    [
      91.45123966942148,
      222.1487603305785
    ],
    [
      91.7803489439853,
      204.00661157024786
    ],
    [
      92.10945821854912,
      185.86446280991723
    ],
    [
      92.43856749311293,
      167.72231404958646
    ],
    [
      92.76767676767678,
      149.58016528925586
    ],
    [
      93.0967860422406,
      131.43801652892543
    ],
    [
      93.42589531680439,
      113.29586776859503
    ],
    [
      93.75500459136823,
      95.15371900826462
    ],
    [
      94.08411386593205,
      77.0115702479339
    ],
    [
      94.41322314049586,
      58.869421487603304
    ]
  ],
  "bboxes": [
    [
      194.38016528925618,
      98.11570247933884,
      29.619834710743817,
      51.83471074380165
    ],
    [
      135.5107438016529,
      41.09752066115702,
      69.23636363636362,
      88.85950413223141
    ]
  ],
  "categories": [
    8,
    3
  ],
  "control_points": []
}