{
  "image_path": "/home/quynhthu/Documents/AI-project/e2e/data/raw/1912_Color_jpg.rf.cb17f55eb2b50486c20e63201b35cdaa.jpg",
  "command": 1,
  "waypoints": [
    [
      82.19504132231404,
      223.2595041322314
    ],
    [
      83.30578512396693,
      204.58255280073467
    ],
    [
      84.41652892561983,
      185.90560146923792
    ],
    [
      85.52727272727269,
      167.22865013774108
    ],
    [
      86.63801652892565,
      148.55169880624425
    ],
    [
      87.74876033057852,
      129.87474747474735
    ],
    [
      88.85950413223141,
      111.19779614325046
    ],
    [
      89.97024793388431,
      92.52084481175365
    ],
    [
      91.08099173553721,
      73.84389348025708
    ],
    [
      92.19173553719008,
      55.16694214876033
    ]
  ],
  "bboxes": [
    [
      133.6595041322314,
      49.98347107438016,
      77.75206611570246,
      109.96363636363637
    ]
  ],
  "categories": [
    3
  ],
  "control_points": []
}