{
  "image_path": "/home/quynhthu/Documents/AI-project/e2e/data/raw/1917_Color_jpg.rf.a69173cdb82565a5c13b5b9956f20b92.jpg",
  "command": 3,
  "waypoints": [
    [
      76.64132231404959,
      223.62975206611569
    ],
    [
      77.66978879706153,
      205.1584940312213
    ],
    [
      78.69825528007347,
      186.68723599632688
    ],
    [
      79.72672176308538,
      168.2159779614325
    ],
    [
      80.75518824609735,
      149.7447199265381
    ],
    [
      81.78365472910927,
      131.27346189164368
    ],
    [
      82.81212121212121,
      112.80220385674927
    ],
    [
      83.84058769513314,
      94.33094582185488
    ],
    [
      84.86905417814509,
      75.8596877869605
    ],
    [
      85.89752066115702,
      57.38842975206611
    ]
  ],
  "bboxes": [
    [
      135.88099173553718,
      58.869421487603304,
      87.7487603305785,
      144.0264462809917
    ]
  ],
  "categories": [
    3
  ],
  "control_points": [
    [
      76.64132231404959,
      223.62975206611569
    ],
    [
      79.69586776859504,
      168.77011570247933
    ],
    [
      82.7504132231405,
      113.91047933884296
    ],
    [
      85.89752066115702,
      57.38842975206611
    ]
  ]
}