{
  "image_path": "/home/quynhthu/Documents/AI-project/e2e/data/raw/233_jpg.rf.af4fc4c978e8a40bd4990fe7095e533b.jpg",
  "command": 0,
  "waypoints": [
    [
      86.97132564985807,
      216.14608812855406
    ],
    [
      82.14798672932211,
      202.50140058866782
    ],
    [
      77.33224576156896,
      188.8540288986889
    ],
    [
      72.50291710530018,
      175.2114626326615
    ],
    [
      67.61556843200518,
      161.58960141356982
    ],
    [
      62.57132473563396,
      148.02523682210852
    ],
    [
      57.10589371040551,
      134.62650262926158
    ],
    [
      50.282306673052275,
      121.88925544321972
    ],
    [
      38.973959219935914,
      113.33770804231067
    ],
    [
      24.769672757296096,
      110.62542697152928
    ]
  ],
  "bboxes": [],
  "categories": [],
  "control_points": [
    [
      86.97132564985807,
      216.14608812855406
    ],
    [
      49.20603639365973,
      109.51468316987639
    ],
    [
      53.278763666387,
      115.43865011202514
    ],
    [
      24.769672757296096,
      110.62542697152928
    ]
  ]
}