{
  "image_path": "/home/quynhthu/Documents/AI-project/e2e/data/raw/233_jpg.rf.8f8a7b81b48cd7870b109c5a592515c6.jpg",
  "command": 0,
  "waypoints": [
    [
      86.97132564985807,
      216.14608812855406
    ],
    [
      82.15231335921476,
      202.5136504630647
    ],
    [
      77.34090372263718,
      188.87852785652325
    ],
    [
      72.51599948332364,
      175.24817967198885
    ],
    [
      67.63339684303065,
      161.63843229647364
    ],
    [
      62.594932250615535,
      148.0858938055244
    ],
    [
      57.13970882941106,
      134.69875059958576
    ],
    [
      50.35919918055481,
      121.98094672621579
    ],
    [
      38.93086914605706,
      113.31926863888393
    ],
    [
      24.769672757296096,
      110.62542697152928
    ]
  ],
  "bboxes": [],
  "categories": [],
  "control_points": []
}