{
  "image_path": "/home/quynhthu/Documents/AI-project/e2e/data/raw/2340_Color_jpg.rf.1cb5a6c76b8b25db7dfb89a8c2325b43.jpg",
  "command": 0,
  "waypoints": [
    [
      142.878763666387,
      224.2915426740086
    ],
    [
      146.74579764251186,
      206.88988978144664
    ],
    [
      150.61283161863673,
      189.48823688888464
    ],
    [
      154.4798655947616,
      172.08658399632267
    ],
    [
      158.34689957088656,
      154.6849311037607
    ],
    [
      162.21393354701144,
      137.2832782111987
    ],
    [
      166.0809675231363,
      119.88162531863674
    ],
    [
      169.9480014992612,
      102.47997242607478
    ],
    [
      173.81503547538608,
      85.07831953351278
    ],
    [
      177.68206945151098,
      67.67666664095077
    ]
  ],
  "bboxes": [],
  "categories": [],
  "control_points": [
    [
      142.878763666387,
      224.2915426740086
    ],
    [
      154.36385457547792,
      172.6086335830995
    ],
    [
      165.84894548456882,
      120.92572449219043
    ],
    [
      177.68206945151098,
      67.67666664095077
    ]
  ]
}