{
  "image_path": "/home/quynhthu/Documents/AI-project/e2e/data/raw/2341_Color_jpg.rf.72c29115488398917c929b2ddf9fefa4.jpg",
  "command": 3,
  "waypoints": [
    [
      136.21430085646966,
      224.2915426740086
    ],
    [
      139.54653226142833,
      207.0544444187285
    ],
    [
      142.87876366638704,
      189.81734616344843
    ],
    [
      146.21099507134568,
      172.58024790816833
    ],
    [
      149.54322647630443,
      155.34314965288826
    ],
    [
      152.87545788126306,
      138.10605139760818
    ],
    [
      156.20768928622172,
      120.86895314232811
    ],
    [
      159.53992069118044,
      103.63185488704804
    ],
    [
      162.8721520961391,
      86.39475663176798
    ],
    [
      166.20438350109777,
      69.15765837648796
    ]
  ],
  "bboxes": [],
  "categories": [],
  "control_points": [
    [
      136.21430085646966,
      224.2915426740086
    ],
    [
      146.11102812919694,
      173.0973608558268
    ],
    [
      156.00775540192421,
      121.90317903764499
    ],
    [
      166.20438350109777,
      69.15765837648796
    ]
  ]
}