{
  "image_path": "/home/quynhthu/Documents/AI-project/e2e/data/raw/2347_Color_jpg.rf.3e4ada82e5b67d5eaf6dcfb2b483d8af.jpg",
  "command": 0,
  "waypoints": [
    [
      113.6291768895275,
      222.81055093847144
    ],
    [
      115.72724851487186,
      204.83295681542276
    ],
    [
      117.8253201402162,
      186.8553626923741
    ],
    [
      119.92339176556054,
      168.8777685693254
    ],
    [
      122.02146339090494,
      150.90017444627674
    ],
    [
      124.11953501624927,
      132.92258032322806
    ],
    [
      126.21760664159362,
      114.94498620017941
    ],
    [
      128.315678266938,
      96.96739207713075
    ],
    [
      130.41374989228234,
      78.98979795408208
    ],
    [
      132.5118215176267,
      61.01220383103342
    ]
  ],
  "bboxes": [
    [
      163.98289589779193,
      4.7345178806201975,
      12.588429752066133,
      17.031404958677683
    ],
    [
      159.92646170557353,
      3.832818687877059,
      30.279856426482525,
      41.3279121496586
    ]
  ],
  "categories": [
    8,
    3
  ],
  "control_points": [
    [
      113.6291768895275,
      222.81055093847144
    ],
    [
      119.86044961680022,
      169.4170963930169
    ],
    [
      126.09172234407296,
      116.02364184756235
    ],
    [
      132.5118215176267,
      61.01220383103342
    ]
  ]
}