{
  "image_path": "/home/quynhthu/Documents/AI-project/e2e/data/raw/23477e10-frame_1659_jpg.rf.b51ba8333ec6c63580a0030d97ff5713.jpg",
  "command": 2,
  "waypoints": [
    [
      104.00273060853576,
      222.81055093847144
    ],
    [
      105.90336230143164,
      202.5454815487089
    ],
    [
      108.98998428139599,
      182.4313313348237
    ],
    [
      114.06570923990978,
      162.73803997865022
    ],
    [
      122.70316770960369,
      144.37295684640432
    ],
    [
      136.96568963431707,
      130.0111836397985
    ],
    [
      155.75572905676069,
      122.41687194113608
    ],
    [
      175.8820591766877,
      119.55390921126241
    ],
    [
      196.21060789980544,
      118.58313610040321
    ],
    [
      216.5581025093622,
      118.03038564921523
    ]
  ],
  "bboxes": [
    [
      178.42256531927956,
      92.85352614508301,
      23.695867768595065,
      30.36033057851239
    ],
    [
      24.5846165637141,
      152.48658336358815,
      160.53875591553177,
      17.18443021067668
    ]
  ],
  "categories": [
    4,
    7
  ],
  "control_points": []
}