{
  "image_path": "/home/quynhthu/Documents/AI-project/e2e/data/raw/2348_Color_jpg.rf.a219e51bd8bfb965093cc8ed9108f87e.jpg",
  "command": 3,
  "waypoints": [
    [
      105.09537033869972,
      223.15718415537222
    ],
    [
      107.41409808307002,
      205.0165494494165
    ],
    [
      109.7328258274403,
      186.87591474346075
    ],
    [
      112.05155357181054,
      168.735280037505
    ],
    [
      114.3702813161809,
      150.5946453315492
    ],
    [
      116.68900906055116,
      132.45401062559338
    ],
    [
      119.00773680492145,
      114.31337591963754
    ],
    [
      121.32646454929176,
      96.17274121368173
    ],
    [
      123.64519229366202,
      78.03210650772613
    ],
    [
      125.96392003803228,
      59.89147180177041
    ]
  ],
  "bboxes": [
    [
      152.56109122345612,
      11.198189169994436,
      30.279856426482553,
      34.371728916547745
    ],
    [
      159.92646170557353,
      7.1063166799292246,
      8.59293222913692,
      18.822613454299958
    ]
  ],
  "categories": [
    3,
    8
  ],
  "control_points": []
}