{
  "image_path": "/home/quynhthu/Documents/AI-project/e2e/data/raw/2349_Color_jpg.rf.a5685eb0fc18673e607dc0a7c0a87110.jpg",
  "command": 0,
  "waypoints": [
    [
      103.04943409366712,
      221.92962240835266
    ],
    [
      105.18630083847896,
      203.1070089540527
    ],
    [
      107.32316758329077,
      184.28439549975275
    ],
    [
      109.46003432810258,
      165.4617820454528
    ],
    [
      111.59690107291446,
      146.63916859115284
    ],
    [
      113.73376781772627,
      127.81655513685287
    ],
    [
      115.8706345625381,
      108.9939416825529
    ],
    [
      118.00750130734994,
      90.17132822825293
    ],
    [
      120.14436805216177,
      71.34871477395295
    ],
    [
      122.28123479697359,
      52.52610131965303
    ]
  ],
  "bboxes": [],
  "categories": [],
  "control_points": [
    [
      103.04943409366712,
      221.92962240835266
    ],
    [
      109.39592832575825,
      166.02646044908178
    ],
    [
      115.7424225578494,
      110.1232984898109
    ],
    [
      122.28123479697359,
      52.52610131965303
    ]
  ]
}