{
  "image_path": "/home/quynhthu/Documents/AI-project/e2e/data/raw/2351_Color_jpg.rf.5bc5f267d4be4bd2fdb7172aadd10ab2.jpg",
  "command": 0,
  "waypoints": [
    [
      96.23864020805134,
      223.6870229985628
    ],
    [
      98.14818070341511,
      204.81894429437324
    ],
    [
      100.05772119877886,
      185.95086559018367
    ],
    [
      101.96726169414259,
      167.08278688599412
    ],
    [
      103.8768021895064,
      148.21470818180455
    ],
    [
      105.78634268487016,
      129.34662947761498
    ],
    [
      107.69588318023392,
      110.47855077342543
    ],
    [
      109.60542367559768,
      91.61047206923588
    ],
    [
      111.51496417096146,
      72.74239336504631
    ],
    [
      113.42450466632522,
      53.8743146608567
    ]
  ],
  "bboxes": [
    [
      146.97785908485992,
      12.546402511198098,
      12.275617470195641,
      19.231800703306476
    ],
    [
      138.79411410472952,
      10.500466266165489,
      33.144167169528174,
      44.60141014171077
    ]
  ],
  "categories": [
    8,
    3
  ],
  "control_points": [
    [
      96.23864020805134,
      223.6870229985628
    ],
    [
      101.90997547928171,
      167.6488292471198
    ],
    [
      107.5813107505121,
      111.61063549567677
    ],
    [
      113.42450466632522,
      53.8743146608567
    ]
  ]
}