{
  "image_path": "/home/quynhthu/Documents/AI-project/e2e/data/raw/235_jpg.rf.f0498ae2b8e4bebef9c3e75cfa31ae68.jpg",
  "command": 1,
  "waypoints": [
    [
      94.60189121202527,
      217.9584015124715
    ],
    [
      90.68670213480141,
      204.04125434517027
    ],
    [
      86.66342738750787,
      190.15503003518063
    ],
    [
      82.44781107999032,
      176.3261297959348
    ],
    [
      77.91236533976736,
      162.59919110583718
    ],
    [
      72.8548667583409,
      149.0570504588726
    ],
    [
      66.92627284315066,
      135.8769941930802
    ],
    [
      59.478365685215614,
      123.5092966037677
    ],
    [
      49.32789007580029,
      113.31602758534544
    ],
    [
      35.678927355086266,
      108.70540602773048
    ]
  ],
  "bboxes": [],
  "categories": [],
  "control_points": []
}