{
  "image_path": "/home/quynhthu/Documents/AI-project/e2e/data/raw/2360_Color_jpg.rf.c4f741dcc9e63f4f75c36ce6f1e4cbcf.jpg",
  "command": 2,
  "waypoints": [
    [
      60.23016229547751,
      224.09621024756933
    ],
    [
      62.82168153918549,
      205.6827840422759
    ],
    [
      65.41320078289344,
      187.2693578369825
    ],
    [
      68.00472002660139,
      168.8559316316891
    ],
    [
      70.59623927030938,
      150.4425054263957
    ],
    [
      73.18775851401732,
      132.02907922110236
    ],
    [
      75.77927775772527,
      113.615653015809
    ],
    [
      78.37079700143322,
      95.20222681051563
    ],
    [
      80.96231624514122,
      76.78880060522198
    ],
    [
      83.5538354888492,
      58.37537439992842
    ]
  ],
  "bboxes": [
    [
      129.38280737757952,
      46.50894417873932,
      20.05017520131952,
      32.734979920521674
    ],
    [
      116.69800265837739,
      27.686330724439365,
      45.010597390717294,
      63.0148363470042
    ]
  ],
  "categories": [
    8,
    3
  ],
  "control_points": []
}