{
  "image_path": "/home/quynhthu/Documents/AI-project/e2e/data/raw/2360_Color_jpg.rf.f68e11607c354ac6adb5349bf6210054.jpg",
  "command": 0,
  "waypoints": [
    [
      60.23016229547751,
      224.09621024756933
    ],
    [
      62.82168153918549,
      205.6827840422759
    ],
    [
      65.41320078289344,
      187.2693578369825
    ],
    [
      68.00472002660139,
      168.8559316316891
    ],
    [
      70.59623927030938,
      150.4425054263957
    ],
    [
      73.18775851401732,
      132.02907922110236
    ],
    [
      75.77927775772527,
      113.615653015809
    ],
    [
      78.37079700143322,
      95.20222681051563
    ],
    [
      80.96231624514122,
      76.78880060522198
    ],
    [
      83.5538354888492,
      58.37537439992842
    ]
  ],
  "bboxes": [
    [
      129.79199462658605,
      46.0997569297328,
      17.59505170728039,
      32.32579267151514
    ],
    [
      117.1071899073839,
      24.4128327323872,
      45.82897188873032,
      67.92508333508245
    ]
  ],
  "categories": [
    8,
    3
  ],
  "control_points": []
}