{
  "image_path": "/home/quynhthu/Documents/AI-project/e2e/data/raw/2361_Color_jpg.rf.cdfbf0ff7bf9a27f647f5ba5527b2c8c.jpg",
  "command": 0,
  "waypoints": [
    [
      60.23016229547751,
      221.6410867535302
    ],
    [
      63.23086878819201,
      203.8187087968017
    ],
    [
      66.2315752809065,
      185.9963308400732
    ],
    [
      69.23228177362095,
      168.17395288334473
    ],
    [
      72.2329882663355,
      150.35157492661628
    ],
    [
      75.23369475904995,
      132.5291969698879
    ],
    [
      78.23440125176442,
      114.7068190131595
    ],
    [
      81.23510774447891,
      96.8844410564311
    ],
    [
      84.23581423719341,
      79.0620630997025
    ],
    [
      87.2365207299079,
      61.23968514297407
    ]
  ],
  "bboxes": [
    [
      135.52061611267735,
      53.055940162843655,
      22.91448594436517,
      38.05441415760643
    ],
    [
      118.74393890341,
      30.95982871649153,
      53.19434237084769,
      66.28833433905636
    ]
  ],
  "categories": [
    8,
    3
  ],
  "control_points": []
}