{
  "image_path": "/home/quynhthu/Documents/AI-project/e2e/data/raw/2362_Color_jpg.rf.1bccf167c7067045e0ec8359c2653485.jpg",
  "command": 3,
  "waypoints": [
    [
      66.36797103057533,
      223.27783574955632
    ],
    [
      68.55030302527678,
      205.2735967932694
    ],
    [
      70.73263501997822,
      187.2693578369825
    ],
    [
      72.91496701467965,
      169.26511888069555
    ],
    [
      75.09729900938113,
      151.26087992440864
    ],
    [
      77.27963100408256,
      133.2566409681217
    ],
    [
      79.461962998784,
      115.2524020118348
    ],
    [
      81.64429499348545,
      97.24816305554792
    ],
    [
      83.82662698818689,
      79.24392409926102
    ],
    [
      86.00895898288833,
      61.23968514297407
    ]
  ],
  "bboxes": [
    [
      142.06761209678166,
      65.7407448820458,
      22.505298695358675,
      37.64522690859991
    ],
    [
      124.47256038950128,
      31.778203214504572,
      51.14840612581507,
      70.78939407812808
    ]
  ],
  "categories": [
    8,
    3
  ],
  "control_points": [
    [
      66.36797103057533,
      223.27783574955632
    ],
    [
      72.84949705483862,
      169.80524604938418
    ],
    [
      79.33102307910191,
      116.33265634921203
    ],
    [
      86.00895898288833,
      61.23968514297407
    ]
  ]
}