{
  "image_path": "/home/quynhthu/Documents/AI-project/e2e/data/raw/2362_Color_jpg.rf.4ba3dd2300bf3da0ef2c959bf031a753.jpg",
  "command": 1,
  "waypoints": [
    [
      61.457724042497084,
      221.2318995045237
    ],
    [
      64.18563903587389,
      203.45498679768488
    ],
    [
      66.91355402925068,
      185.67807409084608
    ],
    [
      69.64146902262746,
      167.9011613840073
    ],
    [
      72.36938401600432,
      150.12424867716845
    ],
    [
      75.09729900938112,
      132.3473359703295
    ],
    [
      77.82521400275792,
      114.57042326349058
    ],
    [
      80.55312899613476,
      96.79351055665161
    ],
    [
      83.28104398951155,
      79.01659784981284
    ],
    [
      86.00895898288833,
      61.23968514297404
    ]
  ],
  "bboxes": [
    [
      142.06761209678166,
      65.33155763303928,
      22.91448594436517,
      36.417665161580345
    ],
    [
      122.42662414446868,
      33.005764961524136,
      51.96678062382814,
      69.97101958011505
    ]
  ],
  "categories": [
    8,
    3
  ],
  "control_points": []
}