{
  "image_path": "/home/quynhthu/Documents/AI-project/e2e/data/raw/2367_Color_jpg.rf.8f1d0619cf40dd0d2887699ba57c95db_dup1.jpg",
  "command": 3,
  "waypoints": [
    [
      66.77715827958185,
      222.45946125154322
    ],
    [
      69.95972577185479,
      202.72754279945104
    ],
    [
      73.14229326412772,
      182.99562434735884
    ],
    [
      76.32486075640064,
      163.26370589526672
    ],
    [
      79.50742824867362,
      143.5317874431744
    ],
    [
      82.68999574094654,
      123.79986899108209
    ],
    [
      85.87256323321952,
      104.06795053898973
    ],
    [
      89.05513072549245,
      84.33603208689752
    ],
    [
      92.23769821776537,
      64.60411363480544
    ],
    [
      95.42026571003831,
      44.872195182713206
    ]
  ],
  "bboxes": [
    [
      135.92980336168387,
      52.23756566483061,
      74.06289207018025,
      121.93780020394317
    ]
  ],
  "categories": [
    3
  ],
  "control_points": []
}