{
  "image_path": "/home/quynhthu/Documents/AI-project/e2e/data/raw/2370_Color_jpg.rf.b4ea3c52c6de3a462cc9a4b5d1e11bde.jpg",
  "command": 1,
  "waypoints": [
    [
      75.37009050871877,
      221.6410867535302
    ],
    [
      77.73428350297867,
      204.2733612956979
    ],
    [
      80.09847649723856,
      186.9056358378656
    ],
    [
      82.46266949149843,
      169.53791038003328
    ],
    [
      84.82686248575838,
      152.170184922201
    ],
    [
      87.19105548001826,
      134.8024594643686
    ],
    [
      89.55524847427817,
      117.43473400653625
    ],
    [
      91.91944146853807,
      100.06700854870387
    ],
    [
      94.28363446279795,
      82.69928309087162
    ],
    [
      96.64782745705786,
      65.33155763303928
    ]
  ],
  "bboxes": [
    [
      146.15948458684687,
      73.5153026131697,
      77.74557731123897,
      149.76253313638662
    ]
  ],
  "categories": [
    3
  ],
  "control_points": []
}