{
  "image_path": "/home/quynhthu/Documents/AI-project/e2e/data/raw/2371_Color_jpg.rf.2085a974afc38e0c8cc42decfbc8d92a.jpg",
  "command": 0,
  "waypoints": [
    [
      70.05065627163401,
      223.27783574955632
    ],
    [
      72.96043226456928,
      206.18290179106162
    ],
    [
      75.87020825750454,
      189.08796783256696
    ],
    [
      78.77998425043978,
      171.99303387407224
    ],
    [
      81.68976024337508,
      154.8980999155776
    ],
    [
      84.5995362363103,
      137.80316595708302
    ],
    [
      87.50931222924554,
      120.70823199858846
    ],
    [
      90.41908822218079,
      103.61329804009388
    ],
    [
      93.32886421511608,
      86.51836408159913
    ],
    [
      96.23864020805134,
      69.42343012310448
    ]
  ],
  "bboxes": [
    [
      148.20542083187948,
      75.15205160919578,
      74.8812665681933,
      146.48903514433442
    ]
  ],
  "categories": [
    3
  ],
  "control_points": []
}