{
  "image_path": "/home/quynhthu/Documents/AI-project/e2e/data/raw/2373_Color_jpg.rf.111d048ba42c1d31fffd8e64c28e09eb.jpg",
  "command": 0,
  "waypoints": [
    [
      75.662078501004,
      224.43019850446763
    ],
    [
      78.47844125013876,
      206.02996187678724
    ],
    [
      81.29480399927353,
      187.62972524910685
    ],
    [
      84.11116674840824,
      169.22948862142647
    ],
    [
      86.92752949754306,
      150.82925199374606
    ],
    [
      89.74389224667779,
      132.42901536606564
    ],
    [
      92.56025499581254,
      114.02877873838523
    ],
    [
      95.3766177449473,
      95.62854211070479
    ],
    [
      98.19298049408206,
      77.22830548302437
    ],
    [
      101.00934324321682,
      58.82806885534395
    ]
  ],
  "bboxes": [
    [
      155.92841685134456,
      95.58160273155252,
      67.17025156686395,
      127.15877812343425
    ]
  ],
  "categories": [
    3
  ],
  "control_points": []
}