{
  "image_path": "/home/quynhthu/Documents/AI-project/e2e/data/raw/2375_Color_jpg.rf.1217bedf77f93bb46b3e35b753543deb.jpg",
  "command": 0,
  "waypoints": [
    [
      79.88662262470615,
      222.74038085498677
    ],
    [
      82.32747034062294,
      204.80953801882882
    ],
    [
      84.76831805653973,
      186.87869518267087
    ],
    [
      87.20916577245649,
      168.9478523465129
    ],
    [
      89.65001348837335,
      151.0170095103549
    ],
    [
      92.09086120429009,
      133.08616667419693
    ],
    [
      94.5317089202069,
      115.15532383803894
    ],
    [
      96.9725566361237,
      97.22448100188096
    ],
    [
      99.41340435204049,
      79.2936381657231
    ],
    [
      101.85425206795725,
      61.36279532956523
    ]
  ],
  "bboxes": [
    [
      169.02450363482117,
      115.43696011295255,
      57.03134566997883,
      108.99323839151508
    ]
  ],
  "categories": [
    3
  ],
  "control_points": []
}