{
  "image_path": "/home/quynhthu/Documents/AI-project/e2e/data/raw/2375_Color_jpg.rf.d4f70a17fcb467410137253fbd844b52.jpg",
  "command": 0,
  "waypoints": [
    [
      76.50698732574443,
      222.74038085498677
    ],
    [
      79.3233500748792,
      204.9034167771333
    ],
    [
      82.13971282401396,
      187.0664526992798
    ],
    [
      84.9560755731487,
      169.2294886214263
    ],
    [
      87.7724383222835,
      151.39252454357285
    ],
    [
      90.58880107141823,
      133.55556046571945
    ],
    [
      93.40516382055297,
      115.71859638786606
    ],
    [
      96.22152656968773,
      97.88163231001268
    ],
    [
      99.03788931882251,
      80.04466823215917
    ],
    [
      101.85425206795725,
      62.20770415430566
    ]
  ],
  "bboxes": [
    [
      167.75714039771054,
      115.85941452532278,
      56.186436845238376,
      107.72587515440442
    ]
  ],
  "categories": [
    3
  ],
  "control_points": []
}