{
  "image_path": "/home/quynhthu/Documents/AI-project/e2e/data/raw/2376_Color_jpg.rf.d809d5be625043209991640d4a0dfef9.jpg",
  "command": 0,
  "waypoints": [
    [
      84.11116674840828,
      222.74038085498677
    ],
    [
      86.22343881025935,
      204.90341677713332
    ],
    [
      88.33571087211041,
      187.06645269927984
    ],
    [
      90.44798293396146,
      169.22948862142636
    ],
    [
      92.56025499581257,
      151.39252454357293
    ],
    [
      94.67252705766359,
      133.55556046571954
    ],
    [
      96.78479911951466,
      115.71859638786616
    ],
    [
      98.89707118136573,
      97.88163231001276
    ],
    [
      101.00934324321682,
      80.04466823215915
    ],
    [
      103.12161530506788,
      62.20770415430566
    ]
  ],
  "bboxes": [
    [
      131.42606093387218,
      -1.160457701226365,
      8.449088247404262,
      13.096086783476618
    ]
  ],
  "categories": [
    8
  ],
  "control_points": []
}