{
  "image_path": "/home/quynhthu/Documents/AI-project/e2e/data/raw/2376_Color_jpg.rf.1e8818bef301eafc50ab8c5ca2eac285.jpg",
  "command": 0,
  "waypoints": [
    [
      84.11116674840828,
      225.27510732920805
    ],
    [
      86.22343881025935,
      207.1565069764411
    ],
    [
      88.33571087211041,
      189.03790662367413
    ],
    [
      90.44798293396147,
      170.91930627090719
    ],
    [
      92.56025499581256,
      152.8007059181403
    ],
    [
      94.6725270576636,
      134.68210556537343
    ],
    [
      96.78479911951464,
      116.56350521260666
    ],
    [
      98.89707118136572,
      98.44490485983982
    ],
    [
      101.00934324321682,
      80.32630450707265
    ],
    [
      103.12161530506788,
      62.20770415430566
    ]
  ],
  "bboxes": [
    [
      131.42606093387218,
      -2.0053665259667923,
      10.13890589688512,
      12.673632371106404
    ]
  ],
  "categories": [
    8
  ],
  "control_points": []
}