{
  "image_path": "/home/quynhthu/Documents/AI-project/e2e/data/raw/2380_Color_jpg.rf.01b4b48c824b7d37d01cd5c4ae15841d.jpg",
  "command": 0,
  "waypoints": [
    [
      88.33571087211041,
      224.00774409209743
    ],
    [
      90.63574045057047,
      205.9360831184827
    ],
    [
      92.93577002903054,
      187.864422144868
    ],
    [
      95.23579960749055,
      169.79276117125323
    ],
    [
      97.53582918595062,
      151.7211001976386
    ],
    [
      99.83585876441064,
      133.64943922402404
    ],
    [
      102.13588834287071,
      115.57777825040945
    ],
    [
      104.43591792133074,
      97.50611727679487
    ],
    [
      106.73594749979083,
      79.43445630317997
    ],
    [
      109.03597707825087,
      61.36279532956523
    ]
  ],
  "bboxes": [
    [
      139.45269476890624,
      3.9089952472161964,
      11.40626913399575,
      17.320630907178753
    ]
  ],
  "categories": [
    8
  ],
  "control_points": []
}