{
  "image_path": "/home/quynhthu/Documents/AI-project/e2e/data/raw/2380_Color_jpg.rf.83deda6cfa619e75101bfeaab19385c6.jpg",
  "command": 1,
  "waypoints": [
    [
      88.33571087211041,
      224.00774409209743
    ],
    [
      90.63574045057047,
      205.93608311848268
    ],
    [
      92.93577002903054,
      187.86442214486797
    ],
    [
      95.23579960749055,
      169.7927611712532
    ],
    [
      97.53582918595063,
      151.72110019763855
    ],
    [
      99.83585876441066,
      133.64943922402395
    ],
    [
      102.13588834287073,
      115.57777825040934
    ],
    [
      104.43591792133076,
      97.50611727679471
    ],
    [
      106.73594749979084,
      79.43445630317989
    ],
    [
      109.03597707825087,
      61.36279532956523
    ]
  ],
  "bboxes": [
    [
      139.87514918127644,
      3.0640864224757705,
      10.13890589688512,
      16.89817649480854
    ]
  ],
  "categories": [
    8
  ],
  "control_points": []
}