{
  "image_path": "/home/quynhthu/Documents/AI-project/e2e/data/raw/2386_Color_jpg.rf.29c52706f530ee135c50b461dd0667d9.jpg",
  "command": 0,
  "waypoints": [
    [
      98.47461676899553,
      221.0505632055059
    ],
    [
      100.30525255593312,
      202.8850234735867
    ],
    [
      102.13588834287073,
      184.71948374166752
    ],
    [
      103.96652412980828,
      166.5539440097483
    ],
    [
      105.79715991674593,
      148.38840427782915
    ],
    [
      107.62779570368349,
      130.22286454590994
    ],
    [
      109.4584314906211,
      112.0573248139907
    ],
    [
      111.2890672775587,
      93.89178508207151
    ],
    [
      113.11970306449626,
      75.72624535015244
    ],
    [
      114.95033885143386,
      57.56070561823331
    ]
  ],
  "bboxes": [
    [
      150.01405507816156,
      9.823357020399186,
      12.673632371106407,
      24.07990150510217
    ]
  ],
  "categories": [
    8
  ],
  "control_points": []
}