{
  "image_path": "/home/quynhthu/Documents/AI-project/e2e/data/raw/2386_Color_jpg.rf.a975c1d66f54da6d707a7b64a6da89b0.jpg",
  "command": 0,
  "waypoints": [
    [
      98.47461676899553,
      221.0505632055059
    ],
    [
      100.25831317678087,
      202.6033871986733
    ],
    [
      102.04200958456623,
      184.15621119184064
    ],
    [
      103.82570599235156,
      165.70903518500796
    ],
    [
      105.60940240013694,
      147.26185917817529
    ],
    [
      107.39309880792226,
      128.81468317134258
    ],
    [
      109.17679521570763,
      110.36750716450987
    ],
    [
      110.96049162349298,
      91.92033115767715
    ],
    [
      112.74418803127831,
      73.4731551508446
    ],
    [
      114.52788443906364,
      55.025979144012034
    ]
  ],
  "bboxes": [
    [
      147.9017830163105,
      8.978448195658759,
      14.785904432957466,
      22.812538267991528
    ]
  ],
  "categories": [
    8
  ],
  "control_points": []
}