{
  "image_path": "/home/quynhthu/Documents/AI-project/e2e/data/raw/239_jpg.rf.26a59f561c60e762d6e3c8485d2592ac.jpg",
  "command": 1,
  "waypoints": [
    [
      116.2177020885445,
      215.9811102570634
    ],
    [
      114.95698489202059,
      202.4183225836495
    ],
    [
      113.8036874838182,
      188.84597057897793
    ],
    [
      112.73595429695759,
      175.26660106341112
    ],
    [
      111.6933578154908,
      161.68526839652796
    ],
    [
      110.51790908216655,
      148.1150289063878
    ],
    [
      108.74313089766841,
      134.61345442094205
    ],
    [
      104.71866431288875,
      121.65662640361462
    ],
    [
      95.11061730074863,
      112.30109512982935
    ],
    [
      82.42134909892742,
      107.4103262779185
    ]
  ],
  "bboxes": [],
  "categories": [],
  "control_points": [
    [
      116.2177020885445,
      215.9811102570634
    ],
    [
      107.34615942877002,
      124.73095718509725
    ],
    [
      114.52788443906364,
      117.12677776243342
    ],
    [
      82.42134909892742,
      107.4103262779185
    ]
  ]
}