{
  "image_path": "/home/quynhthu/Documents/AI-project/e2e/data/raw/240_jpg.rf.dfb6a63fb87914a6e8caee51c34251d3.jpg",
  "command": 0,
  "waypoints": [
    [
      117.06261091328491,
      212.17902054573145
    ],
    [
      115.80411770868986,
      198.79416641403407
    ],
    [
      114.76326352609397,
      185.39060001684481
    ],
    [
      113.89000046268944,
      171.9749955861283
    ],
    [
      113.05215734178232,
      158.55710753790092
    ],
    [
      111.89370302470564,
      145.1643833967789
    ],
    [
      109.37838746814556,
      131.9757632754819
    ],
    [
      102.91196867263687,
      120.33397042408471
    ],
    [
      91.76721609424654,
      112.97662947230607
    ],
    [
      79.04171379996572,
      108.67768951502913
    ]
  ],
  "bboxes": [],
  "categories": [],
  "control_points": [
    [
      117.06261091328491,
      212.17902054573145
    ],
    [
      109.03597707825087,
      134.02495425724194
    ],
    [
      119.59733738750622,
      119.6615042366547
    ],
    [
      79.04171379996572,
      108.67768951502913
    ]
  ]
}