{
  "image_path": "/home/quynhthu/Documents/AI-project/e2e/data/raw/245_jpg.rf.d3dc51be8cda984465f4f2937261068f.jpg",
  "command": 0,
  "waypoints": [
    [
      122.5545182740977,
      213.44638378284208
    ],
    [
      119.76729583679425,
      197.93479023024554
    ],
    [
      116.63298105967664,
      182.49032456546198
    ],
    [
      112.62605996412219,
      167.2529708641025
    ],
    [
      106.66688678189999,
      152.6887510464983
    ],
    [
      97.10363418743444,
      140.26008259293707
    ],
    [
      83.81270632096907,
      131.9250443255444
    ],
    [
      68.80726991032527,
      127.17781215453218
    ],
    [
      53.29874875733468,
      124.40209626946313
    ],
    [
      37.641181387684796,
      122.6186851232462
    ]
  ],
  "bboxes": [],
  "categories": [],
  "control_points": [
    [
      122.5545182740977,
      213.44638378284208
    ],
    [
      110.30334031536151,
      143.31895132938664
    ],
    [
      105.23388736691895,
      128.95550130879937
    ],
    [
      37.641181387684796,
      122.6186851232462
    ]
  ]
}