{
  "image_path": "/home/quynhthu/Documents/AI-project/e2e/data/raw/246978aa-frame_1679_jpg.rf.504740f134be20cdf7068a310d20ffc9.jpg",
  "command": 1,
  "waypoints": [
    [
      108.61352266588065,
      224.0
    ],
    [
      106.75683808578393,
      203.88587532690659
    ],
    [
      104.43974815477574,
      183.82138055485783
    ],
    [
      100.8004342300271,
      163.9658306986597
    ],
    [
      93.873611919116,
      145.0612889700337
    ],
    [
      80.6470325848122,
      129.95331107858456
    ],
    [
      62.52920537031157,
      121.19699365204818
    ],
    [
      42.954612451233494,
      116.2861322089806
    ],
    [
      23.02758811853562,
      112.99639026641724
    ],
    [
      2.9999195733272854,
      110.36750716451
    ]
  ],
  "bboxes": [
    [
      180.00831835644672,
      90.51214978310996,
      22.390083855621327,
      33.37389857724686
    ],
    [
      21.87128547781779,
      153.84324890653633,
      166.86986178262313,
      15.827764667728502
    ]
  ],
  "categories": [
    4,
    7
  ],
  "control_points": []
}