{
  "image_path": "/home/quynhthu/Documents/AI-project/e2e/data/raw/253_jpg.rf.96f37e8c64d81564123a49790a0ac811_dup1.jpg",
  "command": 1,
  "waypoints": [
    [
      68.05789907834017,
      213.8688381952123
    ],
    [
      62.48447200285159,
      204.84553399418698
    ],
    [
      56.66171214246457,
      195.98130693282832
    ],
    [
      50.5118261501134,
      187.34130937937223
    ],
    [
      43.92418952437694,
      179.03134286180284
    ],
    [
      36.73653928386989,
      171.23715204871502
    ],
    [
      28.73727759747018,
      164.2849040703314
    ],
    [
      19.75330763303164,
      158.6746049580769
    ],
    [
      9.902436334154746,
      154.77984911966118
    ],
    [
      -0.37971572563442163,
      152.1904939891611
    ]
  ],
  "bboxes": [],
  "categories": [],
  "control_points": [
    [
      68.05789907834017,
      213.8688381952123
    ],
    [
      36.79627256294436,
      161.90694547367602
    ],
    [
      20.743004892876254,
      156.83749252523347
    ],
    [
      -0.37971572563442163,
      152.1904939891611
    ]
  ]
}