{
  "image_path": "/home/quynhthu/Documents/AI-project/e2e/data/raw/255_jpg.rf.399ff9113fd1fd77d5f929b5d93cb210.jpg",
  "command": 0,
  "waypoints": [
    [
      68.05789907834017,
      213.8688381952123
    ],
    [
      61.704190147961526,
      206.7194587258091
    ],
    [
      55.19480794357389,
      199.711625643334
    ],
    [
      48.501519852401536,
      192.87939266322553
    ],
    [
      41.5869778404762,
      186.27145975680457
    ],
    [
      34.40046840645967,
      179.96094988888854
    ],
    [
      26.872986661927907,
      174.06257556913403
    ],
    [
      18.909905001345383,
      168.7701490076976
    ],
    [
      10.400692328849138,
      164.41871176724973
    ],
    [
      1.3101019238464338,
      161.4844910613058
    ]
  ],
  "bboxes": [],
  "categories": [],
  "control_points": [
    [
      68.05789907834017,
      213.8688381952123
    ],
    [
      30.88191078976138,
      171.20094254582077
    ],
    [
      12.293916645471983,
      164.01921753552708
    ],
    [
      1.3101019238464338,
      161.4844910613058
    ]
  ]
}