{
  "image_path": "/home/quynhthu/Documents/AI-project/e2e/data/raw/257_jpg.rf.7e6bda93ba1467d0ec2d4a9f3cf9f41e.jpg",
  "command": 0,
  "waypoints": [
    [
      71.43753437730187,
      215.13620143232296
    ],
    [
      65.03842928839046,
      207.6299830592591
    ],
    [
      58.343732389951576,
      200.38708391480452
    ],
    [
      51.264822707257686,
      193.52016446702154
    ],
    [
      43.72642193847165,
      187.1618024698293
    ],
    [
      35.74803548988989,
      181.36420817762087
    ],
    [
      27.497257916909103,
      175.95929536274525
    ],
    [
      19.19954624839785,
      170.62603881909143
    ],
    [
      11.012195838905468,
      165.12524544677947
    ],
    [
      2.9999195733272854,
      159.3722189994548
    ]
  ],
  "bboxes": [],
  "categories": [],
  "control_points": []
}