{
  "image_path": "/home/quynhthu/Documents/AI-project/e2e/data/raw/257_jpg.rf.1305eb857f9604b7eedbfb6cd3d26e8d.jpg",
  "command": 0,
  "waypoints": [
    [
      71.43753437730187,
      215.13620143232296
    ],
    [
      65.03849961601269,
      207.63006223600223
    ],
    [
      58.34371110927347,
      200.38706208470836
    ],
    [
      51.26474407231207,
      193.52009319991038
    ],
    [
      43.72644486063781,
      187.16182039182533
    ],
    [
      35.74818401828722,
      181.36431051067967
    ],
    [
      27.49725712840606,
      175.95929485143125
    ],
    [
      19.199438417533287,
      170.62596802747646
    ],
    [
      11.01205333363231,
      165.12514653696627
    ],
    [
      2.9999195733272854,
      159.3722189994548
    ]
  ],
  "bboxes": [],
  "categories": [],
  "control_points": [
    [
      71.43753437730187,
      215.13620143232296
    ],
    [
      43.555543160867785,
      181.3398484427059
    ],
    [
      32.57172843924223,
      181.3398484427059
    ],
    [
      2.9999195733272854,
      159.3722189994548
    ]
  ]
}