{
  "image_path": "/home/quynhthu/Documents/AI-project/e2e/data/raw/258_jpg.rf.ed0ffec7802df047c3939284ee607b3b.jpg",
  "command": 0,
  "waypoints": [
    [
      60.453719655676316,
      213.8688381952123
    ],
    [
      55.698391200177895,
      205.80210375654679
    ],
    [
      50.41404535905205,
      198.0732583354324
    ],
    [
      44.429519350162174,
      190.87530067431973
    ],
    [
      37.707990409154974,
      184.36001888683955
    ],
    [
      30.446054510314493,
      178.44904395216545
    ],
    [
      22.933148637735847,
      172.85801602391666
    ],
    [
      15.37374677127239,
      167.32967045492703
    ],
    [
      7.870470541123206,
      161.72552388725688
    ],
    [
      0.46519309910600604,
      155.99258370049304
    ]
  ],
  "bboxes": [],
  "categories": [],
  "control_points": [
    [
      60.453719655676316,
      213.8688381952123
    ],
    [
      43.555543160867785,
      183.45212050455694
    ],
    [
      32.57172843924223,
      181.3398484427059
    ],
    [
      0.4651930991060061,
      155.99258370049304
    ]
  ]
}