{
  "image_path": "/home/quynhthu/Documents/AI-project/e2e/data/raw/2607_Color_jpg.rf.363a325fa44133a236c41e13f5880806.jpg",
  "command": 0,
  "waypoints": [
    [
      119.174882975136,
      223.5852896797272
    ],
    [
      122.6875721515613,
      207.6235877308624
    ],
    [
      126.25146168445045,
      191.67325466218617
    ],
    [
      129.92010712624992,
      175.74672316818288
    ],
    [
      133.7532488587117,
      159.85903958785332
    ],
    [
      137.81883397850928,
      144.0293442519808
    ],
    [
      142.19979042104282,
      128.28418834187718
    ],
    [
      147.00004702669844,
      112.66207508544757
    ],
    [
      152.35817820706845,
      97.22300155397613
    ],
    [
      158.46314332556585,
      82.06306153570573
    ]
  ],
  "bboxes": [
    [
      200.70858456258722,
      4.753904071956624,
      24.502355917472357,
      34.641261814357506
    ]
  ],
  "categories": [
    3
  ],
  "control_points": []
}