{
  "image_path": "/home/quynhthu/Documents/AI-project/e2e/data/raw/2608_Color_jpg.rf.87f009780f26607f091cca9090844178.jpg",
  "command": 0,
  "waypoints": [
    [
      108.61352266588065,
      224.00774409209743
    ],
    [
      111.62481156787638,
      207.5594861718841
    ],
    [
      114.93596098460245,
      191.1691379039758
    ],
    [
      118.5852084418049,
      174.85080658218465
    ],
    [
      122.60896599743958,
      158.62082713007277
    ],
    [
      127.03099290843309,
      142.4948415403689
    ],
    [
      131.8549720882844,
      126.48448400539256
    ],
    [
      137.05501390925804,
      110.59220532287665
    ],
    [
      142.5725113584995,
      94.80720910484959
    ],
    [
      148.32423742868073,
      79.10588064911423
    ]
  ],
  "bboxes": [
    [
      186.76758895437015,
      3.0640864224757705,
      24.079901505102185,
      31.261626515395793
    ]
  ],
  "categories": [
    3
  ],
  "control_points": []
}