{
  "image_path": "/home/quynhthu/Documents/AI-project/e2e/data/raw/2608_Color_jpg.rf.e4d44baf5458e67bae89802f742636d8.jpg",
  "command": 0,
  "waypoints": [
    [
      108.61352266588065,
      224.00774409209743
    ],
    [
      111.62479536491982,
      207.55957025765068
    ],
    [
      114.93594779734681,
      191.16919981835323
    ],
    [
      118.58519800964412,
      174.8508507921801
    ],
    [
      122.60895824740274,
      158.62085679120113
    ],
    [
      127.03098695967782,
      142.4948621959101
    ],
    [
      131.8549684728875,
      126.48449550095204
    ],
    [
      137.05501363759734,
      110.5922061251466
    ],
    [
      142.5725170221325,
      94.80719327570442
    ],
    [
      148.32423742868073,
      79.10588064911423
    ]
  ],
  "bboxes": [],
  "categories": [],
  "control_points": [
    [
      108.61352266588065,
      224.00774409209743
    ],
    [
      119.59733738750622,
      161.06203664893565
    ],
    [
      132.27096975861264,
      122.19623071087598
    ],
    [
      148.32423742868073,
      79.1058806491142
    ]
  ]
}