{
  "image_path": "/home/quynhthu/Documents/AI-project/e2e/data/raw/2620_Color_jpg.rf.ae4d3ddab449026d58fd5c6b9483dc67.jpg",
  "command": 0,
  "waypoints": [
    [
      76.92944173811465,
      221.89547203024634
    ],
    [
      79.8396832455539,
      204.19932608984965
    ],
    [
      82.74992475299314,
      186.503180149453
    ],
    [
      85.66016626043235,
      168.80703420905633
    ],
    [
      88.57040776787163,
      151.1108882686596
    ],
    [
      91.48064927531087,
      133.41474232826283
    ],
    [
      94.39089078275012,
      115.71859638786606
    ],
    [
      97.30113229018939,
      98.02245044746931
    ],
    [
      100.21137379762864,
      80.32630450707258
    ],
    [
      103.12161530506788,
      62.63015856667587
    ]
  ],
  "bboxes": [
    [
      136.91796829468495,
      12.358083494620466,
      11.828723546366007,
      18.587994144289397
    ],
    [
      133.11587858335304,
      10.2458114327694,
      30.41671769065536,
      43.090350061761775
    ]
  ],
  "categories": [
    8,
    3
  ],
  "control_points": []
}