{
  "image_path": "/home/quynhthu/Documents/AI-project/e2e/data/raw/2624_Color_jpg.rf.bf77e2d8196fd66432e96ea721954360.jpg",
  "command": 0,
  "waypoints": [
    [
      54.96181229486354,
      223.5852896797272
    ],
    [
      58.482265731282,
      205.18505305204673
    ],
    [
      62.00271916770045,
      186.7848164243663
    ],
    [
      65.52317260411887,
      168.38457979668584
    ],
    [
      69.04362604053738,
      149.98434316900543
    ],
    [
      72.56407947695577,
      131.58410654132513
    ],
    [
      76.08453291337422,
      113.18386991364476
    ],
    [
      79.60498634979263,
      94.78363328596448
    ],
    [
      83.1254397862111,
      76.38339665828398
    ],
    [
      86.64589322262955,
      57.98316003060353
    ]
  ],
  "bboxes": [
    [
      122.9769726864679,
      23.34189821624602,
      13.096086783476622,
      22.39008385562131
    ],
    [
      118.32997415039557,
      17.849990855433248,
      34.21880740198728,
      44.35771329887241
    ]
  ],
  "categories": [
    8,
    3
  ],
  "control_points": []
}