{
  "image_path": "/home/quynhthu/Documents/AI-project/e2e/data/raw/2626_Color_jpg.rf.2d846eb96df2598368e35d9d2554e3f9.jpg",
  "command": 0,
  "waypoints": [
    [
      46.090269635089065,
      223.5852896797272
    ],
    [
      49.657662450659764,
      204.9034167771333
    ],
    [
      53.22505526623045,
      186.2215438745394
    ],
    [
      56.79244808180112,
      167.53967097194553
    ],
    [
      60.35984089737184,
      148.8577980693517
    ],
    [
      63.92723371294249,
      130.17592516675788
    ],
    [
      67.49462652851317,
      111.4940522641641
    ],
    [
      71.06201934408384,
      92.81217936157032
    ],
    [
      74.62941215965456,
      74.13030645897626
    ],
    [
      78.19680497522528,
      55.44843355638224
    ]
  ],
  "bboxes": [
    [
      116.2177020885445,
      29.256259989429008,
      15.630813257697909,
      25.769719154583026
    ],
    [
      114.52788443906364,
      18.694899680173663,
      35.90862505146815,
      51.96189272153627
    ]
  ],
  "categories": [
    8,
    3
  ],
  "control_points": []
}