{
  "image_path": "/home/quynhthu/Documents/AI-project/e2e/data/raw/2629_Color_jpg.rf.f7e1abdcedc2ce96da2c7576ef5744f2.jpg",
  "command": 3,
  "waypoints": [
    [
      44.48237786028705,
      222.12874790159353
    ],
    [
      47.09521520226128,
      205.2457989226832
    ],
    [
      49.708052544235485,
      188.3628499437729
    ],
    [
      52.32088988620968,
      171.47990096486265
    ],
    [
      54.93372722818392,
      154.59695198595236
    ],
    [
      57.54656457015814,
      137.71400300704187
    ],
    [
      60.159401912132395,
      120.83105402813136
    ],
    [
      62.77223925410664,
      103.94810504922086
    ],
    [
      65.38507659608086,
      87.06515607031041
    ],
    [
      67.99791393805509,
      70.18220709140006
    ]
  ],
  "bboxes": [
    [
      110.50676761709731,
      33.10001558415047,
      16.73220836302724,
      28.03775455426188
    ],
    [
      106.88899283590222,
      18.628916459370146,
      38.89107889784712,
      61.95439312796577
    ]
  ],
  "categories": [
    8,
    3
  ],
  "control_points": []
}