{
  "image_path": "/home/quynhthu/Documents/AI-project/e2e/data/raw/2629_Color_jpg.rf.386223d3ceecaa9b39c4f5947b510211.jpg",
  "command": 0,
  "waypoints": [
    [
      44.48237786028705,
      222.12874790159353
    ],
    [
      46.994721458339214,
      206.35123010582598
    ],
    [
      49.50706505639136,
      190.57371231005843
    ],
    [
      52.01940865444352,
      174.79619451429082
    ],
    [
      54.531752252495714,
      159.01867671852324
    ],
    [
      57.04409585054781,
      143.24115892275591
    ],
    [
      59.55643944859993,
      127.46364112698859
    ],
    [
      62.06878304665206,
      111.68612333122128
    ],
    [
      64.58112664470417,
      95.90860553545396
    ],
    [
      67.09347024275631,
      80.13108773968654
    ]
  ],
  "bboxes": [
    [
      111.41121131239606,
      34.004459279449236,
      15.375542820079104,
      24.419979773066814
    ],
    [
      106.43677098825283,
      17.272250916421985,
      37.08219150724959,
      60.59772758501762
    ]
  ],
  "categories": [
    8,
    3
  ],
  "control_points": []
}