{
  "image_path": "/home/quynhthu/Documents/AI-project/e2e/data/raw/2871_Color_jpg.rf.2c8e45f9c39ca52451d59f3eaaf4b468.jpg",
  "command": 0,
  "waypoints": [
    [
      47.3576328721997,
      226.1200161539485
    ],
    [
      52.80260085386024,
      208.04835518033383
    ],
    [
      58.24756883552077,
      189.97669420671912
    ],
    [
      63.69253681718127,
      171.90503323310443
    ],
    [
      69.13750479884185,
      153.83337225948975
    ],
    [
      74.58247278050237,
      135.76171128587504
    ],
    [
      80.0274407621629,
      117.69005031226035
    ],
    [
      85.47240874382341,
      99.61838933864567
    ],
    [
      90.91737672548395,
      81.54672836503099
    ],
    [
      96.36234470714447,
      63.4750673914163
    ]
  ],
  "bboxes": [
    [
      130.58115210913175,
      0.9518143606247023,
      38.86580593805965,
      20.277811793770248
    ]
  ],
  "categories": [
    3
  ],
  "control_points": [
    [
      47.3576328721997,
      226.1200161539485
    ],
    [
      63.52918777773148,
      172.4471830623129
    ],
    [
      79.70074268326326,
      118.77434997067725
    ],
    [
      96.36234470714447,
      63.4750673914163
    ]
  ]
}