{
  "image_path": "/home/quynhthu/Documents/AI-project/e2e/data/raw/2872_Color_jpg.rf.66b7f6fa9345516977d3d540a7bcbf74.jpg",
  "command": 3,
  "waypoints": [
    [
      59.18635641856568,
      222.74038085498677
    ],
    [
      64.30274874616049,
      205.0911742937423
    ],
    [
      69.4191410737553,
      187.44196773249783
    ],
    [
      74.53553340135005,
      169.79276117125337
    ],
    [
      79.65192572894492,
      152.1435546100089
    ],
    [
      84.76831805653975,
      134.49434804876432
    ],
    [
      89.88471038413458,
      116.84514148751973
    ],
    [
      95.0011027117294,
      99.19593492627517
    ],
    [
      100.11749503932418,
      81.5467283650309
    ],
    [
      105.23388736691896,
      63.89752180378648
    ]
  ],
  "bboxes": [
    [
      141.5649668307573,
      1.3742687729949168,
      39.71071476280008,
      20.277811793770244
    ]
  ],
  "categories": [
    3
  ],
  "control_points": []
}