{
  "image_path": "/home/quynhthu/Documents/AI-project/e2e/data/raw/2878_Color_jpg.rf.537c5a3b55607b8963a17857365ad927.jpg",
  "command": 0,
  "waypoints": [
    [
      101.85425206795725,
      222.74038085498677
    ],
    [
      104.99919047115773,
      204.52790174391532
    ],
    [
      108.1441288743582,
      186.3154226328439
    ],
    [
      111.28906727755866,
      168.10294352177246
    ],
    [
      114.43400568075918,
      149.89046441070107
    ],
    [
      117.57894408395966,
      131.67798529962965
    ],
    [
      120.72388248716011,
      113.46550618855824
    ],
    [
      123.8688208903606,
      95.25302707748682
    ],
    [
      127.01375929356107,
      77.04054796641535
    ],
    [
      130.15869769676155,
      58.82806885534395
    ]
  ],
  "bboxes": [
    [
      163.5325962740084,
      5.176358484326838,
      13.518541195846865,
      21.545175030880888
    ],
    [
      167.75714039771054,
      3.4865408348459823,
      44.780167711242626,
      32.951444164876655
    ]
  ],
  "categories": [
    8,
    3
  ],
  "control_points": []
}