{
  "image_path": "/home/quynhthu/Documents/AI-project/e2e/data/raw/2878_Color_jpg.rf.423ee5d0b9d6cac4a89814fd92e20749.jpg",
  "command": 0,
  "waypoints": [
    [
      101.85425206795725,
      222.74038085498677
    ],
    [
      104.99919047115773,
      204.52790174391535
    ],
    [
      108.1441288743582,
      186.3154226328439
    ],
    [
      111.28906727755866,
      168.1029435217725
    ],
    [
      114.43400568075918,
      149.89046441070107
    ],
    [
      117.57894408395966,
      131.67798529962965
    ],
    [
      120.72388248716011,
      113.46550618855822
    ],
    [
      123.8688208903606,
      95.25302707748682
    ],
    [
      127.01375929356107,
      77.04054796641537
    ],
    [
      130.15869769676155,
      58.82806885534395
    ]
  ],
  "bboxes": [
    [
      165.64486833585948,
      5.598812896697051,
      46.892439773093685,
      30.839172103025586
    ],
    [
      163.5325962740084,
      4.753904071956624,
      13.096086783476636,
      19.43290296902982
    ]
  ],
  "categories": [
    3,
    8
  ],
  "control_points": [
    [
      101.85425206795725,
      222.74038085498677
    ],
    [
      111.19471912546267,
      168.64931789510464
    ],
    [
      120.53518618296809,
      114.55825493522251
    ],
    [
      130.15869769676155,
      58.82806885534395
    ]
  ]
}