{
  "image_path": "/home/quynhthu/Documents/AI-project/e2e/data/raw/2880230c-frame_139_jpg.rf.a961e359209446a23ee075342cef1aba.jpg",
  "command": 2,
  "waypoints": [
    [
      92.13780058344233,
      224.0
    ],
    [
      96.4535286576032,
      205.83348585923898
    ],
    [
      102.53156125459296,
      188.18676939343982
    ],
    [
      111.02204960597558,
      171.5767159281138
    ],
    [
      122.43108335239148,
      156.83204398588705
    ],
    [
      136.7861047705702,
      144.94411296044765
    ],
    [
      153.387940047967,
      136.45835642146892
    ],
    [
      171.25571925561772,
      131.09113337597006
    ],
    [
      189.6835420232825,
      128.12082769934202
    ],
    [
      208.31276398525105,
      126.84322924694831
    ]
  ],
  "bboxes": [
    [
      190.99213307807227,
      90.08969537073975,
      29.14935445354473,
      38.86580593805962
    ],
    [
      4.6868552671411505,
      169.67101357426483,
      188.1242886221443,
      22.611092382469252
    ]
  ],
  "categories": [
    10,
    7
  ],
  "control_points": []
}