{
  "image_path": "/home/quynhthu/Documents/AI-project/e2e/data/raw/2887_Color_jpg.rf.20662db9824b2819aa3584a5c24497b4.jpg",
  "command": 0,
  "waypoints": [
    [
      103.21728068131826,
      221.98826422708922
    ],
    [
      104.20300764351542,
      203.58802759940878
    ],
    [
      105.18873460571258,
      185.18779097172833
    ],
    [
      106.17446156790973,
      166.78755434404792
    ],
    [
      107.16018853010694,
      148.38731771636748
    ],
    [
      108.14591549230411,
      129.98708108868703
    ],
    [
      109.13164245450126,
      111.58684446100659
    ],
    [
      110.11736941669844,
      93.18660783332614
    ],
    [
      111.1030963788956,
      74.78637120564588
    ],
    [
      112.08882334109275,
      56.38613457796552
    ]
  ],
  "bboxes": [
    [
      165.74053371210988,
      39.48795808315698,
      20.70026620614044,
      29.99426327828516
    ],
    [
      146.30763074308004,
      13.718238928573966,
      60.41098096894052,
      36.33107946383836
    ]
  ],
  "categories": [
    8,
    3
  ],
  "control_points": []
}