{
  "image_path": "/home/quynhthu/Documents/AI-project/e2e/data/raw/2889_Color_jpg.rf.6d60617cf0cbc5ccabe31626dc43d583.jpg",
  "command": 0,
  "waypoints": [
    [
      87.16401301125015,
      224.5229907013105
    ],
    [
      88.33749749005631,
      205.74723904041215
    ],
    [
      89.51098196886245,
      186.97148737951383
    ],
    [
      90.68446644766856,
      168.19573571861545
    ],
    [
      91.85795092647476,
      149.41998405771702
    ],
    [
      93.0314354052809,
      130.64423239681852
    ],
    [
      94.20491988408705,
      111.86848073592002
    ],
    [
      95.3784043628932,
      93.0927290750216
    ],
    [
      96.55188884169934,
      74.31697741412336
    ],
    [
      97.72537332050548,
      55.54122575322507
    ]
  ],
  "bboxes": [
    [
      157.7138998770758,
      49.62686398004211,
      24.924810329842614,
      37.17598828857877
    ],
    [
      132.36663513486297,
      14.140693340944177,
      65.90288832975332,
      38.44335152568943
    ]
  ],
  "categories": [
    8,
    3
  ],
  "control_points": []
}