{
  "image_path": "/home/quynhthu/Documents/AI-project/e2e/data/raw/2890_Color_jpg.rf.b675c46ad9e027aa674868c2f3c4d539.jpg",
  "command": 0,
  "waypoints": [
    [
      80.82719682569694,
      223.25562746419985
    ],
    [
      82.18843882111207,
      204.43293642414918
    ],
    [
      83.54968081652721,
      185.6102453840985
    ],
    [
      84.91092281194233,
      166.78755434404778
    ],
    [
      86.27216480735751,
      147.96486330399722
    ],
    [
      87.6334068027726,
      129.14217226394672
    ],
    [
      88.99464879818771,
      110.31948122389623
    ],
    [
      90.35589079360285,
      91.49679018384566
    ],
    [
      91.717132789018,
      72.67409914379488
    ],
    [
      93.07837478443314,
      53.85140810374424
    ]
  ],
  "bboxes": [
    [
      156.86899105233536,
      58.92086105218681,
      24.079901505102185,
      40.555623587540495
    ],
    [
      129.83190866064172,
      21.322418351237808,
      65.05797950501287,
      33.79635298961708
    ]
  ],
  "categories": [
    8,
    3
  ],
  "control_points": []
}