{
  "image_path": "/home/quynhthu/Documents/AI-project/e2e/data/raw/2892_Color_jpg.rf.ee87c5eb662870c04a8d96ffe0df598e.jpg",
  "command": 0,
  "waypoints": [
    [
      71.53319975355224,
      221.1433554023488
    ],
    [
      73.1291386447286,
      202.27372498314597
    ],
    [
      74.72507753590497,
      183.40409456394312
    ],
    [
      76.3210164270813,
      164.5344641447402
    ],
    [
      77.9169553182577,
      145.66483372553728
    ],
    [
      79.51289420943407,
      126.79520330633433
    ],
    [
      81.10883310061044,
      107.92557288713137
    ],
    [
      82.70477199178681,
      89.05594246792852
    ],
    [
      84.30071088296314,
      70.18631204872585
    ],
    [
      85.8966497741395,
      51.31668162952296
    ]
  ],
  "bboxes": [
    [
      156.44653663996516,
      75.81903754699535,
      29.14935445354473,
      48.58225742257454
    ],
    [
      124.34000129982894,
      21.74487276360802,
      69.70497804108524,
      41.82298682465114
    ]
  ],
  "categories": [
    8,
    3
  ],
  "control_points": []
}