{
  "image_path": "/home/quynhthu/Documents/AI-project/e2e/data/raw/2893_Color_jpg.rf.693ec92baf9574f234e05fc90f71d6ea.jpg",
  "command": 3,
  "waypoints": [
    [
      63.50656591851819,
      221.1433554023488
    ],
    [
      65.38414108460803,
      202.36760374145035
    ],
    [
      67.26171625069789,
      183.59185208055194
    ],
    [
      69.1392914167877,
      164.81610041965357
    ],
    [
      71.01686658287754,
      146.04034875875527
    ],
    [
      72.89444174896738,
      127.26459709785698
    ],
    [
      74.7720169150572,
      108.4888454369587
    ],
    [
      76.64959208114703,
      89.71309377606036
    ],
    [
      78.52716724723692,
      70.93734211516167
    ],
    [
      80.40474241332673,
      52.16159045426333
    ]
  ],
  "bboxes": [
    [
      122.22772923797785,
      22.589781588348448,
      67.17025156686395,
      43.93525888650221
    ],
    [
      156.86899105233536,
      90.60494197995281,
      38.02089711331922,
      53.2292559586469
    ]
  ],
  "categories": [
    3,
    8
  ],
  "control_points": []
}