{
  "image_path": "/home/quynhthu/Documents/AI-project/e2e/data/raw/2896118ae1ba55e40cab3_jpg.rf.48fbc9078a3c36d7162384dce3d14fb7.jpg",
  "command": 3,
  "waypoints": [
    [
      173.7671675471439,
      217.34126569101687
    ],
    [
      173.67328878883944,
      198.00224148029156
    ],
    [
      173.5794100305349,
      178.66321726956625
    ],
    [
      173.4855312722304,
      159.32419305884093
    ],
    [
      173.39165251392598,
      139.9851688481156
    ],
    [
      173.29777375562148,
      120.64614463739031
    ],
    [
      173.20389499731695,
      101.30712042666495
    ],
    [
      173.11001623901248,
      81.96809621593961
    ],
    [
      173.01613748070795,
      62.62907200521429
    ],
    [
      172.92225872240348,
      43.29004779448891
    ]
  ],
  "bboxes": [],
  "categories": [],
  "control_points": [
    [
      173.7671675471439,
      217.34126569101687
    ],
    [
      173.48834763497956,
      159.90436378516264
    ],
    [
      173.20952772281524,
      102.46746187930842
    ],
    [
      172.92225872240348,
      43.29004779448891
    ]
  ]
}