{
  "image_path": "/home/quynhthu/Documents/AI-project/e2e/data/raw/289_Color_jpg.rf.83db3f425f1e0a9603afa725bcda867b.jpg",
  "command": 3,
  "waypoints": [
    [
      82.939468887548,
      220.29844657760836
    ],
    [
      84.20683212465865,
      200.39614981705608
    ],
    [
      85.47419536176928,
      180.4938530565038
    ],
    [
      86.7415585988799,
      160.5915562959515
    ],
    [
      88.00892183599059,
      140.68925953539923
    ],
    [
      89.2762850731012,
      120.78696277484694
    ],
    [
      90.54364831021184,
      100.88466601429465
    ],
    [
      91.8110115473225,
      80.98236925374233
    ],
    [
      93.07837478443315,
      61.080072493190066
    ],
    [
      94.34573802154377,
      41.17777573263784
    ]
  ],
  "bboxes": [],
  "categories": [],
  "control_points": [
    [
      82.939468887548,
      220.29844657760836
    ],
    [
      86.7035377017666,
      161.18862519876808
    ],
    [
      90.46760651598521,
      102.07880381992783
    ],
    [
      94.34573802154377,
      41.17777573263784
    ]
  ]
}