{
  "image_path": "/home/quynhthu/Documents/AI-project/e2e/data/raw/2904_Color_jpg.rf.322af91d3f3518cbd8a745f624e4cebc.jpg",
  "command": 0,
  "waypoints": [
    [
      94.19907376630181,
      223.03171535784205
    ],
    [
      95.98277017408715,
      203.59881238881218
    ],
    [
      97.76646658187254,
      184.16590941978234
    ],
    [
      99.55016298965784,
      164.73300645075244
    ],
    [
      101.33385939744322,
      145.30010348172272
    ],
    [
      103.11755580522853,
      125.86720051269303
    ],
    [
      104.90125221301386,
      106.43429754366333
    ],
    [
      106.68494862079923,
      87.00139457463347
    ],
    [
      108.46864502858458,
      67.56849160560343
    ],
    [
      110.25234143636992,
      48.13558863657367
    ]
  ],
  "bboxes": [
    [
      147.0058753125785,
      11.804509172735312,
      13.096086783476608,
      24.924810329842597
    ],
    [
      177.00013859086363,
      80.24212397670989,
      46.047530948353284,
      98.00942366988953
    ]
  ],
  "categories": [
    8,
    3
  ],
  "control_points": []
}