{
  "image_path": "/home/quynhthu/Documents/AI-project/e2e/data/raw/2905_Color_jpg.rf.b6b7af9ca58806e1c54163e5921d73b7.jpg",
  "command": 0,
  "waypoints": [
    [
      99.26852671474437,
      222.60926094547182
    ],
    [
      101.00528374337748,
      203.5988123888122
    ],
    [
      102.74204077201057,
      184.5883638321526
    ],
    [
      104.47879780064365,
      165.577915275493
    ],
    [
      106.21555482927678,
      146.56746671883346
    ],
    [
      107.95231185790986,
      127.55701816217392
    ],
    [
      109.68906888654296,
      108.54656960551438
    ],
    [
      111.42582591517606,
      89.53612104885478
    ],
    [
      113.1625829438092,
      70.525672492195
    ],
    [
      114.89933997244228,
      51.5152239355354
    ]
  ],
  "bboxes": [
    [
      151.65287384865084,
      14.339235646956594,
      13.940995608217037,
      25.3472647422128
    ],
    [
      183.75940918878706,
      97.98520929625886,
      40.13316917517028,
      97.16451484514909
    ]
  ],
  "categories": [
    8,
    3
  ],
  "control_points": []
}