{
  "image_path": "/home/quynhthu/Documents/AI-project/e2e/data/raw/2906_Color_jpg.rf.6f943821262d3b6247755ec93f695b2c.jpg",
  "command": 3,
  "waypoints": [
    [
      98.42361789000394,
      223.03171535784205
    ],
    [
      100.25425367694153,
      203.97432742203026
    ],
    [
      102.08488946387911,
      184.91693948621844
    ],
    [
      103.91552525081669,
      165.8595515504067
    ],
    [
      105.7461610377543,
      146.8021636145948
    ],
    [
      107.57679682469191,
      127.74477567878283
    ],
    [
      109.4074326116295,
      108.68738774297081
    ],
    [
      111.23806839856711,
      89.62999980715891
    ],
    [
      113.0687041855047,
      70.57261187134712
    ],
    [
      114.89933997244228,
      51.515223935535374
    ]
  ],
  "bboxes": [
    [
      149.96305619916998,
      12.649417997475739,
      18.58799414428941,
      31.261626515395797
    ]
  ],
  "categories": [
    8
  ],
  "control_points": []
}