{
  "image_path": "/home/quynhthu/Documents/AI-project/e2e/data/raw/2906_Color_jpg.rf.e3662c135a73ee8232931fe3f8dab812.jpg",
  "command": 0,
  "waypoints": [
    [
      98.42361789000394,
      223.03171535784205
    ],
    [
      100.25425367694153,
      203.9743274220302
    ],
    [
      102.08488946387912,
      184.91693948621835
    ],
    [
      103.9155252508167,
      165.8595515504065
    ],
    [
      105.74616103775432,
      146.80216361459466
    ],
    [
      107.57679682469191,
      127.74477567878279
    ],
    [
      109.40743261162949,
      108.68738774297097
    ],
    [
      111.2380683985671,
      89.62999980715911
    ],
    [
      113.06870418550469,
      70.57261187134723
    ],
    [
      114.89933997244228,
      51.515223935535374
    ]
  ],
  "bboxes": [
    [
      151.65287384865084,
      17.7188709459183,
      16.053267670068095,
      24.079901505102168
    ]
  ],
  "categories": [
    8
  ],
  "control_points": [
    [
      98.42361789000394,
      223.03171535784205
    ],
    [
      103.8606061772086,
      166.43127318848084
    ],
    [
      109.29759446441324,
      109.83083101911964
    ],
    [
      114.89933997244228,
      51.515223935535374
    ]
  ]
}