{
  "image_path": "/home/quynhthu/Documents/AI-project/e2e/data/raw/2907_Color_jpg.rf.2c35f92746b3888eaccd44dcc68d6236.jpg",
  "command": 0,
  "waypoints": [
    [
      102.22570760133586,
      226.41135065680376
    ],
    [
      104.05634338827345,
      207.26008396268745
    ],
    [
      105.88697917521104,
      188.10881726857113
    ],
    [
      107.7176149621486,
      168.95755057445473
    ],
    [
      109.54825074908625,
      149.80628388033833
    ],
    [
      111.37888653602383,
      130.65501718622187
    ],
    [
      113.20952232296145,
      111.5037504921054
    ],
    [
      115.04015810989902,
      92.35248379798905
    ],
    [
      116.8707938968366,
      73.20121710387296
    ],
    [
      118.70142968377418,
      54.049950409756654
    ]
  ],
  "bboxes": [
    [
      157.56723562183385,
      18.98623418302894,
      16.053267670068095,
      27.037082391693666
    ]
  ],
  "categories": [
    8
  ],
  "control_points": []
}