{
  "image_path": "/home/quynhthu/Documents/AI-project/e2e/data/raw/2907_Color_jpg.rf.4a81e6af8510820e31f83e46bb993413.jpg",
  "command": 1,
  "waypoints": [
    [
      102.64816201370607,
      223.87662418258247
    ],
    [
      104.43185842149141,
      205.00699376337957
    ],
    [
      106.21555482927677,
      186.13736334417663
    ],
    [
      107.9992512370621,
      167.2677329249737
    ],
    [
      109.7829476448475,
      148.3981025057709
    ],
    [
      111.5666440526328,
      129.52847208656814
    ],
    [
      113.35034046041812,
      110.65884166736544
    ],
    [
      115.13403686820348,
      91.7892112481626
    ],
    [
      116.91773327598885,
      72.91958082895954
    ],
    [
      118.70142968377418,
      54.049950409756654
    ]
  ],
  "bboxes": [
    [
      157.14478120946362,
      18.56377977065873,
      18.165539731919182,
      28.726900041174513
    ]
  ],
  "categories": [
    8
  ],
  "control_points": []
}