{
  "image_path": "/home/quynhthu/Documents/AI-project/e2e/data/raw/2908_Color_jpg.rf.b2592c01a56b31c32ac7b0fad43b9b18.jpg",
  "command": 2,
  "waypoints": [
    [
      103.91552525081671,
      222.60926094547182
    ],
    [
      105.55840352114532,
      203.88044866372573
    ],
    [
      107.20128179147392,
      185.15163638197967
    ],
    [
      108.8441600618025,
      166.42282410023353
    ],
    [
      110.48703833213115,
      147.69401181848735
    ],
    [
      112.12991660245974,
      128.9651995367411
    ],
    [
      113.77279487278834,
      110.23638725499488
    ],
    [
      115.41567314311699,
      91.50757497324868
    ],
    [
      117.05855141344557,
      72.77876269150276
    ],
    [
      118.70142968377418,
      54.049950409756654
    ]
  ],
  "bboxes": [
    [
      161.36932533316573,
      18.56377977065873,
      15.630813257697895,
      27.037082391693655
    ]
  ],
  "categories": [
    8
  ],
  "control_points": []
}