{
  "image_path": "/home/quynhthu/Documents/AI-project/e2e/data/raw/2908_Color_jpg.rf.5135792e9e0d1af9dddd3725f4098e64.jpg",
  "command": 1,
  "waypoints": [
    [
      103.91552525081671,
      222.60926094547182
    ],
    [
      105.55840352114532,
      203.88044866372576
    ],
    [
      107.20128179147392,
      185.15163638197967
    ],
    [
      108.8441600618025,
      166.42282410023356
    ],
    [
      110.48703833213115,
      147.69401181848738
    ],
    [
      112.12991660245974,
      128.96519953674115
    ],
    [
      113.77279487278834,
      110.23638725499495
    ],
    [
      115.41567314311699,
      91.50757497324874
    ],
    [
      117.05855141344557,
      72.77876269150276
    ],
    [
      118.70142968377418,
      54.049950409756654
    ]
  ],
  "bboxes": [
    [
      160.5244165084253,
      20.676051832509796,
      16.475722082438324,
      27.459536804063877
    ]
  ],
  "categories": [
    8
  ],
  "control_points": []
}