{
  "image_path": "/home/quynhthu/Documents/AI-project/e2e/data/raw/2914_Color_jpg.rf.a1607055ca5fd690d4a9507afb290bd8.jpg",
  "command": 0,
  "waypoints": [
    [
      120.70082644628098,
      223.2595041322314
    ],
    [
      121.2356290174472,
      205.44646464646465
    ],
    [
      121.77043158861342,
      187.6334251606979
    ],
    [
      122.30523415977959,
      169.82038567493112
    ],
    [
      122.84003673094585,
      152.00734618916434
    ],
    [
      123.37483930211204,
      134.19430670339756
    ],
    [
      123.90964187327823,
      116.38126721763084
    ],
    [
      124.44444444444446,
      98.5682277318641
    ],
    [
      124.97924701561065,
      80.75518824609733
    ],
    [
      125.51404958677685,
      62.942148760330575
    ]
  ],
  "bboxes": [
    [
      189.9371900826446,
      44.8,
      22.955371900826464,
      34.06280991735537
    ]
  ],
  "categories": [
    8
  ],
  "control_points": [
    [
      120.70082644628098,
      223.2595041322314
    ],
    [
      122.28919008264462,
      170.3547768595041
    ],
    [
      123.87755371900826,
      117.45004958677686
    ],
    [
      125.51404958677685,
      62.942148760330575
    ]
  ]
}