{
  "image_path": "/home/quynhthu/Documents/AI-project/e2e/data/raw/2915_Color_jpg.rf.b5a2c9a9105e3e73d4187b3a4e2c5b4a.jpg",
  "command": 0,
  "waypoints": [
    [
      120.70082644628098,
      223.2595041322314
    ],
    [
      121.64701561065198,
      205.73443526170794
    ],
    [
      122.59320477502294,
      188.20936639118446
    ],
    [
      123.5393939393939,
      170.68429752066106
    ],
    [
      124.48558310376495,
      153.1592286501377
    ],
    [
      125.4317722681359,
      135.63415977961438
    ],
    [
      126.37796143250686,
      118.1090909090911
    ],
    [
      127.32415059687786,
      100.5840220385678
    ],
    [
      128.27033976124883,
      83.05895316804414
    ],
    [
      129.21652892561983,
      65.53388429752066
    ]
  ],
  "bboxes": [
    [
      196.60165289256196,
      52.204958677685944,
      23.32561983471075,
      37.02479338842975
    ]
  ],
  "categories": [
    8
  ],
  "control_points": []
}