{
  "image_path": "/home/quynhthu/Documents/AI-project/e2e/data/raw/2916_Color_jpg.rf.5c335358b735385908aeae58e22d7d41.jpg",
  "command": 0,
  "waypoints": [
    [
      121.07107438016529,
      222.5190082644628
    ],
    [
      122.14067952249772,
      204.9939393939394
    ],
    [
      123.21028466483013,
      187.46887052341597
    ],
    [
      124.27988980716252,
      169.94380165289255
    ],
    [
      125.34949494949498,
      152.41873278236915
    ],
    [
      126.41910009182736,
      134.89366391184572
    ],
    [
      127.48870523415977,
      117.36859504132234
    ],
    [
      128.55831037649222,
      99.84352617079891
    ],
    [
      129.6279155188246,
      82.3184573002755
    ],
    [
      130.69752066115703,
      64.79338842975206
    ]
  ],
  "bboxes": [],
  "categories": [],
  "control_points": [
    [
      121.07107438016529,
      222.5190082644628
    ],
    [
      124.24780165289256,
      170.46955371900825
    ],
    [
      127.42452892561984,
      118.4200991735537
    ],
    [
      130.69752066115703,
      64.79338842975206
    ]
  ]
}