{
  "image_path": "/home/quynhthu/Documents/AI-project/e2e/data/raw/303e9683-frame_1377_jpg.rf.cd640559808bb4780d4f0e8d08d1c390.jpg",
  "command": 1,
  "waypoints": [
    [
      110.70413223140496,
      221.7785123966942
    ],
    [
      109.85565632811466,
      201.70595252450934
    ],
    [
      107.37743783305588,
      181.77667058423353
    ],
    [
      102.29003783216628,
      162.36632875029687
    ],
    [
      93.09850242807299,
      144.56765274504903
    ],
    [
      78.79174997060262,
      130.5769022586297
    ],
    [
      60.82699942729614,
      121.70636254548717
    ],
    [
      41.388001208097805,
      116.71101197349432
    ],
    [
      21.49955435142558,
      113.89729539515247
    ],
    [
      1.4809917355371898,
      112.18512396694214
    ]
  ],
  "bboxes": [
    [
      187.34545454545454,
      93.67272727272727,
      21.844628099173548,
      28.8793388429752
    ],
    [
      34.98571905964996,
      148.8688085823931,
      153.75542820079096,
      20.349983144222364
    ]
  ],
  "categories": [
    4,
    7
  ],
  "control_points": []
}