{
  "image_path": "/home/quynhthu/Documents/AI-project/e2e/data/raw/311_jpg.rf.72db9d31bf2be90fa4f90e9a1744df99.jpg",
  "command": 2,
  "waypoints": [
    [
      114.40661157024793,
      213.26280991735536
    ],
    [
      124.71866288253686,
      204.89972632494954
    ],
    [
      135.06395582118128,
      196.57813864834836
    ],
    [
      145.78796753337673,
      188.7554319594428
    ],
    [
      157.21385832038254,
      182.0071127911861
    ],
    [
      169.3285881844813,
      176.5898527661584
    ],
    [
      181.8915676433887,
      172.3044072692587
    ],
    [
      194.70114676709886,
      168.81765312731048
    ],
    [
      207.64559938290625,
      165.8671251597539
    ],
    [
      220.6677685950413,
      163.2793388429752
    ]
  ],
  "bboxes": [],
  "categories": [],
  "control_points": [
    [
      114.40661157024793,
      213.26280991735536
    ],
    [
      147.7289256198347,
      186.60495867768594
    ],
    [
      155.50413223140495,
      175.497520661157
    ],
    [
      220.6677685950413,
      163.2793388429752
    ]
  ]
}