{
  "image_path": "/home/quynhthu/Documents/AI-project/e2e/data/raw/314_jpg.rf.63c272768ce29105659c892fda0ba7be.jpg",
  "command": 2,
  "waypoints": [
    [
      138.47272727272727,
      214.37355371900824
    ],
    [
      146.08231106279172,
      206.61439724107314
    ],
    [
      154.3998156744343,
      199.6208058133348
    ],
    [
      163.3420467726319,
      193.44427176270577
    ],
    [
      172.73650672779806,
      187.97714930212464
    ],
    [
      182.426038135739,
      183.0496749502133
    ],
    [
      192.30378923952347,
      178.51000475010852
    ],
    [
      202.30343096686627,
      174.244890481084
    ],
    [
      212.38373124476232,
      170.17375697625477
    ],
    [
      222.5190082644628,
      166.24132231404957
    ]
  ],
  "bboxes": [],
  "categories": [],
  "control_points": [
    [
      138.47272727272727,
      214.37355371900824
    ],
    [
      155.13388429752064,
      195.86115702479339
    ],
    [
      174.01652892561984,
      184.75371900826445
    ],
    [
      222.5190082644628,
      166.24132231404957
    ]
  ]
}