{
  "image_path": "/home/quynhthu/Documents/AI-project/e2e/data/raw/316_jpg.rf.cdc3209f32d32e9b6253216d4d056e14.jpg",
  "command": 0,
  "waypoints": [
    [
      159.57685950413222,
      215.11404958677684
    ],
    [
      165.79983344260023,
      208.5756690188572
    ],
    [
      172.2481949758761,
      202.25880261272405
    ],
    [
      178.85134541984328,
      196.10376566161003
    ],
    [
      185.5854541047749,
      190.09225258171165
    ],
    [
      192.44680441555073,
      184.22641732742488
    ],
    [
      199.445860955417,
      178.52571151520914
    ],
    [
      206.61115017067965,
      173.035719991335
    ],
    [
      214.00469448503634,
      167.85834315462083
    ],
    [
      221.7785123966942,
      163.2793388429752
    ]
  ],
  "bboxes": [],
  "categories": [],
  "control_points": [
    [
      159.57685950413222,
      215.11404958677684
    ],
    [
      173.64628099173552,
      199.56363636363636
    ],
    [
      205.48760330578511,
      171.42479338842975
    ],
    [
      221.7785123966942,
      163.2793388429752
    ]
  ]
}