{
  "image_path": "/home/quynhthu/Documents/AI-project/e2e/data/raw/317_jpg.rf.62d907eb818d45e0fb46815fd70d6456.jpg",
  "command": 0,
  "waypoints": [
    [
      159.57685950413222,
      215.11404958677684
    ],
    [
      165.6916479316227,
      208.69028070317123
    ],
    [
      172.03747756738082,
      202.49404169433114
    ],
    [
      178.55237024563482,
      196.4756734612416
    ],
    [
      185.218679073739,
      190.62546099387814
    ],
    [
      192.03905298063697,
      184.95569850681431
    ],
    [
      199.03351916989402,
      179.5023956056146
    ],
    [
      206.2451280284381,
      174.3403903305008
    ],
    [
      213.76060608782498,
      169.63458339763633
    ],
    [
      221.7785123966942,
      165.87107438016528
    ]
  ],
  "bboxes": [],
  "categories": [],
  "control_points": [
    [
      159.57685950413222,
      215.11404958677684
    ],
    [
      173.64628099173552,
      199.56363636363636
    ],
    [
      205.48760330578511,
      171.42479338842975
    ],
    [
      221.7785123966942,
      165.87107438016528
    ]
  ]
}