{
  "image_path": "/home/quynhthu/Documents/AI-project/e2e/data/raw/319ecbd6-frame_1415_jpg.rf.bf056f65a3e8ca5656ecdf3a34b6f940.jpg",
  "command": 3,
  "waypoints": [
    [
      118.1090909090909,
      221.7785123966942
    ],
    [
      118.68503213957759,
      210.46538108356293
    ],
    [
      119.26097337006429,
      199.1522497704317
    ],
    [
      119.83691460055091,
      187.83911845730043
    ],
    [
      120.41285583103765,
      176.52598714416914
    ],
    [
      120.9887970615243,
      165.2128558310378
    ],
    [
      121.564738292011,
      153.89972451790644
    ],
    [
      122.14067952249769,
      142.58659320477506
    ],
    [
      122.71662075298438,
      131.27346189164368
    ],
    [
      123.29256198347106,
      119.96033057851238
    ]
  ],
  "bboxes": [
    [
      180.31074380165288,
      84.04628099173553,
      19.99338842975206,
      29.619834710743802
    ],
    [
      42.67349046968951,
      134.39770945761276,
      143.8065475525045,
      18.541095753624802
    ]
  ],
  "categories": [
    4,
    7
  ],
  "control_points": []
}