{
  "image_path": "/home/quynhthu/Documents/AI-project/e2e/data/raw/32645a42-frame_7301_jpg.rf.6d911c5b134da240b20cfab08ee9ae91_dup1.jpg",
  "command": 1,
  "waypoints": [
    [
      118.4793388429752,
      222.5190082644628
    ],
    [
      117.51406359743349,
      200.39899351581008
    ],
    [
      116.70805176280592,
      178.27250911737602
    ],
    [
      115.7959477735505,
      156.15034644138058
    ],
    [
      114.12826258560305,
      134.07551184796438
    ],
    [
      109.88317824803958,
      112.38281809724823
    ],
    [
      98.2818830850091,
      93.86627605772944
    ],
    [
      78.4302243990829,
      84.52255690526985
    ],
    [
      56.550349348891345,
      81.29401963259728
    ],
    [
      34.43305785123967,
      80.34380165289255
    ]
  ],
  "bboxes": [
    [
      130.69752066115703,
      49.24297520661157,
      10.36694214876033,
      13.328925619834706
    ],
    [
      163.2793388429752,
      64.79338842975206,
      16.661157024793397,
      21.844628099173562
    ]
  ],
  "categories": [
    6,
    6
  ],
  "control_points": [
    [
      118.4793388429752,
      222.5190082644628
    ],
    [
      112.55537190082644,
      102.5586776859504
    ],
    [
      124.03305785123966,
      81.82479338842975
    ],
    [
      34.43305785123967,
      80.34380165289255
    ]
  ]
}