{
  "image_path": "/home/quynhthu/Documents/AI-project/e2e/data/raw/32645a42-frame_7301_jpg.rf.6d911c5b134da240b20cfab08ee9ae91.jpg",
  "command": 0,
  "waypoints": [
    [
      116.99834710743801,
      222.1487603305785
    ],
    [
      116.95720844811754,
      209.93057851239678
    ],
    [
      116.91606978879706,
      197.71239669421507
    ],
    [
      116.87493112947655,
      185.49421487603328
    ],
    [
      116.83379247015611,
      173.2760330578514
    ],
    [
      116.7926538108356,
      161.05785123966953
    ],
    [
      116.75151515151512,
      148.83966942148766
    ],
    [
      116.71037649219465,
      136.62148760330578
    ],
    [
      116.66923783287417,
      124.40330578512389
    ],
    [
      116.62809917355371,
      112.18512396694214
    ]
  ],
  "bboxes": [
    [
      164.7603305785124,
      64.79338842975206,
      15.550413223140481,
      19.623140495867773
    ],
    [
      131.06776859504131,
      49.61322314049586,
      9.626446280991729,
      12.58842975206612
    ]
  ],
  "categories": [
    6,
    8
  ],
  "control_points": []
}