{
  "image_path": "/home/quynhthu/Documents/AI-project/e2e/data/raw/32645a42-frame_7301_jpg.rf.9057694cdbd31e74c0bc0c2f260188cd.jpg",
  "command": 3,
  "waypoints": [
    [
      116.99834710743801,
      222.1487603305785
    ],
    [
      116.38126721763085,
      205.07621671258036
    ],
    [
      115.76418732782369,
      188.00367309458218
    ],
    [
      115.14710743801649,
      170.93112947658398
    ],
    [
      114.53002754820938,
      153.8585858585858
    ],
    [
      113.9129476584022,
      136.7860422405876
    ],
    [
      113.29586776859503,
      119.71349862258941
    ],
    [
      112.67878787878787,
      102.64095500459122
    ],
    [
      112.0617079889807,
      85.56841138659318
    ],
    [
      111.44462809917354,
      68.49586776859503
    ]
  ],
  "bboxes": [
    [
      129.95702479338843,
      51.09421487603306,
      10.36694214876033,
      10.36694214876033
    ],
    [
      165.87107438016528,
      65.90413223140496,
      12.218181818181819,
      19.62314049586776
    ]
  ],
  "categories": [
    8,
    6
  ],
  "control_points": []
}