{
  "image_path": "/home/quynhthu/Documents/AI-project/e2e/data/raw/32645a42-frame_7301_jpg.rf.9057694cdbd31e74c0bc0c2f260188cd_dup2.jpg",
  "command": 3,
  "waypoints": [
    [
      114.77685950413222,
      221.7785123966942
    ],
    [
      114.24205693296602,
      204.9116620752985
    ],
    [
      113.70725436179981,
      188.0448117539028
    ],
    [
      113.1724517906336,
      171.17796143250717
    ],
    [
      112.63764921946742,
      154.3111111111115
    ],
    [
      112.10284664830117,
      137.44426078971554
    ],
    [
      111.56804407713497,
      120.57741046831957
    ],
    [
      111.03324150596876,
      103.71056014692361
    ],
    [
      110.49843893480258,
      86.84370982552781
    ],
    [
      109.96363636363635,
      69.97685950413222
    ]
  ],
  "bboxes": [
    [
      131.80826446280992,
      50.35371900826446,
      7.7752066115702405,
      11.847933884297518
    ],
    [
      164.0198347107438,
      65.53388429752066,
      13.699173553718992,
      18.51239669421487
    ]
  ],
  "categories": [
    8,
    6
  ],
  "control_points": []
}