{
  "image_path": "/home/quynhthu/Documents/AI-project/e2e/data/raw/33112bf1-frame_2497_jpg.rf.46ee152dd88fdb0c7208961e0de3a0ce.jpg",
  "command": 3,
  "waypoints": [
    [
      98.85619834710744,
      223.62975206611569
    ],
    [
      99.34986225895318,
      211.65840220385678
    ],
    [
      99.84352617079891,
      199.68705234159788
    ],
    [
      100.3371900826446,
      187.71570247933894
    ],
    [
      100.83085399449038,
      175.74435261707995
    ],
    [
      101.32451790633608,
      163.77300275482096
    ],
    [
      101.81818181818181,
      151.80165289256198
    ],
    [
      102.31184573002754,
      139.83030303030299
    ],
    [
      102.80550964187329,
      127.858953168044
    ],
    [
      103.299173553719,
      115.88760330578512
    ]
  ],
  "bboxes": [
    [
      191.4181818181818,
      95.89421487603305,
      27.7685950413223,
      40.727272727272734
    ],
    [
      18.25351069662271,
      153.39102705888695,
      160.08653406788238,
      15.375542820079119
    ]
  ],
  "categories": [
    8,
    7
  ],
  "control_points": []
}