{
  "image_path": "/home/quynhthu/Documents/AI-project/e2e/data/raw/338_jpg.rf.e4a4335f432024613d1318cdeae5cb77.jpg",
  "command": 0,
  "waypoints": [
    [
      149.9504132231405,
      213.26280991735536
    ],
    [
      156.99669981930992,
      206.74408111734977
    ],
    [
      164.05608934167984,
      200.23955819815234
    ],
    [
      171.1798973133282,
      193.80580604433501
    ],
    [
      178.48999503972897,
      187.5857009500175
    ],
    [
      186.25290594352148,
      181.94832018747786
    ],
    [
      194.77378867749104,
      177.5563940948478
    ],
    [
      203.87779053707243,
      174.53028007331883
    ],
    [
      213.1791727059742,
      172.15995797694987
    ],
    [
      222.5190082644628,
      169.94380165289255
    ]
  ],
  "bboxes": [],
  "categories": [],
  "control_points": [
    [
      149.9504132231405,
      213.26280991735536
    ],
    [
      189.19669421487603,
      176.9785123966942
    ],
    [
      186.60495867768594,
      178.4595041322314
    ],
    [
      222.5190082644628,
      169.94380165289255
    ]
  ]
}