{
  "image_path": "/home/quynhthu/Documents/AI-project/e2e/data/raw/3632799b-frame_461_jpg.rf.4ca59482221679a5e7dc72e945ceb765.jpg",
  "command": 0,
  "waypoints": [
    [
      107.74214876033056,
      223.2595041322314
    ],
    [
      108.07125803489438,
      213.5507805325987
    ],
    [
      108.40036730945822,
      203.842056932966
    ],
    [
      108.72947658402201,
      194.13333333333327
    ],
    [
      109.05858585858587,
      184.42460973370052
    ],
    [
      109.38769513314968,
      174.71588613406777
    ],
    [
      109.7168044077135,
      165.00716253443505
    ],
    [
      110.04591368227732,
      155.29843893480236
    ],
    [
      110.37502295684114,
      145.5897153351699
    ],
    [
      110.70413223140496,
      135.88099173553718
    ]
  ],
  "bboxes": [
    [
      35.67355945694672,
      137.29934023116985,
      139.13821670820786,
      13.641001638059606
    ],
    [
      179.24448845980385,
      89.17552469267424,
      20.349983144222364,
      28.942198249560647
    ]
  ],
  "categories": [
    7,
    13
  ],
  "control_points": []
}