{
  "image_path": "/home/quynhthu/Documents/AI-project/e2e/data/raw/36766986-frame_1111_jpg.rf.0f0eac80c4bbfd2d7c5cde609ba07a79.jpg",
  "command": 2,
  "waypoints": [
    [
      107.74214876033056,
      223.2595041322314
    ],
    [
      108.07125803489438,
      213.5507805325987
    ],
    [
      108.40036730945822,
      203.842056932966
    ],
    [
      108.72947658402201,
      194.13333333333327
    ],
    [
      109.05858585858587,
      184.42460973370052
    ],
    [
      109.38769513314968,
      174.71588613406777
    ],
    [
      109.7168044077135,
      165.00716253443505
    ],
    [
      110.04591368227732,
      155.29843893480236
    ],
    [
      110.37502295684114,
      145.5897153351699
    ],
    [
      110.70413223140496,
      135.88099173553718
    ]
  ],
  "bboxes": [
    [
      199.19338842975205,
      93.30247933884297,
      22.214876033057863,
      36.28429752066114
    ],
    [
      27.488958474110966,
      155.48734241524932,
      156.719952152818,
      18.188002184079465
    ]
  ],
  "categories": [
    5,
    7
  ],
  "control_points": []
}