{
  "image_path": "/home/quynhthu/Documents/AI-project/e2e/data/raw/37042e74-frame_2475_jpg.rf.3c3e70db4bb748160934ede0fa2b8d1f.jpg",
  "command": 2,
  "waypoints": [
    [
      109.22314049586777,
      224.0
    ],
    [
      109.87893750405479,
      202.6634812053688
    ],
    [
      109.52911568174399,
      181.3244074136855
    ],
    [
      106.98550389398513,
      160.15559662408185
    ],
    [
      99.70797041049639,
      140.1869081728528
    ],
    [
      84.9529679253637,
      124.95906506301742
    ],
    [
      65.38295147679516,
      116.64255612783018
    ],
    [
      44.44209224678076,
      112.61693726715244
    ],
    [
      23.18388498382119,
      110.72995819132504
    ],
    [
      1.8512396694214877,
      109.96363636363635
    ]
  ],
  "bboxes": [
    [
      188.45619834710743,
      92.56198347107437,
      27.398347107438013,
      40.35702479338843
    ],
    [
      31.12655891092686,
      142.75574088639368,
      141.56328366608514,
      16.066068595936855
    ]
  ],
  "categories": [
    8,
    7
  ],
  "control_points": []
}