{
  "image_path": "/home/quynhthu/Documents/AI-project/e2e/data/raw/373bd99a-frame_517_jpg.rf.3d5de97af153f019aa0ffe9c5413c840.jpg",
  "command": 2,
  "waypoints": [
    [
      98.48595041322314,
      223.2595041322314
    ],
    [
      100.24709464011654,
      203.16189414557192
    ],
    [
      103.2590215975161,
      183.21803533339886
    ],
    [
      108.29127611852945,
      163.69728029980456
    ],
    [
      116.67103777836438,
      145.39546358067474
    ],
    [
      129.95186009503385,
      130.32388223284642
    ],
    [
      147.7083257605399,
      120.92401832251726
    ],
    [
      167.4170569423096,
      116.81034258443219
    ],
    [
      187.56156967011373,
      115.9814513075008
    ],
    [
      207.7090909090909,
      116.99834710743801
    ]
  ],
  "bboxes": [
    [
      182.53223140495868,
      93.67272727272727,
      24.066115702479323,
      34.80330578512395
    ],
    [
      22.941957928091103,
      150.03094176002548,
      159.14501911069527,
      14.247268377528911
    ]
  ],
  "categories": [
    13,
    7
  ],
  "control_points": []
}