{
  "image_path": "/home/quynhthu/Documents/AI-project/e2e/data/raw/373bd99a-frame_517_jpg.rf.c036979c127f8b89daabdf0808162956.jpg",
  "command": 2,
  "waypoints": [
    [
      99.22644628099172,
      223.2595041322314
    ],
    [
      101.23462140345782,
      203.4053171233899
    ],
    [
      104.77639100115503,
      183.77332751742287
    ],
    [
      110.68293834452248,
      164.73280014125575
    ],
    [
      120.20810245584875,
      147.25248891562043
    ],
    [
      134.37448925454342,
      133.30291588004317
    ],
    [
      152.20580287535645,
      124.47803865122955
    ],
    [
      171.61299479243627,
      119.9451842293286
    ],
    [
      191.46508727472363,
      117.9834479319793
    ],
    [
      211.41157024793387,
      117.36859504132231
    ]
  ],
  "bboxes": [
    [
      181.79173553719008,
      95.15371900826446,
      26.657851239669412,
      34.06280991735537
    ],
    [
      25.973291625437678,
      148.2121415416175,
      154.29488519494075,
      16.975468705140827
    ]
  ],
  "categories": [
    13,
    7
  ],
  "control_points": []
}