{
  "image_path": "/home/quynhthu/Documents/AI-project/e2e/data/raw/385ee8eb-frame_547_jpg.rf.3c716707cd3ee6a9de00981fe73c34ae.jpg",
  "command": 2,
  "waypoints": [
    [
      89.2297520661157,
      223.2595041322314
    ],
    [
      92.11589417580157,
      202.51228302781556
    ],
    [
      97.67616465949564,
      182.33486399935592
    ],
    [
      107.00688949925079,
      163.62678273584933
    ],
    [
      120.98253378606108,
      148.11105201116197
    ],
    [
      138.98279705538621,
      137.51782970472757
    ],
    [
      159.08729973397718,
      131.7537266953521
    ],
    [
      179.88644818965253,
      129.34710463895286
    ],
    [
      200.82936080795102,
      128.85825449768242
    ],
    [
      221.7785123966942,
      129.21652892561983
    ]
  ],
  "bboxes": [
    [
      181.79173553719008,
      107.00165289256198,
      32.581818181818164,
      42.57851239669422
    ],
    [
      0.0,
      177.8110068319537,
      183.31448508864833,
      21.254426839521187
    ]
  ],
  "categories": [
    13,
    7
  ],
  "control_points": []
}