{
  "image_path": "/home/quynhthu/Documents/AI-project/e2e/data/raw/3874b1b3-frame_189_jpg.rf.ce9f308634fc8e505f6c694ad049478c.jpg",
  "command": 1,
  "waypoints": [
    [
      118.4793388429752,
      224.0
    ],
    [
      116.48239854056636,
      202.7685914927076
    ],
    [
      113.30514843042415,
      181.68649290365252
    ],
    [
      107.9465562564843,
      161.06752053451672
    ],
    [
      98.5318517888942,
      142.00737728627212
    ],
    [
      83.25180693179657,
      127.2769949132461
    ],
    [
      63.86098904893938,
      118.55996674650973
    ],
    [
      43.092407642164844,
      113.80214514504897
    ],
    [
      21.96544946455278,
      110.92320287526337
    ],
    [
      0.7404958677685949,
      108.85289256198347
    ]
  ],
  "bboxes": [
    [
      193.63966942148758,
      80.71404958677685,
      23.695867768595036,
      35.914049586776855
    ],
    [
      31.12655891092686,
      146.9996080626789,
      157.93248563175663,
      19.400535663018104
    ]
  ],
  "categories": [
    10,
    7
  ],
  "control_points": []
}