{
  "image_path": "/home/quynhthu/Documents/AI-project/e2e/data/raw/395f61f9861f37416e0e_jpg.rf.413d58197213af24c1a252c981907386.jpg",
  "command": 0,
  "waypoints": [
    [
      111.44462809917354,
      221.7785123966942
    ],
    [
      109.50691291903804,
      203.97602745622794
    ],
    [
      108.14972853296763,
      186.12047903751414
    ],
    [
      107.63012748122652,
      168.2222758611962
    ],
    [
      108.37990529647816,
      150.3356503768354
    ],
    [
      111.1738756620026,
      132.6631210932789
    ],
    [
      117.35143503439284,
      115.90542522150726
    ],
    [
      128.37057608040152,
      101.9161148520099
    ],
    [
      143.59249562152263,
      92.62856901102376
    ],
    [
      160.6876033057851,
      87.3785123966942
    ]
  ],
  "bboxes": [],
  "categories": [],
  "control_points": [
    [
      111.44462809917354,
      221.7785123966942
    ],
    [
      99.59669421487602,
      124.77355371900826
    ],
    [
      115.14710743801652,
      97.37520661157023
    ],
    [
      160.6876033057851,
      87.3785123966942
    ]
  ]
}