{
  "image_path": "/home/quynhthu/Documents/AI-project/e2e/data/raw/42081b2a-frame_885_jpg.rf.93dd8d7263e24af2f0c2d11834de701d.jpg",
  "command": 2,
  "waypoints": [
    [
      67.75537190082645,
      221.7785123966942
    ],
    [
      69.73240466329167,
      198.29340401853372
    ],
    [
      73.84053107810932,
      175.0989976661231
    ],
    [
      81.56118204672379,
      152.8796240431285
    ],
    [
      95.13069309162861,
      133.7405280359541
    ],
    [
      115.00216175984816,
      121.29061137476364
    ],
    [
      137.8453335821897,
      115.73041408790345
    ],
    [
      161.34952091140894,
      114.19628193952876
    ],
    [
      184.9134619460508,
      114.60882928037095
    ],
    [
      208.4495867768595,
      115.88760330578512
    ]
  ],
  "bboxes": [
    [
      158.83636363636361,
      92.19173553719008,
      25.91735537190084,
      30.73057851239669
    ],
    [
      0.0,
      154.7476926018351,
      154.37228683908765,
      12.209989886533435
    ]
  ],
  "categories": [
    5,
    7
  ],
  "control_points": []
}