{
  "image_path": "/home/quynhthu/Documents/AI-project/e2e/data/raw/42081b2a-frame_885_jpg.rf.8d17134b42eef1d1e0399e5d3896098b.jpg",
  "command": 2,
  "waypoints": [
    [
      67.75537190082645,
      221.7785123966942
    ],
    [
      69.69470374316059,
      198.2459213795044
    ],
    [
      73.68678130575107,
      174.98596582974415
    ],
    [
      81.24548822304182,
      152.66541729690863
    ],
    [
      94.766190092204,
      133.444400499263
    ],
    [
      114.76217703145042,
      121.11987983526377
    ],
    [
      137.70017684784796,
      115.76757737927612
    ],
    [
      161.2552711198403,
      114.32201617741913
    ],
    [
      184.8640590903086,
      114.7105787394289
    ],
    [
      208.4495867768595,
      115.88760330578512
    ]
  ],
  "bboxes": [
    [
      157.35537190082644,
      89.6,
      26.287603305785126,
      33.692561983471066
    ],
    [
      -1.1920287523008588,
      156.10435814478328,
      155.11209374373914,
      11.757768038883995
    ]
  ],
  "categories": [
    5,
    7
  ],
  "control_points": []
}