{
  "image_path": "/home/quynhthu/Documents/AI-project/e2e/data/raw/421e330c-frame_2887_jpg.rf.51e342369921f39a84fb4bf7c76f3cd8.jpg",
  "command": 0,
  "waypoints": [
    [
      102.5586776859504,
      224.0
    ],
    [
      103.05234159779613,
      214.25013774104684
    ],
    [
      103.54600550964187,
      204.50027548209368
    ],
    [
      104.03966942148757,
      194.75041322314053
    ],
    [
      104.53333333333336,
      185.00055096418734
    ],
    [
      105.02699724517905,
      175.25068870523418
    ],
    [
      105.52066115702478,
      165.50082644628102
    ],
    [
      106.01432506887053,
      155.75096418732787
    ],
    [
      106.50798898071626,
      146.00110192837462
    ],
    [
      107.00165289256198,
      136.25123966942147
    ]
  ],
  "bboxes": [
    [
      171.79504132231403,
      81.08429752066115,
      16.661157024793397,
      30.73057851239669
    ],
    [
      34.461025978008095,
      137.90560697063918,
      142.16955040555445,
      16.975468705140827
    ]
  ],
  "categories": [
    9,
    7
  ],
  "control_points": []
}