{
  "image_path": "/home/quynhthu/Documents/AI-project/e2e/data/raw/421e330c-frame_2887_jpg.rf.1fc88529cbf24f2fb9af6d207671e9fe.jpg",
  "command": 0,
  "waypoints": [
    [
      102.5586776859504,
      224.0
    ],
    [
      103.05234159779613,
      214.25013774104684
    ],
    [
      103.54600550964187,
      204.50027548209368
    ],
    [
      104.03966942148757,
      194.75041322314053
    ],
    [
      104.53333333333336,
      185.00055096418737
    ],
    [
      105.02699724517905,
      175.2506887052342
    ],
    [
      105.52066115702478,
      165.50082644628102
    ],
    [
      106.01432506887053,
      155.75096418732787
    ],
    [
      106.50798898071626,
      146.00110192837462
    ],
    [
      107.00165289256198,
      136.25123966942147
    ]
  ],
  "bboxes": [
    [
      169.20330578512394,
      81.45454545454545,
      21.104132231404975,
      31.471074380165277
    ],
    [
      29.61089206225357,
      139.7244071890471,
      143.07895051475845,
      16.36920196567155
    ]
  ],
  "categories": [
    9,
    7
  ],
  "control_points": []
}