{
  "image_path": "/home/quynhthu/Documents/AI-project/e2e/data/raw/427ccd43-frame_3101_jpg.rf.f13ae2726fc6edc43bb5d63949437ea7.jpg",
  "command": 3,
  "waypoints": [
    [
      102.5586776859504,
      224.0
    ],
    [
      103.54600550964187,
      212.2343434343434
    ],
    [
      104.53333333333333,
      200.4686868686868
    ],
    [
      105.52066115702476,
      188.7030303030302
    ],
    [
      106.50798898071629,
      176.93737373737355
    ],
    [
      107.49531680440772,
      165.17171717171686
    ],
    [
      108.4826446280992,
      153.40606060606032
    ],
    [
      109.46997245179064,
      141.64040404040392
    ],
    [
      110.45730027548208,
      129.8747474747475
    ],
    [
      111.44462809917354,
      118.1090909090909
    ]
  ],
  "bboxes": [
    [
      0.16463679064729517,
      179.61989422255127,
      205.76094068047027,
      29.846641944859442
    ],
    [
      204.11669008052004,
      102.74218012215579,
      19.883309919479956,
      45.22218476493853
    ]
  ],
  "categories": [
    11,
    11
  ],
  "control_points": []
}