{
  "image_path": "/home/quynhthu/Documents/AI-project/e2e/data/raw/427ccd43-frame_3101_jpg.rf.f13ae2726fc6edc43bb5d63949437ea7_dup1.jpg",
  "command": 2,
  "waypoints": [
    [
      103.299173553719,
      223.62975206611569
    ],
    [
      106.42469132956813,
      205.79073650158622
    ],
    [
      111.64001911860908,
      188.45879895156918
    ],
    [
      119.61862237439952,
      172.2262757985354
    ],
    [
      130.90422307238867,
      158.10909583834643
    ],
    [
      145.35884373285649,
      147.26572255092452
    ],
    [
      161.99234388553856,
      140.18072924305622
    ],
    [
      179.6917673334457,
      136.42501714489296
    ],
    [
      197.75490551449897,
      135.21854219232
    ],
    [
      215.85454545454542,
      135.88099173553718
    ]
  ],
  "bboxes": [
    [
      8.304630048336232,
      175.0976757460574,
      205.30871883282092,
      34.368860421353304
    ],
    [
      204.56891192816943,
      102.28995827450642,
      18.541095753624802,
      41.15218813609407
    ]
  ],
  "categories": [
    7,
    11
  ],
  "control_points": []
}