{
  "image_path": "/home/quynhthu/Documents/AI-project/e2e/data/raw/427ccd43-frame_3101_jpg.rf.9989ac92f8a0f0e7cb4339c8adbc12de.jpg",
  "command": 3,
  "waypoints": [
    [
      102.5586776859504,
      224.0
    ],
    [
      103.54600550964187,
      212.2343434343434
    ],
    [
      104.53333333333333,
      200.4686868686868
    ],
    [
      105.52066115702476,
      188.7030303030302
    ],
    [
      106.50798898071629,
      176.93737373737355
    ],
    [
      107.49531680440772,
      165.17171717171686
    ],
    [
      108.4826446280992,
      153.40606060606032
    ],
    [
      109.46997245179064,
      141.64040404040392
    ],
    [
      110.45730027548208,
      129.8747474747475
    ],
    [
      111.44462809917354,
      118.1090909090909
    ]
  ],
  "bboxes": [
    [
      207.28224301406573,
      102.74218012215579,
      16.717756985934273,
      42.50885367904223
    ],
    [
      2.8779678765436074,
      177.35878498430435,
      207.11760622341845,
      31.20330748780762
    ]
  ],
  "categories": [
    11,
    7
  ],
  "control_points": []
}