{
  "image_path": "/home/quynhthu/Documents/AI-project/e2e/data/raw/43174595-frame_1941_jpg.rf.70258e91995f6e5378179bc9f3909165.jpg",
  "command": 2,
  "waypoints": [
    [
      101.44793388429751,
      221.7785123966942
    ],
    [
      102.84158379756312,
      201.5601290788524
    ],
    [
      106.14966468870196,
      181.57642086042745
    ],
    [
      112.51153766833269,
      162.36765970453527
    ],
    [
      123.33942394979667,
      145.31170394117024
    ],
    [
      138.98099555715137,
      132.54337153058154
    ],
    [
      157.68471133630237,
      124.86976958239154
    ],
    [
      177.58852772118618,
      121.1678441836763
    ],
    [
      197.81860687815436,
      120.07835252277219
    ],
    [
      218.07603305785122,
      120.70082644628098
    ]
  ],
  "bboxes": [
    [
      184.75371900826445,
      95.15371900826446,
      28.879338842975216,
      35.54380165289257
    ],
    [
      14.15109020578603,
      158.5186761125959,
      171.5734872698162,
      14.550401747263578
    ]
  ],
  "categories": [
    6,
    7
  ],
  "control_points": []
}