{
  "image_path": "/home/quynhthu/Documents/AI-project/e2e/data/raw/435678c8-frame_4229_jpg.rf.5b0d543b8b9e6be75389e52d531a355a.jpg",
  "command": 2,
  "waypoints": [
    [
      109.96363636363635,
      223.62975206611569
    ],
    [
      111.77123722868748,
      202.44620288894848
    ],
    [
      114.41081357078555,
      181.35246714704107
    ],
    [
      118.53627307752679,
      160.5063287812204
    ],
    [
      125.55866377388637,
      140.4879441019002
    ],
    [
      138.23316561893512,
      123.57868400234236
    ],
    [
      157.15983732856722,
      114.18830737101464
    ],
    [
      178.16267013215358,
      111.20587749744662
    ],
    [
      199.4143656021967,
      110.895290524953
    ],
    [
      220.6677685950413,
      111.44462809917354
    ]
  ],
  "bboxes": [
    [
      176.6082644628099,
      78.12231404958678,
      24.806611570247952,
      32.95206611570248
    ],
    [
      45.676960658190424,
      133.96487316408863,
      133.3786826832494,
      16.369201965671493
    ]
  ],
  "categories": [
    0,
    7
  ],
  "control_points": []
}