{
  "image_path": "/home/quynhthu/Documents/AI-project/e2e/data/raw/4356b991-frame_4283_jpg.rf.5d7dd87e9f75881afb645cd3d0f2571b.jpg",
  "command": 2,
  "waypoints": [
    [
      109.96363636363635,
      223.62975206611569
    ],
    [
      111.77562642393916,
      202.62191997273538
    ],
    [
      114.45933325546419,
      181.7100917399965
    ],
    [
      118.68908058719529,
      161.0640073420805
    ],
    [
      125.90915218747395,
      141.30452151461108
    ],
    [
      138.8317613836138,
      124.80277393860904
    ],
    [
      157.71445970371676,
      115.69574651234137
    ],
    [
      178.51861292928854,
      112.51310541405613
    ],
    [
      199.58281842297706,
      111.66714296598991
    ],
    [
      220.66776859504134,
      111.44462809917354
    ]
  ],
  "bboxes": [
    [
      173.64628099173552,
      82.56528925619834,
      22.955371900826435,
      31.10082644628099
    ],
    [
      38.40175978455864,
      135.78367338249657,
      139.44135007794253,
      17.581735444610132
    ]
  ],
  "categories": [
    0,
    7
  ],
  "control_points": []
}