{
  "image_path": "/home/quynhthu/Documents/AI-project/e2e/data/raw/45278ce5-frame_2145_jpg.rf.5197c58c372e40fe824a10b53e988f14.jpg",
  "command": 1,
  "waypoints": [
    [
      130.69752066115703,
      222.88925619834708
    ],
    [
      126.12863198956501,
      202.0440541394717
    ],
    [
      120.12602221745881,
      181.5711342110952
    ],
    [
      112.00563768813082,
      161.8530413785295
    ],
    [
      100.71810791250759,
      143.78828585374754
    ],
    [
      85.23267111952528,
      129.20386555457145
    ],
    [
      66.05088429991318,
      120.0000494818585
    ],
    [
      45.19117543951883,
      115.64176105537098
    ],
    [
      23.921667863985718,
      113.98251992593032
    ],
    [
      2.5917355371900825,
      113.29586776859503
    ]
  ],
  "bboxes": [
    [
      204.0066115702479,
      94.78347107438016,
      19.252892561983487,
      39.616528925619846
    ],
    [
      35.54380165289256,
      156.98512396694213,
      166.24132231404957,
      21.104132231404975
    ]
  ],
  "categories": [
    6,
    7
  ],
  "control_points": []
}