{
  "image_path": "/home/quynhthu/Documents/AI-project/e2e/data/raw/45278ce5-frame_2145_jpg.rf.6d3e10e391c597aefda7764406f7cb67.jpg",
  "command": 1,
  "waypoints": [
    [
      130.69752066115703,
      222.88925619834708
    ],
    [
      126.12863198956501,
      202.0440541394717
    ],
    [
      120.12602221745881,
      181.5711342110952
    ],
    [
      112.00563768813082,
      161.8530413785295
    ],
    [
      100.71810791250759,
      143.78828585374754
    ],
    [
      85.23267111952528,
      129.20386555457145
    ],
    [
      66.05088429991318,
      120.0000494818585
    ],
    [
      45.19117543951883,
      115.64176105537098
    ],
    [
      23.921667863985718,
      113.98251992593032
    ],
    [
      2.5917355371900825,
      113.29586776859503
    ]
  ],
  "bboxes": [
    [
      202.89586776859502,
      92.93223140495867,
      19.99338842975206,
      40.35702479338842
    ],
    [
      35.17355371900826,
      156.61487603305784,
      168.0925619834711,
      19.623140495867773
    ]
  ],
  "categories": [
    6,
    7
  ],
  "control_points": []
}