{
  "image_path": "/home/quynhthu/Documents/AI-project/e2e/data/raw/4531bfcc-frame_63_jpg.rf.e7a30b35f318684bb4144c49d7ee845e.jpg",
  "command": 1,
  "waypoints": [
    [
      91.08099173553718,
      222.88925619834708
    ],
    [
      87.963551539348,
      205.88380892862847
    ],
    [
      84.24301490842089,
      189.0012135268919
    ],
    [
      79.6127904638341,
      172.3476044613012
    ],
    [
      73.50490106036655,
      156.1863148902887
    ],
    [
      64.839083236883,
      141.27284964964696
    ],
    [
      52.11933457101456,
      129.68899233621926
    ],
    [
      35.93226528086312,
      123.82279103675464
    ],
    [
      18.759505093964705,
      122.00484186559162
    ],
    [
      1.48099173553719,
      121.44132231404959
    ]
  ],
  "bboxes": [
    [
      183.27272727272725,
      93.30247933884297,
      31.10082644628099,
      42.20826446280992
    ]
  ],
  "categories": [
    10
  ],
  "control_points": []
}