{
  "image_path": "/home/quynhthu/Documents/AI-project/e2e/data/raw/456a132c-frame_983_jpg.rf.0992d84a655e72e8ccc117aaac93ff2b.jpg",
  "command": 0,
  "waypoints": [
    [
      90.3404958677686,
      223.62975206611569
    ],
    [
      90.83415977961432,
      215.73112947658402
    ],
    [
      91.32782369146005,
      207.83250688705238
    ],
    [
      91.82148760330575,
      199.9338842975207
    ],
    [
      92.31515151515153,
      192.03526170798906
    ],
    [
      92.80881542699724,
      184.13663911845737
    ],
    [
      93.30247933884297,
      176.23801652892564
    ],
    [
      93.7961432506887,
      168.33939393939391
    ],
    [
      94.28980716253443,
      160.4407713498622
    ],
    [
      94.78347107438016,
      152.54214876033058
    ]
  ],
  "bboxes": [
    [
      187.71570247933883,
      93.67272727272727,
      29.249586776859502,
      36.284297520661156
    ],
    [
      10.737190082644627,
      157.35537190082644,
      161.79834710743802,
      19.252892561983458
    ]
  ],
  "categories": [
    5,
    7
  ],
  "control_points": []
}