{
  "image_path": "/home/quynhthu/Documents/AI-project/e2e/data/raw/456a132c-frame_983_jpg.rf.0870a2c6c4d7c754abaa46a5ccebea68.jpg",
  "command": 1,
  "waypoints": [
    [
      99.22644628099172,
      222.88925619834708
    ],
    [
      99.17057267087553,
      203.5875729071966
    ],
    [
      97.65070404440318,
      184.35142319875487
    ],
    [
      93.93970290462781,
      165.42677540903705
    ],
    [
      86.81858031550813,
      147.53503540067032
    ],
    [
      74.82523277305404,
      132.5188437811625
    ],
    [
      58.24391948365307,
      122.79833970959578
    ],
    [
      39.560654242830886,
      118.09804305836103
    ],
    [
      20.36854999469921,
      116.09959425615729
    ],
    [
      1.1107438016528925,
      114.77685950413222
    ]
  ],
  "bboxes": [
    [
      188.08595041322312,
      93.67272727272727,
      27.398347107438013,
      35.17355371900827
    ],
    [
      10.737190082644627,
      156.24462809917355,
      170.68429752066115,
      20.363636363636346
    ]
  ],
  "categories": [
    5,
    7
  ],
  "control_points": []
}