{
  "image_path": "/home/quynhthu/Documents/AI-project/e2e/data/raw/46401501-frame_1097_jpg.rf.9c61a73e808c38f3e1a2974498d61e50.jpg",
  "command": 0,
  "waypoints": [
    [
      102.9289256198347,
      223.2595041322314
    ],
    [
      103.46372819100091,
      215.68999081726358
    ],
    [
      103.99853076216712,
      208.12047750229573
    ],
    [
      104.53333333333332,
      200.55096418732788
    ],
    [
      105.06813590449956,
      192.98145087236006
    ],
    [
      105.60293847566574,
      185.41193755739218
    ],
    [
      106.13774104683195,
      177.84242424242427
    ],
    [
      106.67254361799816,
      170.2729109274564
    ],
    [
      107.20734618916437,
      162.70339761248846
    ],
    [
      107.74214876033056,
      155.13388429752064
    ]
  ],
  "bboxes": [
    [
      201.78512396694214,
      95.89421487603305,
      21.47438016528926,
      39.98677685950413
    ],
    [
      15.920661157024792,
      164.0198347107438,
      171.79504132231403,
      17.771900826446284
    ]
  ],
  "categories": [
    5,
    7
  ],
  "control_points": []
}