{
  "image_path": "/home/quynhthu/Documents/AI-project/e2e/data/raw/472c0095-frame_571_jpg.rf.d9416dd4652c042ed87469a0b0810619.jpg",
  "command": 3,
  "waypoints": [
    [
      86.26776859504132,
      223.2595041322314
    ],
    [
      85.44499540863177,
      212.60459136822772
    ],
    [
      84.62222222222222,
      201.94967860422403
    ],
    [
      83.79944903581266,
      191.29476584022035
    ],
    [
      82.97667584940312,
      180.6398530762167
    ],
    [
      82.15390266299356,
      169.984940312213
    ],
    [
      81.33112947658401,
      159.33002754820933
    ],
    [
      80.50835629017446,
      148.67511478420568
    ],
    [
      79.68558310376493,
      138.020202020202
    ],
    [
      78.86280991735536,
      127.36528925619834
    ]
  ],
  "bboxes": [
    [
      195.86115702479339,
      115.14710743801652,
      27.398347107438013,
      48.132231404958674
    ]
  ],
  "categories": [
    6
  ],
  "control_points": []
}