{
  "image_path": "/home/quynhthu/Documents/AI-project/e2e/data/raw/48705b06-frame_3403_jpg.rf.959da96c15ba33ebfecb1a413970dead.jpg",
  "command": 0,
  "waypoints": [
    [
      125.51404958677685,
      223.2595041322314
    ],
    [
      126.54251606978879,
      215.19632690541783
    ],
    [
      127.57098255280073,
      207.13314967860424
    ],
    [
      128.59944903581263,
      199.06997245179068
    ],
    [
      129.62791551882464,
      191.00679522497714
    ],
    [
      130.65638200183653,
      182.94361799816355
    ],
    [
      131.6848484848485,
      174.88044077134992
    ],
    [
      132.71331496786044,
      166.8172635445363
    ],
    [
      133.74178145087237,
      158.75408631772268
    ],
    [
      134.7702479338843,
      150.6909090909091
    ]
  ],
  "bboxes": [
    [
      210.67107438016527,
      90.3404958677686,
      11.847933884297532,
      32.21157024793388
    ],
    [
      40.357024793388426,
      148.46942148760328,
      165.87107438016528,
      23.695867768595065
    ]
  ],
  "categories": [
    9,
    7
  ],
  "control_points": []
}