{
  "image_path": "/home/quynhthu/Documents/AI-project/e2e/data/raw/5092bdf7-frame_435_jpg.rf.24ee046a10fb09e295f50e2b40a853ed.jpg",
  "command": 0,
  "waypoints": [
    [
      105.08010544530467,
      223.03319159689227
    ],
    [
      105.02985857334363,
      214.29023587567076
    ],
    [
      104.97961170138258,
      205.54728015444925
    ],
    [
      104.92936482942152,
      196.80432443322783
    ],
    [
      104.87911795746052,
      188.06136871200638
    ],
    [
      104.82887108549946,
      179.31841299078496
    ],
    [
      104.77862421353841,
      170.57545726956354
    ],
    [
      104.72837734157737,
      161.83250154834212
    ],
    [
      104.67813046961632,
      153.0895458271207
    ],
    [
      104.62788359765528,
      144.34659010589922
    ]
  ],
  "bboxes": [
    [
      176.53115737390755,
      90.98441208327178,
      22.611092382469252,
      31.203307487807578
    ],
    [
      31.82016612610426,
      143.4421464106005,
      142.90210385720576,
      15.375542820079062
    ]
  ],
  "categories": [
    13,
    7
  ],
  "control_points": []
}