{
  "image_path": "/home/quynhthu/Documents/AI-project/e2e/data/raw/543730f7-frame_6451_jpg.rf.fc62bf6a566d5a6edb6dc13f2f3964f8.jpg",
  "command": 2,
  "waypoints": [
    [
      96.48789033996636,
      224.0
    ],
    [
      98.01347734596249,
      201.97779751122533
    ],
    [
      101.12096166720883,
      180.12994834592544
    ],
    [
      106.8883331965622,
      158.84800296377355
    ],
    [
      117.06431996675168,
      139.33418349359425
    ],
    [
      133.03888587208255,
      124.24607011576072
    ],
    [
      153.21787910423419,
      115.48397118612748
    ],
    [
      174.9336513963546,
      111.69345974032551
    ],
    [
      196.9842944106684,
      110.87293385183938
    ],
    [
      219.04001105294978,
      111.7866170751435
    ]
  ],
  "bboxes": [
    [
      195.97669682283112,
      88.72330284502485,
      23.51553607776802,
      30.298863792508826
    ]
  ],
  "categories": [
    4
  ],
  "control_points": []
}