{
  "image_path": "/home/quynhthu/Documents/AI-project/e2e/data/raw/543730f7-frame_6451_jpg.rf.182b6bfbc1df73a0a88df3323fbf2e2e.jpg",
  "command": 1,
  "waypoints": [
    [
      104.17566175000591,
      223.03319159689227
    ],
    [
      103.37370766593456,
      202.72285705111534
    ],
    [
      101.40667682466174,
      182.49641218499747
    ],
    [
      97.45338017740062,
      162.57462427647593
    ],
    [
      90.0289304072477,
      143.70603367396458
    ],
    [
      77.29696686782633,
      127.97681847555982
    ],
    [
      59.83710285303352,
      117.72024224638652
    ],
    [
      40.335952644584175,
      112.09829271591092
    ],
    [
      20.247762889742987,
      109.04537981854232
    ],
    [
      0.0,
      107.26439859864965
    ]
  ],
  "bboxes": [
    [
      195.52447497518173,
      89.17552469267424,
      23.967757925417402,
      32.55997303075573
    ]
  ],
  "categories": [
    4
  ],
  "control_points": []
}