{
  "image_path": "/home/quynhthu/Documents/AI-project/e2e/data/raw/552df12b-frame_2471_jpg.rf.ca9c90c0a6a3ec9cddb0166a002df847.jpg",
  "command": 0,
  "waypoints": [
    [
      105.08010544530467,
      223.03319159689227
    ],
    [
      105.48208042099301,
      214.08924838782664
    ],
    [
      105.88405539668135,
      205.14530517876102
    ],
    [
      106.28603037236967,
      196.2013619696954
    ],
    [
      106.68800534805807,
      187.25741876062978
    ],
    [
      107.08998032374639,
      178.31347555156418
    ],
    [
      107.49195529943472,
      169.36953234249856
    ],
    [
      107.89393027512307,
      160.42558913343296
    ],
    [
      108.29590525081143,
      151.48164592436734
    ],
    [
      108.69788022649975,
      142.53770271530172
    ]
  ],
  "bboxes": [
    [
      185.57559432689524,
      91.88885577857056,
      27.133310858963114,
      35.72552596430144
    ]
  ],
  "categories": [
    8
  ],
  "control_points": []
}