{
  "image_path": "/home/quynhthu/Documents/AI-project/e2e/data/raw/57363f98-frame_9341_jpg.rf.f8f146f96ce1c0b292495d3c8ab46d14.jpg",
  "command": 1,
  "waypoints": [
    [
      116.83787348418869,
      223.03319159689227
    ],
    [
      114.04599109769208,
      203.01835331265545
    ],
    [
      108.74209170063585,
      183.52951063864208
    ],
    [
      100.57421368876159,
      165.06286604486652
    ],
    [
      89.39934934523987,
      148.2489649314132
    ],
    [
      75.43556817572303,
      133.66815664681556
    ],
    [
      59.206370150848414,
      121.65371096653645
    ],
    [
      41.353069442339375,
      112.20887791307341
    ],
    [
      22.4395994788195,
      105.10804599282775
    ],
    [
      2.8779678765436074,
      100.02884903625949
    ]
  ],
  "bboxes": [
    [
      92.41789371112188,
      54.806664271320955,
      15.375542820079104,
      19.44553944892357
    ]
  ],
  "categories": [
    11
  ],
  "control_points": []
}