{
  "image_path": "/home/quynhthu/Documents/AI-project/e2e/data/raw/580cdbe6-frame_1163_jpg.rf.6f6bd711aab8e39782c9d9edf613f3b8.jpg",
  "command": 0,
  "waypoints": [
    [
      114.12454239829238,
      224.0
    ],
    [
      114.47627050201969,
      214.94863363503356
    ],
    [
      114.82799860574697,
      205.89726727006715
    ],
    [
      115.17972670947425,
      196.84590090510068
    ],
    [
      115.5314548132016,
      187.7945345401342
    ],
    [
      115.88318291692887,
      178.7431681751677
    ],
    [
      116.23491102065617,
      169.6918018102012
    ],
    [
      116.58663912438348,
      160.64043544523471
    ],
    [
      116.93836722811078,
      151.58906908026822
    ],
    [
      117.29009533183807,
      142.53770271530172
    ]
  ],
  "bboxes": [
    [
      197.33336236577927,
      91.43663393092118,
      26.22886716366432,
      32.107751183106345
    ],
    [
      39.507937536143814,
      143.89436825824987,
      143.80654755250453,
      22.15887053481984
    ]
  ],
  "categories": [
    5,
    7
  ],
  "control_points": []
}