{
  "image_path": "/home/quynhthu/Documents/AI-project/e2e/data/raw/596e8730-frame_3697_jpg.rf.35b1f531a6953167d65e99485834840f.jpg",
  "command": 0,
  "waypoints": [
    [
      114.12454239829238,
      224.0
    ],
    [
      114.42602363005864,
      213.9939430677737
    ],
    [
      114.7275048618249,
      203.98788613554743
    ],
    [
      115.02898609359113,
      193.98182920332113
    ],
    [
      115.33046732535743,
      183.97577227109485
    ],
    [
      115.63194855712366,
      173.96971533886855
    ],
    [
      115.93342978888991,
      163.96365840664228
    ],
    [
      116.23491102065618,
      153.95760147441598
    ],
    [
      116.53639225242244,
      143.9515445421897
    ],
    [
      116.83787348418869,
      133.94548760996338
    ]
  ],
  "bboxes": [
    [
      181.95781954570015,
      81.93997513028407,
      17.184430210676652,
      27.585532706612497
    ],
    [
      37.699050145546266,
      135.30215315291156,
      139.28432907601066,
      18.08887390597539
    ]
  ],
  "categories": [
    9,
    7
  ],
  "control_points": []
}