{
  "image_path": "/home/quynhthu/Documents/AI-project/e2e/data/raw/616c96ca-frame_4047_jpg.rf.1b9db56bc649a58904d3619056f3109a.jpg",
  "command": 0,
  "waypoints": [
    [
      101.46233066410959,
      222.5809697492429
    ],
    [
      101.86430563979793,
      217.70702316902177
    ],
    [
      102.26628061548627,
      212.8330765888006
    ],
    [
      102.66825559117459,
      207.95913000857945
    ],
    [
      103.07023056686297,
      203.0851834283583
    ],
    [
      103.4722055425513,
      198.21123684813713
    ],
    [
      103.87418051823965,
      193.337290267916
    ],
    [
      104.27615549392799,
      188.46334368769485
    ],
    [
      104.67813046961633,
      183.5893971074737
    ],
    [
      105.08010544530467,
      178.71545052725253
    ]
  ],
  "bboxes": [
    [
      200.95113714697436,
      104.55106751275335,
      23.04886285302564,
      43.41329737434097
    ],
    [
      0.0,
      185.04655639434395,
      208.1866867093645,
      28.489976401911235
    ]
  ],
  "categories": [
    0,
    7
  ],
  "control_points": [
    [
      101.46233066410959,
      222.5809697492429
    ],
    [
      102.65619634190396,
      208.1053484059861
    ],
    [
      103.85006201969834,
      193.62972706272924
    ],
    [
      105.08010544530467,
      178.71545052725253
    ]
  ]
}