{
  "image_path": "/home/quynhthu/Documents/AI-project/e2e/data/raw/616c96ca-frame_4047_jpg.rf.09fba0a7bb301dc21cfcd063db891575.jpg",
  "command": 0,
  "waypoints": [
    [
      101.46233066410959,
      222.5809697492429
    ],
    [
      101.86430563979793,
      217.70702316902177
    ],
    [
      102.26628061548627,
      212.8330765888006
    ],
    [
      102.66825559117459,
      207.95913000857945
    ],
    [
      103.07023056686297,
      203.0851834283583
    ],
    [
      103.4722055425513,
      198.21123684813713
    ],
    [
      103.87418051823965,
      193.33729026791596
    ],
    [
      104.27615549392799,
      188.46334368769482
    ],
    [
      104.67813046961633,
      183.5893971074737
    ],
    [
      105.08010544530467,
      178.71545052725253
    ]
  ],
  "bboxes": [
    [
      0.0,
      183.2376690037464,
      210.9000177952608,
      28.489976401911235
    ],
    [
      197.33336236577927,
      102.28995827450642,
      26.666637634220734,
      42.05663183139281
    ]
  ],
  "categories": [
    7,
    0
  ],
  "control_points": []
}