{
  "image_path": "/home/quynhthu/Documents/AI-project/e2e/data/raw/65286c41-frame_233_jpg.rf.25e0dfd76f54c75799dd991d64f7319e.jpg",
  "command": 0,
  "waypoints": [
    [
      101.91455251175898,
      223.937635292191
    ],
    [
      102.2662806154863,
      217.1543075774502
    ],
    [
      102.61800871921359,
      210.3709798627094
    ],
    [
      102.96973682294086,
      203.58765214796858
    ],
    [
      103.3214649266682,
      196.80432443322778
    ],
    [
      103.67319303039548,
      190.02099671848697
    ],
    [
      104.02492113412278,
      183.23766900374628
    ],
    [
      104.37664923785007,
      176.45434128900553
    ],
    [
      104.72837734157737,
      169.6710135742648
    ],
    [
      105.08010544530467,
      162.88768585952403
    ]
  ],
  "bboxes": [
    [
      195.97669682283112,
      88.27108099737546,
      27.133310858963114,
      40.69996628844467
    ],
    [
      11.922404829531313,
      163.3399077071734,
      184.5065138409492,
      22.61109238246928
    ]
  ],
  "categories": [
    10,
    7
  ],
  "control_points": []
}