{
  "image_path": "/home/quynhthu/Documents/AI-project/e2e/data/raw/65286c41-frame_233_jpg.rf.3ff0087add21d80420c1db3e305976ef.jpg",
  "command": 0,
  "waypoints": [
    [
      101.91455251175898,
      223.937635292191
    ],
    [
      102.2662806154863,
      217.1543075774502
    ],
    [
      102.61800871921359,
      210.3709798627094
    ],
    [
      102.96973682294086,
      203.58765214796858
    ],
    [
      103.3214649266682,
      196.80432443322778
    ],
    [
      103.67319303039548,
      190.02099671848697
    ],
    [
      104.02492113412278,
      183.23766900374628
    ],
    [
      104.37664923785007,
      176.45434128900553
    ],
    [
      104.72837734157737,
      169.6710135742648
    ],
    [
      105.08010544530467,
      162.88768585952403
    ]
  ],
  "bboxes": [
    [
      196.4289186704805,
      89.17552469267424,
      24.87220162071617,
      36.62996965960021
    ],
    [
      13.279070372479467,
      158.81768923067955,
      178.17540797385783,
      28.942198249560704
    ]
  ],
  "categories": [
    10,
    7
  ],
  "control_points": []
}