{
  "image_path": "/home/quynhthu/Documents/AI-project/e2e/data/raw/65286c41-frame_233_jpg.rf.25e0dfd76f54c75799dd991d64f7319e_dup1.jpg",
  "command": 1,
  "waypoints": [
    [
      110.50676761709731,
      224.0
    ],
    [
      109.181153175459,
      204.840044961585
    ],
    [
      105.63639830407183,
      185.97531892950275
    ],
    [
      99.18520423403538,
      167.908784126283
    ],
    [
      89.20157712714986,
      151.54285290089703
    ],
    [
      75.60674403749778,
      138.0341165966067
    ],
    [
      59.22040578619803,
      128.07932723781278
    ],
    [
      41.204347607691155,
      121.47882469592342
    ],
    [
      22.421851858957783,
      117.50561596095075
    ],
    [
      3.330189724192992,
      115.40439185633858
    ]
  ],
  "bboxes": [
    [
      194.62003127988294,
      90.98441208327178,
      27.133310858963142,
      34.82108226900267
    ],
    [
      14.635735915427626,
      164.24435140247223,
      182.69762645035163,
      21.706648687170457
    ]
  ],
  "categories": [
    10,
    7
  ],
  "control_points": []
}