{
  "image_path": "/home/quynhthu/Documents/AI-project/e2e/data/raw/6597d7cd-frame_3077_jpg.rf.3e85a3bbbd9e68330d02d1fb1782ec8c.jpg",
  "command": 0,
  "waypoints": [
    [
      111.86343316004545,
      224.0
    ],
    [
      112.56688936750005,
      216.25505230602064
    ],
    [
      113.27034557495466,
      208.5101046120413
    ],
    [
      113.97380178240921,
      200.7651569180619
    ],
    [
      114.67725798986388,
      193.02020922408258
    ],
    [
      115.38071419731844,
      185.2752615301032
    ],
    [
      116.08417040477303,
      177.5303138361238
    ],
    [
      116.78762661222765,
      169.78536614214448
    ],
    [
      117.49108281968225,
      162.04041844816513
    ],
    [
      118.19453902713684,
      154.29547075418571
    ]
  ],
  "bboxes": [
    [
      191.90670019398664,
      90.98441208327178,
      23.96775792541743,
      35.27330411665204
    ],
    [
      30.915722430805495,
      153.84324890653633,
      162.3476433061293,
      25.32442346836558
    ]
  ],
  "categories": [
    11,
    7
  ],
  "control_points": []
}