{
  "image_path": "/home/quynhthu/Documents/AI-project/e2e/data/raw/6597d7cd-frame_3077_jpg.rf.621e24c4d4798b8e42e19dacbc5e9472.jpg",
  "command": 0,
  "waypoints": [
    [
      111.86343316004545,
      224.0
    ],
    [
      112.44811999099998,
      216.051554654077
    ],
    [
      113.03280682195452,
      208.103109308154
    ],
    [
      113.61749365290903,
      200.15466396223098
    ],
    [
      114.20218048386361,
      192.20621861630798
    ],
    [
      114.78686731481812,
      184.25777327038497
    ],
    [
      115.37155414577268,
      176.30932792446197
    ],
    [
      115.95624097672722,
      168.36088257853896
    ],
    [
      116.54092780768174,
      160.41243723261599
    ],
    [
      117.12561463863628,
      152.46399188669298
    ]
  ],
  "bboxes": [
    [
      30.16347102858288,
      155.4626864939362,
      163.42885609475556,
      22.490209554324167
    ],
    [
      193.09254468879791,
      90.4909700036664,
      23.48977442340521,
      35.484552852378116
    ]
  ],
  "categories": [
    7,
    11
  ],
  "control_points": []
}