{
  "image_path": "/home/quynhthu/Documents/AI-project/e2e/data/raw/668_Color_jpg.rf.1e86406df34e46fe58fd9ddd2a70f0ee.jpg",
  "command": 0,
  "waypoints": [
    [
      87.63845100074461,
      224.0
    ],
    [
      91.08139666091277,
      205.00080971256952
    ],
    [
      94.52434232108091,
      186.00161942513904
    ],
    [
      97.96728798124906,
      167.00242913770856
    ],
    [
      101.41023364141724,
      148.00323885027817
    ],
    [
      104.85317930158533,
      129.00404856284783
    ],
    [
      108.29612496175346,
      110.00485827541746
    ],
    [
      111.73907062192161,
      91.00566798798705
    ],
    [
      115.18201628208976,
      72.00647770055659
    ],
    [
      118.6249619422579,
      53.00728741312614
    ]
  ],
  "bboxes": [
    [
      155.1090796637171,
      7.027303435396753,
      60.973457013945506,
      40.48237719778348
    ],
    [
      149.11169044923062,
      -0.9692155172518375,
      9.495866256270233,
      19.99129738162147
    ]
  ],
  "categories": [
    3,
    8
  ],
  "control_points": []
}