{
  "image_path": "/home/quynhthu/Documents/AI-project/e2e/data/raw/67005b6b-frame_4203_jpg.rf.2c87626e2b4ba41ad37a95c975f8e713.jpg",
  "command": 3,
  "waypoints": [
    [
      103.13170647150125,
      224.0
    ],
    [
      103.85361443250424,
      211.16479307190278
    ],
    [
      104.57552239350726,
      198.32958614380559
    ],
    [
      105.29743035451024,
      185.49437921570836
    ],
    [
      106.01933831551327,
      172.65917228761109
    ],
    [
      106.74124627651626,
      159.82396535951383
    ],
    [
      107.46315423751926,
      146.9887584314169
    ],
    [
      108.18506219852223,
      134.15355150331993
    ],
    [
      108.90697015952526,
      121.31834457522297
    ],
    [
      109.62887812052824,
      108.48313764712573
    ]
  ],
  "bboxes": [
    [
      171.10211756901427,
      86.99249296188263,
      28.987381203351106,
      27.987816334270065
    ],
    [
      33.162165635826106,
      138.96986615409847,
      144.93690601675567,
      17.49238520891879
    ]
  ],
  "categories": [
    0,
    7
  ],
  "control_points": []
}