{
  "image_path": "/home/quynhthu/Documents/AI-project/e2e/data/raw/67005b6b-frame_4203_jpg.rf.b03d50b3a1d17398abe0b6618b1bb944.jpg",
  "command": 3,
  "waypoints": [
    [
      103.13170647150125,
      224.0
    ],
    [
      103.85361443250424,
      211.16479307190286
    ],
    [
      104.57552239350726,
      198.3295861438057
    ],
    [
      105.29743035451023,
      185.49437921570853
    ],
    [
      106.01933831551325,
      172.6591722876114
    ],
    [
      106.74124627651624,
      159.82396535951426
    ],
    [
      107.46315423751925,
      146.98875843141712
    ],
    [
      108.18506219852223,
      134.15355150332
    ],
    [
      108.90697015952526,
      121.31834457522287
    ],
    [
      109.62887812052824,
      108.48313764712573
    ]
  ],
  "bboxes": [
    [
      33.162165635826106,
      144.46747293404437,
      146.93603575491784,
      15.9930379052972
    ],
    [
      172.1016824380953,
      84.49358078917994,
      28.487598768810642,
      31.486293376053837
    ]
  ],
  "categories": [
    7,
    0
  ],
  "control_points": [
    [
      103.13170647150125,
      224.0
    ],
    [
      105.27577311568015,
      185.87943542355148
    ],
    [
      107.41983975985906,
      147.75887084710297
    ],
    [
      109.62887812052824,
      108.48313764712572
    ]
  ]
}