{
  "image_path": "/home/quynhthu/Documents/AI-project/e2e/data/raw/670_Color_jpg.rf.f6b854267347b829b7921e0680b6845e.jpg",
  "command": 0,
  "waypoints": [
    [
      98.13388212609588,
      222.93331515690866
    ],
    [
      100.91045120687663,
      205.0522102766806
    ],
    [
      103.6870202876574,
      187.17110539645253
    ],
    [
      106.46358936843812,
      169.29000051622444
    ],
    [
      109.24015844921892,
      151.40889563599637
    ],
    [
      112.01672752999968,
      133.52779075576822
    ],
    [
      114.79329661078043,
      115.64668587554007
    ],
    [
      117.56986569156123,
      97.76558099531195
    ],
    [
      120.346434772342,
      79.88447611508387
    ],
    [
      123.12300385312274,
      62.00337123485577
    ]
  ],
  "bboxes": [
    [
      155.1090796637171,
      2.52926152453192,
      13.993908167135004,
      21.990427119783618
    ],
    [
      167.10385809268996,
      11.025562911721046,
      55.47585023399958,
      48.47889615043207
    ]
  ],
  "categories": [
    8,
    3
  ],
  "control_points": []
}