{
  "image_path": "/home/quynhthu/Documents/AI-project/e2e/data/raw/670_Color_jpg.rf.a76e52b26452a4a438e89b15f4811ae8.jpg",
  "command": 3,
  "waypoints": [
    [
      98.13388212609588,
      222.93331515690866
    ],
    [
      100.91045120687663,
      205.0522102766806
    ],
    [
      103.6870202876574,
      187.17110539645253
    ],
    [
      106.46358936843812,
      169.29000051622444
    ],
    [
      109.24015844921892,
      151.40889563599637
    ],
    [
      112.01672752999968,
      133.52779075576822
    ],
    [
      114.79329661078043,
      115.64668587554007
    ],
    [
      117.56986569156123,
      97.76558099531195
    ],
    [
      120.346434772342,
      79.88447611508387
    ],
    [
      123.12300385312274,
      62.00337123485577
    ]
  ],
  "bboxes": [
    [
      169.1029878308521,
      14.524039953504806,
      53.97650293037796,
      38.98302989416188
    ],
    [
      157.60799183641976,
      3.029043959072461,
      10.495431125351274,
      21.990427119783618
    ]
  ],
  "categories": [
    3,
    8
  ],
  "control_points": []
}