{
  "image_path": "/home/quynhthu/Documents/AI-project/e2e/data/raw/672_Color_jpg.rf.f05d0c9e459132569e9e92caf5a9f058.jpg",
  "command": 0,
  "waypoints": [
    [
      107.12996594782555,
      224.0
    ],
    [
      109.85100364699069,
      206.6667511610381
    ],
    [
      112.57204134615583,
      189.33350232207619
    ],
    [
      115.29307904532094,
      172.00025348311428
    ],
    [
      118.01411674448613,
      154.6670046441523
    ],
    [
      120.73515444365127,
      137.3337558051903
    ],
    [
      123.45619214281642,
      120.00050696622823
    ],
    [
      126.1772298419816,
      102.66725812726617
    ],
    [
      128.8982675411467,
      85.33400928830422
    ],
    [
      131.61930524031186,
      68.00076044934225
    ]
  ],
  "bboxes": [
    [
      167.6036405272305,
      13.024692649883193,
      14.99347303621613,
      20.99086225070255
    ],
    [
      174.600594610798,
      18.02251699528857,
      49.47846101951319,
      50.97780832313475
    ]
  ],
  "categories": [
    8,
    3
  ],
  "control_points": []
}