{
  "image_path": "/home/quynhthu/Documents/AI-project/e2e/data/raw/672_Color_jpg.rf.fcbbcb4f1439c9db69bc1132a2c806a4.jpg",
  "command": 1,
  "waypoints": [
    [
      107.12996594782555,
      224.0
    ],
    [
      109.85100364699069,
      206.6667511610381
    ],
    [
      112.57204134615583,
      189.33350232207619
    ],
    [
      115.29307904532094,
      172.00025348311428
    ],
    [
      118.01411674448613,
      154.6670046441523
    ],
    [
      120.73515444365127,
      137.3337558051903
    ],
    [
      123.45619214281642,
      120.00050696622823
    ],
    [
      126.1772298419816,
      102.66725812726617
    ],
    [
      128.8982675411467,
      85.33400928830422
    ],
    [
      131.61930524031186,
      68.00076044934225
    ]
  ],
  "bboxes": [
    [
      175.6001594798791,
      18.02251699528857,
      46.479766412269925,
      48.9786785849726
    ],
    [
      168.60320539631158,
      11.52534534626159,
      12.994343298053934,
      24.489339292486306
    ]
  ],
  "categories": [
    3,
    8
  ],
  "control_points": []
}