{
  "image_path": "/home/quynhthu/Documents/AI-project/e2e/data/raw/676_Color_jpg.rf.8809d147b44de1a4b83d751780d10416.jpg",
  "command": 0,
  "waypoints": [
    [
      124.1225687222038,
      223.43309759144918
    ],
    [
      125.677447407441,
      205.6630554744524
    ],
    [
      127.23232609267824,
      187.89301335745557
    ],
    [
      128.7872047779154,
      170.12297124045884
    ],
    [
      130.3420834631527,
      152.35292912346202
    ],
    [
      131.89696214838992,
      134.582887006465
    ],
    [
      133.45184083362716,
      116.81284488946807
    ],
    [
      135.00671951886437,
      99.04280277247108
    ],
    [
      136.5615982041016,
      81.27276065547426
    ],
    [
      138.11647688933883,
      63.5027185384774
    ]
  ],
  "bboxes": [
    [
      182.09733112890603,
      23.520123775234467,
      15.993037905297228,
      23.489774423405244
    ],
    [
      185.59580817068985,
      30.517077858801983,
      37.48368259054021,
      46.479766412269925
    ]
  ],
  "categories": [
    8,
    3
  ],
  "control_points": []
}