{
  "image_path": "/home/quynhthu/Documents/AI-project/e2e/data/raw/678_Color_jpg.rf.da6e6df764da916c9ec1b9ed39fb616f.jpg",
  "command": 0,
  "waypoints": [
    [
      115.12648490047414,
      224.0
    ],
    [
      116.34817529601767,
      205.8893118184195
    ],
    [
      117.5698656915612,
      187.77862363683894
    ],
    [
      118.7915560871047,
      169.66793545525846
    ],
    [
      120.01324648264828,
      151.55724727367786
    ],
    [
      121.2349368781918,
      133.44655909209715
    ],
    [
      122.45662727373532,
      115.3358709105164
    ],
    [
      123.67831766927888,
      97.22518272893568
    ],
    [
      124.90000806482242,
      79.11449454735526
    ],
    [
      126.12169846036593,
      61.003806365774736
    ]
  ],
  "bboxes": [
    [
      177.0995067835007,
      29.517512989720913,
      44.980419108648334,
      54.47628536491851
    ],
    [
      168.60320539631158,
      24.01990620977501,
      20.99086225070252,
      32.48585824513488
    ]
  ],
  "categories": [
    3,
    8
  ],
  "control_points": []
}