{
  "image_path": "/home/quynhthu/Documents/AI-project/e2e/data/raw/678_Color_jpg.rf.4c76b38d31bb3a3f1608398ccbfdf796.jpg",
  "command": 0,
  "waypoints": [
    [
      115.12648490047414,
      224.0
    ],
    [
      116.34817529601767,
      205.8893118184195
    ],
    [
      117.5698656915612,
      187.77862363683894
    ],
    [
      118.7915560871047,
      169.66793545525846
    ],
    [
      120.01324648264828,
      151.55724727367786
    ],
    [
      121.2349368781918,
      133.44655909209715
    ],
    [
      122.45662727373532,
      115.3358709105164
    ],
    [
      123.67831766927888,
      97.22518272893568
    ],
    [
      124.90000806482242,
      79.11449454735526
    ],
    [
      126.12169846036593,
      61.003806365774736
    ]
  ],
  "bboxes": [
    [
      170.1025526999332,
      25.01947107885608,
      17.99216764345934,
      26.48846903064846
    ],
    [
      173.10124730717644,
      24.519688644315536,
      50.4780258885942,
      63.972151621188715
    ]
  ],
  "categories": [
    8,
    3
  ],
  "control_points": []
}