{
  "image_path": "/home/quynhthu/Documents/AI-project/e2e/data/raw/696_Color_jpg.rf.22dbd42cf8dcf40344160e86b9041f74.jpg",
  "command": 0,
  "waypoints": [
    [
      86.13910369712302,
      223.43309759144918
    ],
    [
      88.30482758013201,
      204.55242784214005
    ],
    [
      90.47055146314099,
      185.67175809283094
    ],
    [
      92.63627534614996,
      166.79108834352186
    ],
    [
      94.801999229159,
      147.91041859421267
    ],
    [
      96.96772311216797,
      129.02974884490337
    ],
    [
      99.13344699517698,
      110.14907909559412
    ],
    [
      101.29917087818598,
      91.26840934628491
    ],
    [
      103.46489476119496,
      72.3877395969758
    ],
    [
      105.63061864420393,
      53.507069847666656
    ]
  ],
  "bboxes": [
    [
      134.11821741301455,
      4.0286088281535335,
      12.994343298053963,
      19.991297381621475
    ]
  ],
  "categories": [
    8
  ],
  "control_points": []
}