{
  "image_path": "/home/quynhthu/Documents/AI-project/e2e/data/raw/697_Color_jpg.rf.d07d23037234a11990e4266b752a3e8e.jpg",
  "command": 1,
  "waypoints": [
    [
      91.13692804252838,
      222.43353272236814
    ],
    [
      93.0249950174593,
      203.8305198811371
    ],
    [
      94.9130619923902,
      185.22750703990604
    ],
    [
      96.80112896732108,
      166.62449419867502
    ],
    [
      98.68919594225204,
      148.02148135744395
    ],
    [
      100.57726291718295,
      129.4184685162127
    ],
    [
      102.46532989211389,
      110.81545567498148
    ],
    [
      104.35339686704484,
      92.21244283375022
    ],
    [
      106.24146384197572,
      73.6094299925193
    ],
    [
      108.12953081690662,
      55.00641715128828
    ]
  ],
  "bboxes": [
    [
      138.61625932387938,
      7.0273034353967505,
      10.995213559891823,
      17.99216764345933
    ]
  ],
  "categories": [
    8
  ],
  "control_points": []
}