{
  "image_path": "/home/quynhthu/Documents/AI-project/e2e/data/raw/699_Color_jpg.rf.89f5f459b43d76546f27616d54929704.jpg",
  "command": 1,
  "waypoints": [
    [
      101.1325767333391,
      224.0
    ],
    [
      102.46532989211386,
      204.83421556772274
    ],
    [
      103.79808305088865,
      185.66843113544547
    ],
    [
      105.13083620966337,
      166.50264670316824
    ],
    [
      106.46358936843818,
      147.336862270891
    ],
    [
      107.79634252721291,
      128.17107783861377
    ],
    [
      109.12909568598766,
      109.00529340633656
    ],
    [
      110.46184884476244,
      89.83950897405927
    ],
    [
      111.79460200353722,
      70.67372454178184
    ],
    [
      113.12735516231199,
      51.50794010950454
    ]
  ],
  "bboxes": [
    [
      144.11386610382527,
      7.0273034353967505,
      13.494125732594483,
      23.489774423405233
    ]
  ],
  "categories": [
    8
  ],
  "control_points": []
}