{
  "image_path": "/home/quynhthu/Documents/AI-project/e2e/data/raw/700_Color_jpg.rf.290bbea052ec35f066ed9370e098fea4.jpg",
  "command": 3,
  "waypoints": [
    [
      101.1325767333391,
      224.0
    ],
    [
      102.34006820741254,
      206.05555555555551
    ],
    [
      103.54755968148596,
      188.11111111111103
    ],
    [
      104.7550511555594,
      170.16666666666654
    ],
    [
      105.96254262963285,
      152.22222222222214
    ],
    [
      107.17003410370629,
      134.2777777777778
    ],
    [
      108.3775255777797,
      116.33333333333347
    ],
    [
      109.58501705185313,
      98.38888888888914
    ],
    [
      110.79250852592658,
      80.44444444444449
    ],
    [
      112.0,
      62.5
    ]
  ],
  "bboxes": [
    [
      144.61364853836582,
      12.524910215342661,
      15.993037905297143,
      22.49020955432415
    ]
  ],
  "categories": [
    8
  ],
  "control_points": []
}