{
  "image_path": "/home/quynhthu/Documents/AI-project/e2e/data/raw/704459a1b94708195156_jpg.rf.3cb390dce6ece1bbed39e6ba6ad3bb6c.jpg",
  "command": 0,
  "waypoints": [
    [
      106.13040107874447,
      222.93331515690866
    ],
    [
      104.14344065601989,
      209.00057770353675
    ],
    [
      102.16447422326398,
      195.06670547963466
    ],
    [
      100.25297502141846,
      181.12345080205753
    ],
    [
      98.50812068901263,
      167.15849825359362
    ],
    [
      97.10443783057038,
      153.15563768525988
    ],
    [
      96.37410448016155,
      139.10349759671337
    ],
    [
      97.01692297044173,
      125.05573332318444
    ],
    [
      100.58064687898245,
      111.49611243419474
    ],
    [
      109.1290956859877,
      100.48661869447714
    ]
  ],
  "bboxes": [],
  "categories": [],
  "control_points": [
    [
      106.13040107874447,
      222.93331515690866
    ],
    [
      95.63496995339321,
      148.96551484490922
    ],
    [
      89.63758073890676,
      115.97987416523378
    ],
    [
      109.1290956859877,
      100.48661869447714
    ]
  ]
}