{
  "image_path": "/home/quynhthu/Documents/AI-project/e2e/data/raw/7213735a-frame_9061_jpg.rf.cf63f19ff2a8eb0b02d2a7cd31c1322f.jpg",
  "command": 1,
  "waypoints": [
    [
      140.11560662750097,
      224.0
    ],
    [
      139.2105070347064,
      201.02437097893974
    ],
    [
      135.86970334406973,
      178.29591502247115
    ],
    [
      127.90322861924768,
      156.8015105341049
    ],
    [
      113.11475811883358,
      139.33477463748727
    ],
    [
      93.26428508962564,
      127.86547104602988
    ],
    [
      71.46675063440382,
      120.60539242949237
    ],
    [
      49.04514701977425,
      115.51479693725312
    ],
    [
      26.402756734198963,
      111.49523509480835
    ],
    [
      3.675001997934432,
      107.98335521258518
    ]
  ],
  "bboxes": [
    [
      48.15563867204221,
      58.504894193072055,
      94.95866256270199,
      42.48150693594561
    ]
  ],
  "categories": [
    3
  ],
  "control_points": []
}