{
  "image_path": "/home/quynhthu/Documents/AI-project/e2e/data/raw/97626cae8b483a166359_jpg.rf.5949c4609340448c551e607331b2741e.jpg",
  "command": 0,
  "waypoints": [
    [
      91.13692804252838,
      221.43396785328704
    ],
    [
      86.91099006783531,
      205.9682234934018
    ],
    [
      83.04532950938948,
      190.40895917224643
    ],
    [
      79.80271860338296,
      174.70919318670684
    ],
    [
      77.61701723621597,
      158.83092561440617
    ],
    [
      77.23886517243746,
      142.81665489414866
    ],
    [
      79.89066359021676,
      127.04406052288721
    ],
    [
      86.93066817548592,
      112.7217782259946
    ],
    [
      98.25087828010344,
      101.4598059448842
    ],
    [
      112.12779029323092,
      93.48966461090963
    ]
  ],
  "bboxes": [],
  "categories": [],
  "control_points": [
    [
      91.13692804252838,
      221.43396785328704
    ],
    [
      72.14519552998799,
      153.96333919031457
    ],
    [
      66.64758875004208,
      113.98074442707163
    ],
    [
      112.12779029323092,
      93.48966461090963
    ]
  ]
}