{
  "image_path": "/home/quynhthu/Documents/AI-project/e2e/data/raw/99877c8e9b682a367379_jpg.rf.ecbdfe68be40bff205ba535b9b18900d.jpg",
  "command": 0,
  "waypoints": [
    [
      61.14998197009616,
      222.43353272236814
    ],
    [
      57.80953285730501,
      208.85364580187303
    ],
    [
      54.92425928400405,
      195.17037600772358
    ],
    [
      52.74017929800867,
      181.35918635551315
    ],
    [
      51.681537169569985,
      167.4203084393073
    ],
    [
      52.495275270436,
      153.47620074208075
    ],
    [
      56.379841819951345,
      140.08902319754296
    ],
    [
      64.28593386151374,
      128.63944635913768
    ],
    [
      75.41405853191108,
      120.24351364442305
    ],
    [
      88.13823343528516,
      114.48052686161218
    ]
  ],
  "bboxes": [],
  "categories": [],
  "control_points": [
    [
      61.14998197009616,
      222.43353272236814
    ],
    [
      44.15737919571791,
      156.96203379755778
    ],
    [
      48.15563867204221,
      128.97421746328772
    ],
    [
      88.13823343528516,
      114.48052686161218
    ]
  ]
}