{
  "image_path": "/home/quynhthu/Documents/AI-project/e2e/data/raw/dataCollect2_frame_000311_jpg.rf.c5c010a3dda6a2b609d587afb2449f5c.jpg",
  "command": 3,
  "waypoints": [
    [
      125.02125461600387,
      170.52535379905672
    ],
    [
      125.81908630003167,
      158.86473687865035
    ],
    [
      126.61691798405947,
      147.20411995824398
    ],
    [
      127.41474966808725,
      135.5435030378376
    ],
    [
      128.2125813521151,
      123.88288611743128
    ],
    [
      129.01041303614284,
      112.22226919702499
    ],
    [
      129.80824472017065,
      100.56165227661867
    ],
    [
      130.60607640419846,
      88.90103535621236
    ],
    [
      131.40390808822627,
      77.24041843580606
    ],
    [
      132.20173977225406,
      65.57980151539974
    ]
  ],
  "bboxes": [
    [
      198.48314121456372,
      29.677375734148665,
      25.516858785436284,
      67.9384364783674
    ],
    [
      79.72896363042558,
      93.19705211636209,
      98.317412139426,
      20.989110456731396
    ]
  ],
  "categories": [
    12,
    7
  ],
  "control_points": []
}