{
  "image_path": "/home/quynhthu/Documents/AI-project/e2e/data/raw/dataCollect2_frame_000265_jpg.rf.4a05a5cd024557bc1266f68365ad309f.jpg",
  "command": 0,
  "waypoints": [
    [
      110.10793929148417,
      169.4206637750182
    ],
    [
      110.476169299497,
      158.74199354264604
    ],
    [
      110.84439930750985,
      148.0633233102739
    ],
    [
      111.21262931552266,
      137.38465307790167
    ],
    [
      111.58085932353555,
      126.70598284552948
    ],
    [
      111.94908933154834,
      116.02731261315728
    ],
    [
      112.31731933956118,
      105.34864238078507
    ],
    [
      112.68554934757401,
      94.6699721484132
    ],
    [
      113.05377935558685,
      83.99130191604135
    ],
    [
      113.42200936359967,
      73.31263168366921
    ]
  ],
  "bboxes": [],
  "categories": [],
  "control_points": []
}