{
  "image_path": "/home/quynhthu/Documents/AI-project/e2e/data/raw/dataCollect0_frame_000101_jpg.rf.6d14da3943e2f81fe8901e6d17ef9b97_dup1.jpg",
  "command": 1,
  "waypoints": [
    [
      114.33333333333333,
      186.33333333333334
    ],
    [
      113.78191962345018,
      173.4290529380985
    ],
    [
      112.13115367189282,
      160.6218425523174
    ],
    [
      108.99747829071337,
      148.0989778749031
    ],
    [
      104.03475974534415,
      136.18756852126742
    ],
    [
      97.05215758213426,
      125.34122176217085
    ],
    [
      88.14817611974856,
      116.00828996466167
    ],
    [
      77.69891036301776,
      108.43957391267635
    ],
    [
      66.18096818910068,
      102.61430821652267
    ],
    [
      54.0,
      98.33333333333333
    ]
  ],
  "bboxes": [],
  "categories": [],
  "control_points": [
    [
      114.33333333333333,
      186.33333333333334
    ],
    [
      114.0,
      154.0
    ],
    [
      107.0,
      113.66666666666667
    ],
    [
      54.0,
      98.33333333333333
    ]
  ]
}