{
  "image_path": "/home/quynhthu/Documents/AI-project/e2e/data/raw/dataCollect2_frame_000203_jpg.rf.1bcf0a1f595b6f79aed23186b08ff4c5.jpg",
  "command": 0,
  "waypoints": [
    [
      119.1286282740528,
      170.82733984218282
    ],
    [
      128.17688176346206,
      162.3889215644362
    ],
    [
      136.9739831330085,
      153.689261232815
    ],
    [
      145.44884068256115,
      144.67583996925111
    ],
    [
      153.49559834570752,
      135.27903253947244
    ],
    [
      160.94501541966378,
      125.40353021402176
    ],
    [
      167.50750114004427,
      114.92119970806519
    ],
    [
      172.63372469775908,
      103.67566355734915
    ],
    [
      175.21440005354975,
      91.61639268862923
    ],
    [
      173.395249991979,
      79.47852661700703
    ]
  ],
  "bboxes": [],
  "categories": [],
  "control_points": [
    [
      119.1286282740528,
      170.82733984218282
    ],
    [
      148.97527021891221,
      143.69402898321974
    ],
    [
      183.79635248791487,
      105.70739378067137
    ],
    [
      173.395249991979,
      79.47852661700703
    ]
  ]
}