{
  "image_path": "/home/quynhthu/Documents/AI-project/e2e/data/raw/dataCollect2_frame_000277_jpg.rf.6941f6e0e3efbab5cebbf5db7f74f1d7.jpg",
  "command": 0,
  "waypoints": [
    [
      78.07192859436785,
      169.4206637750182
    ],
    [
      79.97445030243415,
      160.8286302547188
    ],
    [
      81.87697201050045,
      152.23659673441938
    ],
    [
      83.77949371856671,
      143.64456321411993
    ],
    [
      85.68201542663306,
      135.05252969382053
    ],
    [
      87.58453713469935,
      126.46049617352112
    ],
    [
      89.48705884276565,
      117.8684626532217
    ],
    [
      91.38958055083192,
      109.2764291329223
    ],
    [
      93.29210225889821,
      100.68439561262299
    ],
    [
      95.1946239669645,
      92.0923620923236
    ]
  ],
  "bboxes": [
    [
      61.50157823379042,
      80.49311683991941,
      69.59547151442518,
      10.494555228365698
    ],
    [
      132.75408478427332,
      44.03834604664908,
      11.599245252404188,
      17.12269537259668
    ]
  ],
  "categories": [
    7,
    5
  ],
  "control_points": []
}