{
  "image_path": "/home/quynhthu/Documents/AI-project/e2e/data/raw/dataCollect0_frame_000218_jpg.rf.0c20ebc07bbb3c3d5ebec50163018dd6_dup1.jpg",
  "command": 0,
  "waypoints": [
    [
      114.66666666666667,
      188.0
    ],
    [
      115.5661802674792,
      177.03745862911038
    ],
    [
      116.53681517069913,
      166.08095464101442
    ],
    [
      117.53211355546233,
      155.1266558201544
    ],
    [
      118.51898600569886,
      144.17159635877377
    ],
    [
      119.47330611061915,
      133.21365833827727
    ],
    [
      120.37724156362127,
      122.25145488951829
    ],
    [
      121.21719049141636,
      111.28416863058759
    ],
    [
      121.9828661417561,
      100.31145212834961
    ],
    [
      122.66666666666667,
      89.33333333333333
    ]
  ],
  "bboxes": [],
  "categories": [],
  "control_points": [
    [
      114.66666666666667,
      188.0
    ],
    [
      116.66666666666667,
      162.0
    ],
    [
      120.33333333333333,
      129.33333333333334
    ],
    [
      122.66666666666667,
      89.33333333333333
    ]
  ]
}