{
  "image_path": "/home/quynhthu/Documents/AI-project/e2e/data/raw/dataCollect2_frame_000090_jpg.rf.872a38f5c487999468db83dc6a818ac5_dup1.jpg",
  "command": 3,
  "waypoints": [
    [
      138.121945875327,
      173.54067092807915
    ],
    [
      138.74799286180482,
      162.2877217457592
    ],
    [
      139.9064100741102,
      151.07748553786098
    ],
    [
      141.706170285082,
      139.95281486453564
    ],
    [
      144.2810752638375,
      128.98256406798492
    ],
    [
      147.79333013592085,
      118.27704930211657
    ],
    [
      152.41480035481183,
      108.00383245022795
    ],
    [
      158.29189299320424,
      98.39629990363017
    ],
    [
      165.4757204240248,
      89.72437470837008
    ],
    [
      173.8474718396284,
      82.19185770290336
    ]
  ],
  "bboxes": [],
  "categories": [],
  "control_points": [
    [
      138.121945875327,
      173.54067092807915
    ],
    [
      139.93083326592452,
      121.08293660075047
    ],
    [
      155.30637608600364,
      96.66295682768367
    ],
    [
      173.8474718396284,
      82.19185770290336
    ]
  ]
}