{
  "image_path": "/home/quynhthu/Documents/AI-project/e2e/data/raw/dataCollect2_frame_000052_jpg.rf.a90705182dfa925819dbb7f6151acaa4.jpg",
  "command": 0,
  "waypoints": [
    [
      191.33333333333334,
      189.33333333333334
    ],
    [
      194.97768461492714,
      182.47292046976165
    ],
    [
      198.60014938055534,
      175.60092942669135
    ],
    [
      202.18761195838798,
      168.71061015948192
    ],
    [
      205.7190779000755,
      161.791447562094
    ],
    [
      209.15945303365922,
      154.82660577685382
    ],
    [
      212.45167126003778,
      147.79067313106663
    ],
    [
      215.51172979779042,
      140.6510036614891
    ],
    [
      218.25389548437855,
      133.3835593969109
    ],
    [
      220.66666666666666,
      126.0
    ]
  ],
  "bboxes": [],
  "categories": [],
  "control_points": [
    [
      191.33333333333334,
      189.33333333333334
    ],
    [
      210.33333333333334,
      153.66666666666666
    ],
    [
      215.66666666666666,
      142.33333333333334
    ],
    [
      220.66666666666666,
      126.0
    ]
  ]
}