{
  "image_path": "/home/quynhthu/Documents/AI-project/e2e/data/raw/dataCollect2_frame_000096_jpg.rf.ae58e762dbfcf58bd029fe10bcc3e5c2_dup2.jpg",
  "command": 1,
  "waypoints": [
    [
      105.56197284457126,
      169.01845245158532
    ],
    [
      109.3808584191511,
      159.03467277704905
    ],
    [
      113.15275390840398,
      149.03306465112865
    ],
    [
      116.8289323361911,
      138.99593167485352
    ],
    [
      120.34465845836665,
      128.90159199346564
    ],
    [
      123.61073387172958,
      118.72397117663265
    ],
    [
      126.50432281913615,
      108.43472057139594
    ],
    [
      128.85244749605175,
      98.0083774206539
    ],
    [
      130.4174055023018,
      87.43780936144069
    ],
    [
      130.88639631293682,
      76.76519553111072
    ]
  ],
  "bboxes": [
    [
      108.27530393046756,
      48.27521912919947,
      22.158870534819883,
      16.279986515377857
    ]
  ],
  "categories": [
    3
  ],
  "control_points": [
    [
      105.56197284457126,
      169.01845245158532
    ],
    [
      120.48529381700097,
      130.12737355373818
    ],
    [
      131.3386181605862,
      101.18517530417753
    ],
    [
      130.88639631293682,
      76.76519553111072
    ]
  ]
}