{
  "image_path": "/home/quynhthu/Documents/AI-project/e2e/data/raw/dataCollect_frame_000052_jpg.rf.9b49f7c21c9a2855e4d526e25de74336.jpg",
  "command": 0,
  "waypoints": [
    [
      115.63182879008572,
      175.81882027515908
    ],
    [
      117.50864486091061,
      165.98920871885107
    ],
    [
      119.34343455408316,
      156.15170785576032
    ],
    [
      121.0066307431751,
      146.28399085084487
    ],
    [
      122.30243549789971,
      136.36210680106535
    ],
    [
      122.94619028096407,
      126.37855735985924
    ],
    [
      122.56400955015022,
      116.3850429357488
    ],
    [
      120.78040311163541,
      106.5486423019498
    ],
    [
      117.42098614329994,
      97.13441805030054
    ],
    [
      112.63313418284251,
      88.35689423056519
    ]
  ],
  "bboxes": [
    [
      115.1320463555452,
      54.371688681808706,
      40.482377197783464,
      25.488904161567362
    ]
  ],
  "categories": [
    3
  ],
  "control_points": [
    [
      115.63182879008572,
      175.81882027515908
    ],
    [
      123.12856530819377,
      136.3360079464567
    ],
    [
      128.62617208813967,
      113.34601595759202
    ],
    [
      112.63313418284251,
      88.35689423056519
    ]
  ]
}