{
  "image_path": "/home/quynhthu/Documents/AI-project/e2e/data/raw/dataCollect2_frame_000158_jpg.rf.63cf826af0581699a6adce2f81c6cf18.jpg",
  "command": 0,
  "waypoints": [
    [
      90.18643002449215,
      163.59179027979266
    ],
    [
      80.4887837360109,
      157.5621656444675
    ],
    [
      70.79113744752962,
      151.5325410091424
    ],
    [
      61.09349115904839,
      145.50291637381724
    ],
    [
      51.3958448705671,
      139.47329173849212
    ],
    [
      41.698198582085844,
      133.443667103167
    ],
    [
      32.00055229360458,
      127.41404246784184
    ],
    [
      22.30290600512332,
      121.38441783251672
    ],
    [
      12.605259716642074,
      115.3547931971916
    ],
    [
      2.907613428160827,
      109.32516856186646
    ]
  ],
  "bboxes": [],
  "categories": [],
  "control_points": [
    [
      90.18643002449215,
      163.59179027979266
    ],
    [
      61.38442054770282,
      145.68380511287702
    ],
    [
      32.58241107091348,
      127.77581994596136
    ],
    [
      2.907613428160827,
      109.32516856186646
    ]
  ]
}