{
  "image_path": "/home/quynhthu/Documents/AI-project/e2e/data/raw/dataCollect2_frame_000208_jpg.rf.236d33f444b08807e2541da9f3fb0ad2_dup1.jpg",
  "command": 2,
  "waypoints": [
    [
      129.0775089223393,
      168.5662306039359
    ],
    [
      137.20009340505862,
      159.4754177720318
    ],
    [
      146.0597195104012,
      151.10462407841888
    ],
    [
      155.610410345076,
      143.5320600614773
    ],
    [
      165.79002748712136,
      136.82883480195022
    ],
    [
      176.52012266732862,
      131.04750127512062
    ],
    [
      187.7131034643806,
      126.22261543413912
    ],
    [
      199.2746273646024,
      122.36261878317157
    ],
    [
      211.11195413951333,
      119.45505025768226
    ],
    [
      223.13965323341137,
      117.46516181955539
    ]
  ],
  "bboxes": [],
  "categories": [],
  "control_points": []
}