{
  "image_path": "/home/quynhthu/Documents/AI-project/e2e/data/raw/dataCollect_frame_000071_jpg.rf.da5459cdc7d68930cb29b7a722ab835b.jpg",
  "command": 0,
  "waypoints": [
    [
      117.13117609370734,
      186.31425140051036
    ],
    [
      117.46436438340102,
      175.54116336708103
    ],
    [
      117.79755267309473,
      164.76807533365167
    ],
    [
      118.13074096278838,
      153.99498730022233
    ],
    [
      118.46392925248213,
      143.221899266793
    ],
    [
      118.7971175421758,
      132.44881123336364
    ],
    [
      119.13030583186946,
      121.6757231999343
    ],
    [
      119.46349412156317,
      110.90263516650495
    ],
    [
      119.79668241125687,
      100.12954713307562
    ],
    [
      120.12987070095055,
      89.35645909964627
    ]
  ],
  "bboxes": [],
  "categories": [],
  "control_points": [
    [
      117.13117609370734,
      186.31425140051036
    ],
    [
      118.1207453140976,
      154.3181799412252
    ],
    [
      119.11031453448786,
      122.32210848194006
    ],
    [
      120.12987070095055,
      89.35645909964627
    ]
  ]
}