{
  "image_path": "/home/quynhthu/Documents/AI-project/e2e/data/raw/dataCollect0_frame_000170_jpg.rf.5814381e2181a25d77766c69d4babdc3_dup1.jpg",
  "command": 0,
  "waypoints": [
    [
      113.66666666666667,
      189.0
    ],
    [
      113.60347433221375,
      178.3180402117139
    ],
    [
      113.39908880626093,
      167.63786706303293
    ],
    [
      113.04934142100144,
      156.96145766907551
    ],
    [
      112.56938328746328,
      146.2900868924107
    ],
    [
      111.98347771977446,
      135.62398772974282
    ],
    [
      111.31576501256478,
      124.96268280781663
    ],
    [
      110.58633211306743,
      114.30541409262953
    ],
    [
      109.8105799706559,
      103.65141186946369
    ],
    [
      109.0,
      93.0
    ]
  ],
  "bboxes": [
    [
      72.66666666666667,
      90.0,
      68.0,
      11.0
    ],
    [
      149.0,
      52.333333333333336,
      11.0,
      14.666666666666666
    ],
    [
      124.0,
      44.0,
      8.0,
      10.0
    ]
  ],
  "categories": [
    7,
    4,
    6
  ],
  "control_points": [
    [
      113.66666666666667,
      189.0
    ],
    [
      113.66666666666667,
      163.33333333333334
    ],
    [
      112.66666666666667,
      140.33333333333334
    ],
    [
      109.0,
      93.0
    ]
  ]
}