{
  "image_path": "/home/quynhthu/Documents/AI-project/e2e/data/raw/dataCollect0_frame_000134_jpg.rf.09e93765ec9c966abb7cc2e488ec93c2.jpg",
  "command": 0,
  "waypoints": [
    [
      99.33333333333333,
      187.33333333333334
    ],
    [
      101.26225800863762,
      175.9158015581951
    ],
    [
      103.1925588127336,
      164.4985021116486
    ],
    [
      105.11040349787606,
      153.07910485075922
    ],
    [
      107.00375277146337,
      141.65562298089222
    ],
    [
      108.85903530425969,
      130.22590148505472
    ],
    [
      110.65670215460226,
      118.78698706316858
    ],
    [
      112.3632846631,
      107.33416144344199
    ],
    [
      113.90502798840483,
      95.85813325220363
    ],
    [
      115.0,
      84.33333333333333
    ]
  ],
  "bboxes": [],
  "categories": [],
  "control_points": [
    [
      99.33333333333333,
      187.33333333333334
    ],
    [
      105.0,
      153.66666666666666
    ],
    [
      114.33333333333333,
      100.0
    ],
    [
      115.0,
      84.33333333333333
    ]
  ]
}