{
  "image_path": "/home/quynhthu/Documents/AI-project/e2e/data/raw/dataCollect2_frame_000032_jpg.rf.a5492a1e205ce28fb4f891f1c660031a_dup3.jpg",
  "command": 1,
  "waypoints": [
    [
      116.66666666666667,
      165.66666666666666
    ],
    [
      115.42407328478367,
      148.15409466606556
    ],
    [
      113.34566197167418,
      130.7257684813039
    ],
    [
      109.10835666885676,
      113.71096650334033
    ],
    [
      101.13308038676514,
      98.13722494491601
    ],
    [
      88.72386935453157,
      85.83131003039092
    ],
    [
      73.20074665495734,
      77.73736126545802
    ],
    [
      56.28385718536099,
      73.12281650228674
    ],
    [
      38.87631277867951,
      70.91101885445794
    ],
    [
      21.333333333333332,
      70.33333333333333
    ]
  ],
  "bboxes": [
    [
      188.66666666666666,
      44.0,
      26.0,
      28.666666666666668
    ],
    [
      58.666666666666664,
      115.0,
      110.0,
      12.0
    ]
  ],
  "categories": [
    5,
    7
  ],
  "control_points": [
    [
      116.66666666666667,
      165.66666666666666
    ],
    [
      113.33333333333333,
      116.33333333333333
    ],
    [
      112.66666666666667,
      70.0
    ],
    [
      21.333333333333332,
      70.33333333333333
    ]
  ]
}