{
  "image_path": "/home/quynhthu/Documents/AI-project/e2e/data/raw/dataCollect0_frame_000157_jpg.rf.85f711e2e56dce314a84f7896a963944.jpg",
  "command": 3,
  "waypoints": [
    [
      114.33333333333333,
      190.33333333333334
    ],
    [
      115.06599145850875,
      177.67819736874742
    ],
    [
      115.79297157200772,
      165.0227372001898
    ],
    [
      116.4122040922094,
      152.36160715627682
    ],
    [
      116.85629751643286,
      139.6931796305195
    ],
    [
      117.09265507218913,
      127.0191988919402
    ],
    [
      117.11417646504668,
      114.34303124771368
    ],
    [
      116.92906034355123,
      101.66817880105619
    ],
    [
      116.55155108464997,
      88.99757510355671
    ],
    [
      116.0,
      76.33333333333333
    ]
  ],
  "bboxes": [
    [
      207.33333333333334,
      62.0,
      16.333333333333332,
      36.0
    ]
  ],
  "categories": [
    4
  ],
  "control_points": [
    [
      114.33333333333333,
      190.33333333333334
    ],
    [
      116.0,
      160.0
    ],
    [
      118.66666666666667,
      129.66666666666666
    ],
    [
      116.0,
      76.33333333333333
    ]
  ]
}