{
  "image_path": "/home/quynhthu/Documents/AI-project/e2e/data/raw/dataCollect2_frame_000039_jpg.rf.93e2fe484040bd7876e0737562c1297a.jpg",
  "command": 2,
  "waypoints": [
    [
      134.33333333333334,
      168.33333333333334
    ],
    [
      141.9295713862591,
      159.75668486274756
    ],
    [
      150.63641980575895,
      152.2986811824687
    ],
    [
      160.01548415603745,
      145.70092318166002
    ],
    [
      169.8417323789869,
      139.7872782395917
    ],
    [
      179.9904848165622,
      134.44474192129533
    ],
    [
      190.39107719650164,
      129.61013034209827
    ],
    [
      201.0076458149339,
      125.27035159840865
    ],
    [
      211.83879647504796,
      121.5001169159555
    ],
    [
      223.0,
      119.0
    ]
  ],
  "bboxes": [],
  "categories": [],
  "control_points": [
    [
      134.33333333333334,
      168.33333333333334
    ],
    [
      155.66666666666666,
      139.33333333333334
    ],
    [
      215.0,
      118.66666666666667
    ],
    [
      223.0,
      119.0
    ]
  ]
}