{
  "image_path": "/home/quynhthu/Documents/AI-project/e2e/data/raw/dataCollect0_frame_000183_jpg.rf.41651cc346a6072155cd76ace63fb366.jpg",
  "command": 3,
  "waypoints": [
    [
      119.66666666666667,
      188.33333333333334
    ],
    [
      120.03449841021813,
      176.85691796040598
    ],
    [
      120.235217559383,
      165.37620447886772
    ],
    [
      120.35022740498016,
      153.8942795862684
    ],
    [
      120.41780961849825,
      142.41196763078196
    ],
    [
      120.46061541185695,
      130.92953315663448
    ],
    [
      120.49455771346051,
      119.44706813277328
    ],
    [
      120.53240137976495,
      107.96461564074288
    ],
    [
      120.58578821158981,
      96.48222621559931
    ],
    [
      120.66666666666667,
      85.0
    ]
  ],
  "bboxes": [
    [
      46.0,
      50.333333333333336,
      50.333333333333336,
      44.666666666666664
    ],
    [
      138.66666666666666,
      52.666666666666664,
      22.333333333333332,
      22.666666666666668
    ]
  ],
  "categories": [
    3,
    3
  ],
  "control_points": [
    [
      119.66666666666667,
      188.33333333333334
    ],
    [
      120.66666666666667,
      165.66666666666666
    ],
    [
      120.33333333333333,
      123.66666666666667
    ],
    [
      120.66666666666667,
      85.0
    ]
  ]
}