{
  "image_path": "/home/quynhthu/Documents/AI-project/e2e/data/raw/dataCollect0_frame_000140_jpg.rf.0f8b01da2ab766c4140214377af40d3b_dup1.jpg",
  "command": 3,
  "waypoints": [
    [
      114.66666666666667,
      187.66666666666666
    ],
    [
      114.02224764157101,
      176.55564596886904
    ],
    [
      113.14348059381979,
      165.46004916022352
    ],
    [
      112.28330846903641,
      154.36299788330732
    ],
    [
      111.51963580051978,
      143.25890638847477
    ],
    [
      110.85849697143131,
      132.14823274040097
    ],
    [
      110.28832178328561,
      121.03251040397481
    ],
    [
      109.79608325292257,
      109.91305684590975
    ],
    [
      109.36967210281915,
      98.7908789890459
    ],
    [
      109.0,
      87.66666666666667
    ]
  ],
  "bboxes": [],
  "categories": [],
  "control_points": [
    [
      114.66666666666667,
      187.66666666666666
    ],
    [
      114.0,
      169.33333333333334
    ],
    [
      111.0,
      152.33333333333334
    ],
    [
      109.0,
      87.66666666666667
    ]
  ]
}