{
  "image_path": "/home/quynhthu/Documents/AI-project/e2e/data/raw/dataCollect0_frame_000072_jpg.rf.1a9ba325f38f91caf1a3a8408f43008e.jpg",
  "command": 0,
  "waypoints": [
    [
      118.0,
      184.0
    ],
    [
      119.33951709732553,
      171.47857077066496
    ],
    [
      121.1238682452908,
      159.0135557466229
    ],
    [
      123.56592449322635,
      146.6615918977615
    ],
    [
      126.89168151914392,
      134.51952412042056
    ],
    [
      131.3876751695718,
      122.7639216814682
    ],
    [
      137.40912351624036,
      111.71872094171864
    ],
    [
      145.33403199613443,
      101.96156814783534
    ],
    [
      155.3269032950317,
      94.35252176455157
    ],
    [
      167.00000000000003,
      89.66666666666667
    ]
  ],
  "bboxes": [
    [
      172.33333333333334,
      53.666666666666664,
      15.0,
      22.0
    ],
    [
      116.33333333333333,
      46.333333333333336,
      17.0,
      9.666666666666666
    ]
  ],
  "categories": [
    9,
    3
  ],
  "control_points": []
}