{
  "image_path": "/home/quynhthu/Documents/AI-project/e2e/data/raw/dataCollect0_frame_000184_jpg.rf.c391ba5ff4c69abc563c5c984e35141d_dup1.jpg",
  "command": 3,
  "waypoints": [
    [
      118.33333333333333,
      187.66666666666666
    ],
    [
      118.47900861386843,
      176.32739231791913
    ],
    [
      118.58958647317932,
      164.98772996185622
    ],
    [
      118.637679638688,
      153.64764048350503
    ],
    [
      118.60295540842743,
      142.30751401142524
    ],
    [
      118.4657931756032,
      130.96817968540068
    ],
    [
      118.20368095276494,
      119.63106867365512
    ],
    [
      117.78875467726435,
      108.29855838769697
    ],
    [
      117.18327136028633,
      96.97469341830428
    ],
    [
      116.33333333333333,
      85.66666666666667
    ]
  ],
  "bboxes": [
    [
      31.333333333333332,
      53.0,
      60.333333333333336,
      49.333333333333336
    ],
    [
      137.33333333333334,
      54.0,
      28.666666666666668,
      22.333333333333332
    ],
    [
      132.33333333333334,
      44.333333333333336,
      8.666666666666666,
      10.333333333333334
    ],
    [
      88.66666666666667,
      43.666666666666664,
      10.333333333333334,
      9.0
    ]
  ],
  "categories": [
    3,
    3,
    8,
    8
  ],
  "control_points": [
    [
      118.33333333333333,
      187.66666666666666
    ],
    [
      118.66666666666667,
      162.33333333333334
    ],
    [
      119.33333333333333,
      119.66666666666667
    ],
    [
      116.33333333333333,
      85.66666666666667
    ]
  ]
}