{
  "image_path": "/home/quynhthu/Documents/AI-project/e2e/data/raw/dataCollect0_frame_000068_jpg.rf.81d2e492b73757d288a54155e25bedf9_dup1.jpg",
  "command": 0,
  "waypoints": [
    [
      85.66666666666667,
      186.66666666666666
    ],
    [
      87.27555317691865,
      176.1858296758376
    ],
    [
      88.77440949252048,
      165.68867381480945
    ],
    [
      90.18220005649773,
      155.17890485640297
    ],
    [
      91.5140651001531,
      144.65923568982805
    ],
    [
      92.78330334491424,
      134.1318201097411
    ],
    [
      94.00292981519078,
      123.59853597794417
    ],
    [
      95.18915605727354,
      113.06143302282645
    ],
    [
      96.37136251891069,
      102.5238783125535
    ],
    [
      97.66666666666667,
      92.0
    ]
  ],
  "bboxes": [],
  "categories": [],
  "control_points": [
    [
      85.66666666666667,
      186.66666666666666
    ],
    [
      92.0,
      147.0
    ],
    [
      96.0,
      103.33333333333333
    ],
    [
      97.66666666666667,
      92.0
    ]
  ]
}