{
  "image_path": "/home/quynhthu/Documents/AI-project/e2e/data/raw/dataCollect2_frame_000037_jpg.rf.f20c4758abe212f6023ec23a1c1e706c_dup1.jpg",
  "command": 2,
  "waypoints": [
    [
      128.0,
      168.66666666666666
    ],
    [
      135.43033387833756,
      158.68055223649512
    ],
    [
      143.8232111276739,
      149.49326229540756
    ],
    [
      153.13535666730542,
      141.23961587928008
    ],
    [
      163.27212258910973,
      134.0227649687055
    ],
    [
      174.11958322223515,
      127.92585949258152
    ],
    [
      185.54415558766854,
      122.99385415603909
    ],
    [
      197.4126075554166,
      119.2537738018816
    ],
    [
      209.60042766777804,
      116.74647905720188
    ],
    [
      222.0,
      115.66666666666667
    ]
  ],
  "bboxes": [],
  "categories": [],
  "control_points": []
}