{
  "image_path": "/home/quynhthu/Documents/AI-project/e2e/data/raw/dataCollect2_frame_000088_jpg.rf.b08a9d2017f99bb1e5a92cad86117fa4_dup1.jpg",
  "command": 0,
  "waypoints": [
    [
      95.61309219628478,
      168.5662306039359
    ],
    [
      95.9044792877721,
      157.29348327481205
    ],
    [
      96.04152494794516,
      146.01780713270134
    ],
    [
      96.15887172675093,
      134.7419807990143
    ],
    [
      96.55343484276011,
      123.47374872587571
    ],
    [
      97.81577081084473,
      112.27513437090748
    ],
    [
      100.84015379023167,
      101.42928294607438
    ],
    [
      106.15029520464331,
      91.50351386614639
    ],
    [
      113.25563926011213,
      82.76235930137396
    ],
    [
      121.38973751229973,
      74.95630814051319
    ]
  ],
  "bboxes": [],
  "categories": [],
  "control_points": []
}