{
  "image_path": "/home/quynhthu/Documents/AI-project/e2e/data/raw/dataCollect_frame_000015_jpg.rf.ce7e241b3afb634f26b80161e00df54c.jpg",
  "command": 3,
  "waypoints": [
    [
      111.76497432754194,
      177.15349394328769
    ],
    [
      110.96714264351414,
      167.27265539494337
    ],
    [
      110.16931095948632,
      157.39181684659906
    ],
    [
      109.3714792754585,
      147.51097829825474
    ],
    [
      108.57364759143074,
      137.63013974991043
    ],
    [
      107.77581590740292,
      127.74930120156613
    ],
    [
      106.9779842233751,
      117.86846265322184
    ],
    [
      106.18015253934732,
      107.98762410487754
    ],
    [
      105.38232085531949,
      98.10678555653321
    ],
    [
      104.5844891712917,
      88.22594700818887
    ]
  ],
  "bboxes": [],
  "categories": [],
  "control_points": [
    [
      111.76497432754194,
      177.15349394328769
    ],
    [
      109.39541422597935,
      147.80740345470508
    ],
    [
      107.02585412441678,
      118.46131296612246
    ],
    [
      104.5844891712917,
      88.22594700818887
    ]
  ]
}