{
  "image_path": "/home/quynhthu/Documents/AI-project/e2e/data/raw/dataCollect0_frame_000080_jpg.rf.a81eabbdda62a40fec156267501417a0.jpg",
  "command": 0,
  "waypoints": [
    [
      125.66666666666667,
      187.66666666666666
    ],
    [
      128.31975919494423,
      176.76366549218892
    ],
    [
      130.31335424301938,
      165.7199441821465
    ],
    [
      131.7780949116995,
      154.59337466747493
    ],
    [
      132.76528199504915,
      143.41421223052927
    ],
    [
      133.27785747444904,
      132.20330503149668
    ],
    [
      133.28020173206502,
      120.98090517634851
    ],
    [
      132.6920321065554,
      109.77443030418455
    ],
    [
      131.36013513728093,
      98.63303736226682
    ],
    [
      129.0,
      87.66666666666667
    ]
  ],
  "bboxes": [],
  "categories": [],
  "control_points": [
    [
      125.66666666666667,
      187.66666666666666
    ],
    [
      133.33333333333334,
      160.66666666666666
    ],
    [
      136.66666666666666,
      115.0
    ],
    [
      129.0,
      87.66666666666667
    ]
  ]
}