{
  "image_path": "/home/quynhthu/Documents/AI-project/e2e/data/raw/dataCollect2_frame_000199_jpg.rf.a83d4d3d596a4001934c9a70612e9029.jpg",
  "command": 0,
  "waypoints": [
    [
      91.99531741508969,
      170.82733984218282
    ],
    [
      89.13124571331025,
      160.77796544997426
    ],
    [
      86.2671740115308,
      150.72859105776573
    ],
    [
      83.40310230975136,
      140.67921666555716
    ],
    [
      80.53903060797195,
      130.6298422733486
    ],
    [
      77.6749589061925,
      120.58046788114007
    ],
    [
      74.81088720441306,
      110.53109348893149
    ],
    [
      71.94681550263364,
      100.48171909672295
    ],
    [
      69.08274380085419,
      90.43234470451439
    ],
    [
      66.21867209907474,
      80.38297031230582
    ]
  ],
  "bboxes": [
    [
      119.58085012170218,
      42.39633510975746,
      14.471099124780324,
      18.993317601274185
    ],
    [
      12.8564940764473,
      92.59296019883921,
      97.67991909226717,
      12.209989886533407
    ]
  ],
  "categories": [
    10,
    7
  ],
  "control_points": []
}