{
  "image_path": "/home/quynhthu/Documents/AI-project/e2e/data/raw/dataCollect2_frame_000076_jpg.rf.02b58dd86c5f40849529504df6b75eb9.jpg",
  "command": 0,
  "waypoints": [
    [
      114.92704550567136,
      160.11431962617038
    ],
    [
      115.31576517698066,
      150.11867093535966
    ],
    [
      115.70448484828998,
      140.1230222445489
    ],
    [
      116.09320451959924,
      130.12737355373818
    ],
    [
      116.4819241909086,
      120.13172486292744
    ],
    [
      116.8706438622179,
      110.13607617211672
    ],
    [
      117.25936353352718,
      100.14042748130598
    ],
    [
      117.64808320483652,
      90.14477879049525
    ],
    [
      118.03680287614581,
      80.14913009968454
    ],
    [
      118.42552254745512,
      70.1534814088738
    ]
  ],
  "bboxes": [],
  "categories": [],
  "control_points": [
    [
      114.92704550567136,
      160.11431962617038
    ],
    [
      116.08154292946,
      130.4272430144625
    ],
    [
      117.23604035324864,
      100.74016640275464
    ],
    [
      118.42552254745512,
      70.1534814088738
    ]
  ]
}