{
  "image_path": "/home/quynhthu/Documents/AI-project/e2e/data/raw/dataCollect2_frame_000040_jpg.rf.ab38e0237d0d69e23e2da073de28db55.jpg",
  "command": 2,
  "waypoints": [
    [
      131.0,
      167.33333333333334
    ],
    [
      139.82486627128898,
      161.18261464919883
    ],
    [
      148.83229336116614,
      155.30271648070658
    ],
    [
      158.03972509985422,
      149.7415329641024
    ],
    [
      167.46538186950818,
      144.55928364161613
    ],
    [
      177.12761338980192,
      139.83354833104278
    ],
    [
      187.040195535003,
      135.65960774426924
    ],
    [
      197.2062957594536,
      132.14964783900936
    ],
    [
      207.59398890840814,
      129.3620488213241
    ],
    [
      218.0,
      126.66666666666667
    ]
  ],
  "bboxes": [],
  "categories": [],
  "control_points": [
    [
      131.0,
      167.33333333333334
    ],
    [
      183.0,
      130.0
    ],
    [
      208.66666666666666,
      130.33333333333334
    ],
    [
      218.0,
      126.66666666666667
    ]
  ]
}