{
  "image_path": "/home/quynhthu/Documents/AI-project/e2e/data/raw/dataCollect2_frame_000059_jpg.rf.0cd0662593d34153b11ee511a6b26f6d.jpg",
  "command": 0,
  "waypoints": [
    [
      96.48153410388244,
      165.86906218115124
    ],
    [
      96.78137220216524,
      157.17375733094977
    ],
    [
      97.08121030044805,
      148.4784524807483
    ],
    [
      97.38104839873084,
      139.7831476305468
    ],
    [
      97.6808864970137,
      131.08784278034534
    ],
    [
      97.98072459529648,
      122.39253793014386
    ],
    [
      98.28056269357928,
      113.69723307994238
    ],
    [
      98.58040079186209,
      105.00192822974091
    ],
    [
      98.88023889014491,
      96.30662337953945
    ],
    [
      99.18007698842771,
      87.61131852933798
    ]
  ],
  "bboxes": [],
  "categories": [],
  "control_points": [
    [
      96.48153410388244,
      165.86906218115124
    ],
    [
      97.37205325578238,
      140.04400677605287
    ],
    [
      98.26257240768233,
      114.21895137095449
    ],
    [
      99.18007698842771,
      87.61131852933798
    ]
  ]
}