{
  "image_path": "/home/quynhthu/Documents/AI-project/e2e/data/raw/dataCollect0_frame_000211_jpg.rf.85ddfdcade5fbc398050781bdbf014bb_dup1.jpg",
  "command": 3,
  "waypoints": [
    [
      29.0,
      205.0
    ],
    [
      23.69254548366827,
      192.07710480334308
    ],
    [
      19.846655132845157,
      178.6492771163995
    ],
    [
      17.094906024530587,
      164.95280135301323
    ],
    [
      15.183369803299923,
      151.11279071777463
    ],
    [
      13.928326074911583,
      137.19721852040678
    ],
    [
      13.200996329407914,
      123.2437380464602
    ],
    [
      12.905365287738016,
      109.27421763377954
    ],
    [
      12.968107155581874,
      95.3015692714636
    ],
    [
      13.333333333333334,
      81.33333333333333
    ]
  ],
  "bboxes": [
    [
      46.0,
      49.0,
      12.666666666666666,
      17.0
    ]
  ],
  "categories": [
    6
  ],
  "control_points": []
}