{
  "image_path": "/home/quynhthu/Documents/AI-project/e2e/data/raw/dataCollect2_frame_000163_jpg.rf.631c7ff2d69056c5f6632efde8bffd6d.jpg",
  "command": 1,
  "waypoints": [
    [
      101.0397543680774,
      169.01845245158532
    ],
    [
      101.72937793135716,
      157.8110294644622
    ],
    [
      101.75190356354345,
      146.58377776996542
    ],
    [
      100.78014390421701,
      135.40166351217326
    ],
    [
      98.36019719000727,
      124.4476594048022
    ],
    [
      93.99015144729607,
      114.12551478129326
    ],
    [
      87.42678324287513,
      105.04534247207131
    ],
    [
      78.99329511196153,
      97.66180917680325
    ],
    [
      69.33356578198818,
      91.95871817346801
    ],
    [
      58.98312253668458,
      87.61851987469598
    ]
  ],
  "bboxes": [],
  "categories": [],
  "control_points": [
    [
      101.0397543680774,
      169.01845245158532
    ],
    [
      104.65752914927248,
      126.05737692489369
    ],
    [
      96.96975773923293,
      101.18517530417753
    ],
    [
      58.98312253668458,
      87.61851987469598
    ]
  ]
}