{
  "image_path": "/home/quynhthu/Documents/AI-project/e2e/data/raw/dataCollect2_frame_000213_jpg.rf.d5a09a0a09d00dddcad4bae597ffbfdd.jpg",
  "command": 0,
  "waypoints": [
    [
      25.04680744052011,
      184.88632411155712
    ],
    [
      20.432920959114217,
      175.50205151128606
    ],
    [
      16.277760633782886,
      165.90626669560615
    ],
    [
      12.691253409205906,
      156.08439102215797
    ],
    [
      9.810635708873393,
      146.03374032375365
    ],
    [
      7.811228276393343,
      135.77274238683026
    ],
    [
      6.904330036590737,
      125.36003627029983
    ],
    [
      7.3280878025762055,
      114.9189765198976
    ],
    [
      9.289501128488507,
      104.65771445099736
    ],
    [
      12.895217176096667,
      94.85408715241982
    ]
  ],
  "bboxes": [],
  "categories": [],
  "control_points": [
    [
      25.04680744052011,
      184.88632411155712
    ],
    [
      9.581147103981188,
      155.05969346251777
    ],
    [
      0.0,
      122.4713377533822
    ],
    [
      12.895217176096667,
      94.85408715241982
    ]
  ]
}