{
  "image_path": "/home/quynhthu/Documents/AI-project/e2e/data/raw/dataCollect2_frame_000277_jpg.rf.b21b3a5fc3fb69fa73d40b40de8fd17d.jpg",
  "command": 0,
  "waypoints": [
    [
      78.07192859436785,
      169.4206637750182
    ],
    [
      79.97445030243415,
      160.8286302547188
    ],
    [
      81.87697201050044,
      152.2365967344194
    ],
    [
      83.7794937185667,
      143.64456321411998
    ],
    [
      85.68201542663304,
      135.0525296938206
    ],
    [
      87.58453713469933,
      126.46049617352118
    ],
    [
      89.48705884276562,
      117.8684626532218
    ],
    [
      91.38958055083191,
      109.27642913292239
    ],
    [
      93.29210225889821,
      100.68439561262298
    ],
    [
      95.1946239669645,
      92.09236209232358
    ]
  ],
  "bboxes": [
    [
      132.75408478427332,
      43.48600103462983,
      15.465660336538946,
      16.57035036057743
    ],
    [
      64.26330329388666,
      79.94077182790015,
      66.28140144230964,
      9.942210216346453
    ]
  ],
  "categories": [
    5,
    7
  ],
  "control_points": [
    [
      78.07192859436785,
      169.4206637750182
    ],
    [
      83.72241806732474,
      143.90232421972897
    ],
    [
      89.37290754028163,
      118.38398466443975
    ],
    [
      95.1946239669645,
      92.09236209232358
    ]
  ]
}