{
  "image_path": "/home/quynhthu/Documents/AI-project/e2e/data/raw/dataCollect0_frame_000184_jpg.rf.c391ba5ff4c69abc563c5c984e35141d.jpg",
  "command": 0,
  "waypoints": [
    [
      118.33333333333333,
      187.66666666666666
    ],
    [
      118.47900861386843,
      176.32739231791913
    ],
    [
      118.58958647317932,
      164.98772996185622
    ],
    [
      118.637679638688,
      153.64764048350503
    ],
    [
      118.60295540842743,
      142.30751401142524
    ],
    [
      118.4657931756032,
      130.96817968540068
    ],
    [
      118.20368095276494,
      119.63106867365512
    ],
    [
      117.78875467726435,
      108.29855838769697
    ],
    [
      117.18327136028633,
      96.97469341830428
    ],
    [
      116.33333333333333,
      85.66666666666667
    ]
  ],
  "bboxes": [
    [
      34.0,
      54.666666666666664,
      56.0,
      46.666666666666664
    ],
    [
      137.66666666666666,
      54.666666666666664,
      28.666666666666668,
      22.0
    ],
    [
      131.66666666666666,
      44.666666666666664,
      9.666666666666666,
      9.0
    ],
    [
      90.0,
      44.333333333333336,
      7.333333333333333,
      9.666666666666666
    ]
  ],
  "categories": [
    3,
    3,
    8,
    8
  ],
  "control_points": [
    [
      118.33333333333333,
      187.66666666666666
    ],
    [
      118.66666666666667,
      162.33333333333334
    ],
    [
      119.33333333333333,
      119.66666666666667
    ],
    [
      116.33333333333333,
      85.66666666666667
    ]
  ]
}