{
  "image_path": "/home/quynhthu/Documents/AI-project/e2e/data/raw/dataCollect2_frame_000145_jpg.rf.2276d726dd127f1b9b1ce355aa10dee7.jpg",
  "command": 0,
  "waypoints": [
    [
      110.53641316871447,
      171.27956168983224
    ],
    [
      110.83789440048074,
      161.17994042566264
    ],
    [
      111.139375632247,
      151.08031916149304
    ],
    [
      111.44085686401323,
      140.98069789732344
    ],
    [
      111.74233809577954,
      130.88107663315384
    ],
    [
      112.04381932754576,
      120.78145536898423
    ],
    [
      112.34530055931202,
      110.68183410481461
    ],
    [
      112.64678179107828,
      100.58221284064501
    ],
    [
      112.94826302284454,
      90.48259157647541
    ],
    [
      113.2497442546108,
      80.38297031230582
    ]
  ],
  "bboxes": [],
  "categories": [],
  "control_points": [
    [
      110.53641316871447,
      171.27956168983224
    ],
    [
      111.43181242706027,
      141.2836865352485
    ],
    [
      112.32721168540606,
      111.28781138066479
    ],
    [
      113.2497442546108,
      80.38297031230582
    ]
  ]
}