{
  "image_path": "/home/quynhthu/Documents/AI-project/e2e/data/raw/dataCollect0_frame_000167_jpg.rf.8e5eb88e6e61bb960eb05d71b9c1e757_dup2.jpg",
  "command": 0,
  "waypoints": [
    [
      133.0,
      191.33333333333334
    ],
    [
      129.32484774931984,
      180.34685668214954
    ],
    [
      125.7430798953266,
      169.32953411828677
    ],
    [
      122.18912731445822,
      158.30319168644726
    ],
    [
      118.60240016856024,
      147.28748058347304
    ],
    [
      114.94146239204834,
      136.29622836687048
    ],
    [
      111.1855405154851,
      125.3370802104041
    ],
    [
      107.32944806484181,
      114.41277567485044
    ],
    [
      103.37617439307884,
      103.523257218477
    ],
    [
      99.33333333333333,
      92.66666666666667
    ]
  ],
  "bboxes": [
    [
      57.333333333333336,
      128.33333333333334,
      112.0,
      23.666666666666668
    ]
  ],
  "categories": [
    7
  ],
  "control_points": [
    [
      133.0,
      191.33333333333334
    ],
    [
      123.33333333333333,
      163.0
    ],
    [
      116.66666666666667,
      138.66666666666666
    ],
    [
      99.33333333333333,
      92.66666666666667
    ]
  ]
}