{
  "image_path": "/home/quynhthu/Documents/AI-project/e2e/data/raw/dataCollect0_frame_000196_jpg.rf.5e2e8ac3a20745aff3db787553b51827_dup1.jpg",
  "command": 2,
  "waypoints": [
    [
      115.33333333333333,
      188.0
    ],
    [
      117.20574881075517,
      177.8428344505902
    ],
    [
      119.6420130061599,
      167.80427005824043
    ],
    [
      122.47755516864021,
      157.87088442579304
    ],
    [
      125.69090712205814,
      148.0532609006747
    ],
    [
      129.3143014253416,
      138.37971508534613
    ],
    [
      133.43376784703642,
      128.90742828228602
    ],
    [
      138.2084936819899,
      119.74972708394608
    ],
    [
      143.95622596110243,
      111.17601699136996
    ],
    [
      151.33333333333334,
      104.0
    ]
  ],
  "bboxes": [],
  "categories": [],
  "control_points": [
    [
      115.33333333333333,
      188.0
    ],
    [
      118.0,
      168.66666666666666
    ],
    [
      132.66666666666666,
      116.66666666666667
    ],
    [
      151.33333333333334,
      104.0
    ]
  ]
}