{
  "image_path": "/home/quynhthu/Documents/AI-project/e2e/data/raw/dataCollect_frame_000038_jpg.rf.a2317cb4d8c79f98e6200f00f3c62fa1.jpg",
  "command": 3,
  "waypoints": [
    [
      124.46890960398461,
      174.94411389521068
    ],
    [
      124.65302460799104,
      163.03801030279584
    ],
    [
      124.83713961199744,
      151.13190671038103
    ],
    [
      125.02125461600383,
      139.22580311796622
    ],
    [
      125.2053696200103,
      127.31969952555127
    ],
    [
      125.38948462401669,
      115.41359593313635
    ],
    [
      125.5735996280231,
      103.50749234072141
    ],
    [
      125.75771463202953,
      91.60138874830648
    ],
    [
      125.94182963603595,
      79.69528515589154
    ],
    [
      126.12594464004235,
      67.78918156347672
    ]
  ],
  "bboxes": [
    [
      157.6096103251394,
      45.69538108270684,
      12.703935276442706,
      16.570350360577407
    ]
  ],
  "categories": [
    9
  ],
  "control_points": []
}