{
  "image_path": "/home/quynhthu/Documents/AI-project/e2e/data/raw/dataCollect_frame_000060_jpg.rf.c36f2a362881cbd56b7e249629bfc1a9.jpg",
  "command": 0,
  "waypoints": [
    [
      118.1307409627884,
      171.32077836429428
    ],
    [
      119.43316070181478,
      164.0705206213149
    ],
    [
      120.6943667126943,
      156.8129816211137
    ],
    [
      121.93961306804263,
      149.55268259238989
    ],
    [
      123.19767888874868,
      142.294599368219
    ],
    [
      124.50208940120595,
      135.04472313051832
    ],
    [
      125.89275132096722,
      127.81094342222224
    ],
    [
      127.41766991238961,
      120.60436223160251
    ],
    [
      129.13689237349206,
      113.44181738235001
    ],
    [
      131.12508426084236,
      106.3490618740245
    ]
  ],
  "bboxes": [
    [
      189.59962910208515,
      49.37386433640334,
      25.988686596107925,
      29.487163637891648
    ],
    [
      75.64923402684279,
      110.3473213503488,
      101.95561664626949,
      19.49151494708093
    ]
  ],
  "categories": [
    10,
    7
  ],
  "control_points": []
}