{
  "image_path": "/home/quynhthu/Documents/AI-project/e2e/data/raw/dataCollect2_frame_000318_jpg.rf.0d5a6cdcecb99cb7581ebb5210571ec9.jpg",
  "command": 0,
  "waypoints": [
    [
      159.81899037321642,
      181.0199090274224
    ],
    [
      166.4471305174474,
      175.4964589072299
    ],
    [
      173.07527066167836,
      169.97300878703746
    ],
    [
      179.70341080590927,
      164.44955866684492
    ],
    [
      186.3315509501403,
      158.92610854665256
    ],
    [
      192.9596910943712,
      153.40265842646002
    ],
    [
      199.58783123860218,
      147.87920830626757
    ],
    [
      206.21597138283315,
      142.3557581860751
    ],
    [
      212.84411152706414,
      136.83230806588264
    ],
    [
      219.4722516712951,
      131.30885794569014
    ]
  ],
  "bboxes": [],
  "categories": [],
  "control_points": [
    [
      159.81899037321642,
      181.0199090274224
    ],
    [
      179.50456660158238,
      164.61526217045073
    ],
    [
      199.19014282994834,
      148.2106153134791
    ],
    [
      219.4722516712951,
      131.30885794569014
    ]
  ]
}