{
  "image_path": "/home/quynhthu/Documents/AI-project/e2e/data/raw/dataCollect2_frame_000209_jpg.rf.278a3bd0d4c1fe886cd5a1dc5c391f32.jpg",
  "command": 2,
  "waypoints": [
    [
      129.0775089223393,
      168.5662306039359
    ],
    [
      138.82068457253652,
      162.35832544085915
    ],
    [
      148.76250473290042,
      156.47365898174945
    ],
    [
      158.88019075091492,
      150.89665418893637
    ],
    [
      169.15284735264535,
      145.6104025635565
    ],
    [
      179.56149680237408,
      140.59710082854735
    ],
    [
      190.08891155622183,
      135.8381296611123
    ],
    [
      200.71948124864693,
      131.31416789434786
    ],
    [
      211.43915038772812,
      127.00547404620521
    ],
    [
      222.23520953811263,
      122.891823991348
    ]
  ],
  "bboxes": [],
  "categories": [],
  "control_points": [
    [
      129.0775089223393,
      168.5662306039359
    ],
    [
      158.4719290195493,
      149.12069115501234
    ],
    [
      190.57968020265565,
      134.64959203023204
    ],
    [
      222.23520953811263,
      122.891823991348
    ]
  ]
}