{
  "image_path": "/home/quynhthu/Documents/AI-project/e2e/data/raw/dataCollect2_frame_000169_jpg.rf.4df024fd1bd9339e74b0d7f6aae0fa8c.jpg",
  "command": 1,
  "waypoints": [
    [
      113.70196610226019,
      156.35624071740253
    ],
    [
      104.63094999907972,
      146.28577950326886
    ],
    [
      94.7270456794464,
      137.03317718683158
    ],
    [
      84.06205545223524,
      128.669327694911
    ],
    [
      72.7079763322429,
      121.26804236587903
    ],
    [
      60.74637483098576,
      114.89527393695494
    ],
    [
      48.271749008697036,
      109.59650834791697
    ],
    [
      35.384300450437095,
      105.39985744458762
    ],
    [
      22.189098933411803,
      102.30261246311996
    ],
    [
      8.78649744760282,
      100.28073160887875
    ]
  ],
  "bboxes": [],
  "categories": [],
  "control_points": [
    [
      113.70196610226019,
      156.35624071740253
    ],
    [
      98.77864512983048,
      138.2673668114271
    ],
    [
      65.76645025142537,
      106.61183747597015
    ],
    [
      8.786497447602834,
      100.28073160887875
    ]
  ]
}