{
  "image_path": "/home/quynhthu/Documents/AI-project/e2e/data/raw/dataCollect0_frame_000172_jpg.rf.2f286f3d9bab0b048d3b8befd4e46a08_dup2.jpg",
  "command": 1,
  "waypoints": [
    [
      108.33333333333333,
      186.0
    ],
    [
      103.24652556725056,
      171.4101230966177
    ],
    [
      96.1842196084351,
      157.68033178856834
    ],
    [
      86.78711717774165,
      145.43791038690466
    ],
    [
      75.15046156687065,
      135.30112653420187
    ],
    [
      61.84962348378119,
      127.46276320609961
    ],
    [
      47.548952805140004,
      121.62599626513519
    ],
    [
      32.711427049818035,
      117.31578227524494
    ],
    [
      17.595471035203182,
      114.10332342281895
    ],
    [
      2.3333333333333335,
      111.66666666666667
    ]
  ],
  "bboxes": [
    [
      154.33333333333334,
      51.0,
      12.666666666666666,
      16.666666666666668
    ],
    [
      102.0,
      44.333333333333336,
      11.0,
      11.666666666666666
    ],
    [
      66.33333333333333,
      43.333333333333336,
      19.666666666666668,
      13.0
    ]
  ],
  "categories": [
    6,
    3,
    3
  ],
  "control_points": []
}