{
  "image_path": "/home/quynhthu/Documents/AI-project/e2e/data/raw/dataCollect0_frame_000039_jpg.rf.2200d2a54c1f9097c6e10fc085c29ac9_dup1.jpg",
  "command": 3,
  "waypoints": [
    [
      107.0,
      185.0
    ],
    [
      107.34032142007725,
      174.48924574022806
    ],
    [
      107.70613957783063,
      163.97934519936024
    ],
    [
      108.08847133894164,
      153.47003166181693
    ],
    [
      108.48328226191084,
      142.96117924897186
    ],
    [
      108.8885422605906,
      132.45272450367844
    ],
    [
      109.30354265413307,
      121.94464990941024
    ],
    [
      109.72903760012582,
      111.43699517111965
    ],
    [
      110.16875188333093,
      100.92992669738726
    ],
    [
      110.66666666666667,
      90.66666666666667
    ]
  ],
  "bboxes": [
    [
      79.33333333333333,
      85.33333333333333,
      57.333333333333336,
      7.666666666666667
    ]
  ],
  "categories": [
    7
  ],
  "control_points": [
    [
      107.0,
      185.0
    ],
    [
      108.0,
      152.33333333333334
    ],
    [
      110.66666666666667,
      87.33333333333333
    ],
    [
      110.66666666666667,
      90.66666666666667
    ]
  ]
}