{
  "image_path": "/home/quynhthu/Documents/AI-project/e2e/data/raw/dataCollect_frame_000052_jpg.rf.4d3db85045ec5baca531fb29b2aee28a.jpg",
  "command": 0,
  "waypoints": [
    [
      115.63182879008572,
      175.81882027515908
    ],
    [
      117.50851426823652,
      165.98990030860662
    ],
    [
      119.34318538161394,
      156.1531090538336
    ],
    [
      121.00630773846135,
      146.28614278071817
    ],
    [
      122.30214348002153,
      136.36507503679886
    ],
    [
      122.94613515561002,
      126.38236250150274
    ],
    [
      122.56447889779626,
      116.38941307277936
    ],
    [
      120.78151524254227,
      106.55283650881024
    ],
    [
      117.42266059297299,
      97.13817218392731
    ],
    [
      112.63313418284251,
      88.35689423056519
    ]
  ],
  "bboxes": [
    [
      110.63400444468034,
      52.37255894364656,
      47.97911371589153,
      27.98781633427003
    ]
  ],
  "categories": [
    3
  ],
  "control_points": []
}