{
  "image_path": "/home/quynhthu/Documents/AI-project/e2e/data/raw/dataCollect2_frame_000139_jpg.rf.bc959dc2d5af8c01edbf3000cbbcb585.jpg",
  "command": 0,
  "waypoints": [
    [
      173.8474718396284,
      181.68066418576808
    ],
    [
      177.22729884710472,
      170.85834424625583
    ],
    [
      180.35598615823747,
      159.96083631161466
    ],
    [
      183.20050010710818,
      148.98578872490526
    ],
    [
      185.73687644965614,
      137.93550112454213
    ],
    [
      187.96379109574343,
      126.81866391680629
    ],
    [
      189.93102137787136,
      115.65277313813661
    ],
    [
      191.77342034782643,
      104.46544274066396
    ],
    [
      193.71474891323385,
      93.29505702843682
    ],
    [
      196.00634237444828,
      82.19185770290335
    ]
  ],
  "bboxes": [],
  "categories": [],
  "control_points": [
    [
      173.8474718396284,
      181.68066418576808
    ],
    [
      189.67523650735686,
      132.84070463963448
    ],
    [
      189.67523650735686,
      109.77739040951585
    ],
    [
      196.00634237444828,
      82.19185770290336
    ]
  ]
}