{
  "image_path": "/home/quynhthu/Documents/AI-project/e2e/data/raw/dataCollect_frame_000066_jpg.rf.bb230a28fb0b77f80789f2bf7011a3e8.jpg",
  "command": 1,
  "waypoints": [
    [
      80.64705837224815,
      174.3194729715375
    ],
    [
      72.67783593486557,
      167.07199147459883
    ],
    [
      64.56975406111614,
      159.9802931640658
    ],
    [
      56.29989927502709,
      153.07806550264067
    ],
    [
      47.83877246768603,
      146.4119289771627
    ],
    [
      39.14641313159456,
      140.050729401792
    ],
    [
      30.169005432766706,
      134.0996205064841
    ],
    [
      20.830528296016478,
      128.7354742703438
    ],
    [
      11.029333023063046,
      124.28116558400693
    ],
    [
      0.6818688457622867,
      121.34253491024059
    ]
  ],
  "bboxes": [],
  "categories": [],
  "control_points": [
    [
      80.64705837224815,
      174.3194729715375
    ],
    [
      33.66750952543771,
      130.8384011665108
    ],
    [
      11.677082405654097,
      123.34166464840276
    ],
    [
      0.6818688457622867,
      121.34253491024059
    ]
  ]
}