{
  "image_path": "/home/quynhthu/Documents/AI-project/e2e/data/raw/dataCollect2_frame_000078_jpg.rf.a0f7390b1fca0909add4cf1325872c5a.jpg",
  "command": 2,
  "waypoints": [
    [
      111.42856846388761,
      169.11040344790007
    ],
    [
      114.3517046450523,
      157.4081311313639
    ],
    [
      118.78863315449061,
      146.19431170488048
    ],
    [
      124.80900001281118,
      135.7468507961036
    ],
    [
      132.3492761285776,
      126.33807127655919
    ],
    [
      141.22383223993432,
      118.17442121971033
    ],
    [
      151.16831176833608,
      111.351438192057
    ],
    [
      161.90993298395625,
      105.86424613532097
    ],
    [
      173.21364292336375,
      101.6506877992832
    ],
    [
      184.8965863413465,
      98.64108017768437
    ]
  ],
  "bboxes": [],
  "categories": [],
  "control_points": [
    [
      111.42856846388761,
      169.11040344790007
    ],
    [
      120.9244347201578,
      118.13259512476532
    ],
    [
      162.90615922156286,
      103.1391220885492
    ],
    [
      184.8965863413465,
      98.64108017768437
    ]
  ]
}