{
  "image_path": "/home/quynhthu/Documents/AI-project/e2e/data/raw/dataCollect2_frame_000082_jpg.rf.28ea2cdf7f9b2423b5a9868079d04340_dup4.jpg",
  "command": 3,
  "waypoints": [
    [
      52.45424118810428,
      157.61540745346772
    ],
    [
      52.67636671456674,
      148.50826086850682
    ],
    [
      52.8984922410292,
      139.40111428354592
    ],
    [
      53.120617767491645,
      130.29396769858505
    ],
    [
      53.34274329395413,
      121.18682111362415
    ],
    [
      53.56486882041658,
      112.07967452866325
    ],
    [
      53.78699434687904,
      102.97252794370235
    ],
    [
      54.009119873341504,
      93.86538135874146
    ],
    [
      54.23124539980396,
      84.75823477378057
    ],
    [
      54.45337092626642,
      75.65108818881968
    ]
  ],
  "bboxes": [],
  "categories": [],
  "control_points": [
    [
      52.45424118810428,
      157.61540745346772
    ],
    [
      53.113954001697785,
      130.56718209613388
    ],
    [
      53.77366681529129,
      103.51895673880001
    ],
    [
      54.45337092626642,
      75.65108818881968
    ]
  ]
}