{
  "image_path": "/home/quynhthu/Documents/AI-project/e2e/data/raw/dataCollect2_frame_000148_jpg.rf.6ef266f43b3c751e625893be49a44773.jpg",
  "command": 0,
  "waypoints": [
    [
      105.10975099692186,
      170.82733984218282
    ],
    [
      105.01647269602216,
      158.37392409305778
    ],
    [
      104.45791732379568,
      145.9333455968085
    ],
    [
      103.15648726482002,
      133.55034888250125
    ],
    [
      100.60249308002777,
      121.37044298564022
    ],
    [
      95.84700425400726,
      109.8942941712543
    ],
    [
      87.82254243043506,
      100.46082619248233
    ],
    [
      77.07629333206451,
      94.25300845535529
    ],
    [
      65.24074885637755,
      90.40816578098193
    ],
    [
      53.10423851724257,
      87.61851987469598
    ]
  ],
  "bboxes": [],
  "categories": [],
  "control_points": [
    [
      105.10975099692186,
      170.82733984218282
    ],
    [
      105.56197284457126,
      102.99406269477507
    ],
    [
      91.99531741508969,
      95.7585131323849
    ],
    [
      53.10423851724257,
      87.61851987469598
    ]
  ]
}