{
  "image_path": "/home/quynhthu/Documents/AI-project/e2e/data/raw/dataCollect0_frame_000174_jpg.rf.276e8c96374370d5c9433185aa2218b4_dup1.jpg",
  "command": 1,
  "waypoints": [
    [
      118.66666666666667,
      184.66666666666666
    ],
    [
      120.19698017443449,
      172.996332143711
    ],
    [
      120.76221340213964,
      161.24106771320257
    ],
    [
      120.11681267861923,
      149.4924575316886
    ],
    [
      117.91987967917011,
      137.9378654482874
    ],
    [
      113.75293147777892,
      126.9478277863948
    ],
    [
      107.26002326807706,
      117.16314859949539
    ],
    [
      98.48559283968903,
      109.36620270551906
    ],
    [
      88.02801070997951,
      104.01981459728847
    ],
    [
      76.66666666666667,
      101.0
    ]
  ],
  "bboxes": [],
  "categories": [],
  "control_points": [
    [
      118.66666666666667,
      184.66666666666666
    ],
    [
      125.33333333333333,
      145.0
    ],
    [
      117.33333333333333,
      108.0
    ],
    [
      76.66666666666667,
      101.0
    ]
  ]
}