{
  "image_path": "/home/quynhthu/Documents/AI-project/e2e/data/raw/dataCollect2_frame_000084_jpg.rf.c6439db20132e56ca96cf431746345b8_dup1.jpg",
  "command": 2,
  "waypoints": [
    [
      137.91703749453606,
      169.6101858824406
    ],
    [
      127.76128868705493,
      160.09364915543097
    ],
    [
      117.63754559364595,
      150.54311702714236
    ],
    [
      107.62861418443744,
      140.8725331490066
    ],
    [
      97.85162627301982,
      130.96805909587195
    ],
    [
      88.48295682435733,
      120.67781609083062
    ],
    [
      79.80667607803986,
      109.80041668765041
    ],
    [
      72.31011117605314,
      98.0857449774352
    ],
    [
      66.811058803284,
      85.32560236387232
    ],
    [
      64.44901961707716,
      71.6528287124954
    ]
  ],
  "bboxes": [],
  "categories": [],
  "control_points": [
    [
      137.91703749453606,
      169.6101858824406
    ],
    [
      97.43466029675258,
      131.6267208573598
    ],
    [
      65.44858448615824,
      103.1391220885492
    ],
    [
      64.44901961707716,
      71.6528287124954
    ]
  ]
}