{
  "image_path": "/home/quynhthu/Documents/AI-project/e2e/data/raw/dataCollect2_frame_000226_jpg.rf.c2e08ae73f07780f37bb907e7afdeaf2.jpg",
  "command": 1,
  "waypoints": [
    [
      92.43289890686826,
      169.4206637750182
    ],
    [
      94.68419454526986,
      157.5597622820408
    ],
    [
      97.96607765045474,
      145.94585716017247
    ],
    [
      102.61055244697812,
      134.81125819975688
    ],
    [
      108.94673614697761,
      124.55050831708127
    ],
    [
      117.06303215762301,
      115.63316007147917
    ],
    [
      126.61932178356457,
      108.27233299942043
    ],
    [
      137.03851007167088,
      102.18081418654194
    ],
    [
      147.84015950522308,
      96.78767486141119
    ],
    [
      158.71430034917793,
      91.54001708030435
    ]
  ],
  "bboxes": [
    [
      158.71430034917793,
      49.56179616684156,
      38.66415084134732,
      38.66415084134731
    ]
  ],
  "categories": [
    3
  ],
  "control_points": []
}