{
  "image_path": "/home/quynhthu/Documents/AI-project/e2e/data/raw/dataCollect2_frame_000095_jpg.rf.fb6d676bbae35b176ff97e3237b5ca81.jpg",
  "command": 3,
  "waypoints": [
    [
      109.33333333333333,
      166.66666666666666
    ],
    [
      110.60087600514936,
      156.96752253648543
    ],
    [
      112.29937167291789,
      147.3349006778763
    ],
    [
      114.37167266688252,
      137.77562240838478
    ],
    [
      116.81177731955718,
      128.30360160241472
    ],
    [
      119.6465269472573,
      118.94231085359016
    ],
    [
      122.93969477636739,
      109.73276163664542
    ],
    [
      126.80811495734078,
      100.75088371295861
    ],
    [
      131.46524938899174,
      92.1553827445078
    ],
    [
      137.33333333333334,
      84.33333333333331
    ]
  ],
  "bboxes": [
    [
      119.1286282740528,
      46.918553586251306,
      28.03775455426191,
      14.471099124780338
    ]
  ],
  "categories": [
    3
  ],
  "control_points": []
}