{
  "image_path": "/home/quynhthu/Documents/AI-project/e2e/data/raw/dataCollect0_frame_000134_jpg.rf.09e93765ec9c966abb7cc2e488ec93c2_dup2.jpg",
  "command": 2,
  "waypoints": [
    [
      99.33333333333333,
      187.33333333333334
    ],
    [
      101.26221843097663,
      175.9160357413049
    ],
    [
      103.19247979634393,
      164.49897096670944
    ],
    [
      105.11028606569904,
      153.07980855780818
    ],
    [
      107.00359870955852,
      141.65656194152257
    ],
    [
      108.85884750371235,
      130.22707667037142
    ],
    [
      110.65648550640502,
      118.78840130894685
    ],
    [
      112.36304839039377,
      107.33582673581107
    ],
    [
      113.9047868801844,
      95.86022490186859
    ],
    [
      115.0,
      84.33333333333333
    ]
  ],
  "bboxes": [],
  "categories": [],
  "control_points": []
}