{
  "image_path": "/home/quynhthu/Documents/AI-project/e2e/data/raw/dataCollect0_frame_000170_jpg.rf.5814381e2181a25d77766c69d4babdc3.jpg",
  "command": 3,
  "waypoints": [
    [
      113.66666666666667,
      189.0
    ],
    [
      113.6034739308541,
      178.31800849412366
    ],
    [
      113.39908797913898,
      167.6378353686486
    ],
    [
      113.04934026575002,
      156.9614280552694
    ],
    [
      112.56938204528188,
      146.29006208570755
    ],
    [
      111.98347658365945,
      135.6239684327297
    ],
    [
      111.31576410262706,
      124.9626689386962
    ],
    [
      110.5863315075445,
      114.30540552587557
    ],
    [
      109.81057972104894,
      103.65140852070571
    ],
    [
      109.0,
      93.0
    ]
  ],
  "bboxes": [
    [
      73.66666666666667,
      90.0,
      65.33333333333333,
      11.333333333333334
    ],
    [
      148.66666666666666,
      51.666666666666664,
      11.0,
      13.666666666666666
    ],
    [
      123.66666666666667,
      43.0,
      8.333333333333334,
      12.333333333333334
    ]
  ],
  "categories": [
    7,
    4,
    6
  ],
  "control_points": []
}