{
  "image_path": "/home/quynhthu/Documents/AI-project/e2e/data/raw/dataCollect2_frame_000063_jpg.rf.3d5aad65c85b65aee81fb83a7ef6ce7b.jpg",
  "command": 1,
  "waypoints": [
    [
      105.25179847865459,
      165.86906218115124
    ],
    [
      105.7765151506495,
      160.02221926463645
    ],
    [
      106.30123182264444,
      154.17537634812166
    ],
    [
      106.82594849463932,
      148.32853343160687
    ],
    [
      107.3506651666343,
      142.48169051509208
    ],
    [
      107.87538183862918,
      136.6348475985773
    ],
    [
      108.4000985106241,
      130.78800468206254
    ],
    [
      108.92481518261903,
      124.94116176554775
    ],
    [
      109.44953185461394,
      119.09431884903296
    ],
    [
      109.97424852660886,
      113.24747593251819
    ]
  ],
  "bboxes": [],
  "categories": [],
  "control_points": [
    [
      105.25179847865459,
      165.86906218115124
    ],
    [
      106.8102069944795,
      148.50393871910234
    ],
    [
      108.36861551030441,
      131.1388152570534
    ],
    [
      109.97424852660886,
      113.24747593251819
    ]
  ]
}