{
  "image_path": "/home/quynhthu/Documents/AI-project/e2e/data/raw/dataCollect0_frame_000172_jpg.rf.2f286f3d9bab0b048d3b8befd4e46a08.jpg",
  "command": 0,
  "waypoints": [
    [
      114.0,
      185.66666666666666
    ],
    [
      114.41198564069641,
      174.523687947677
    ],
    [
      114.59883066277729,
      163.37470085397368
    ],
    [
      114.6736594689882,
      152.22431127700244
    ],
    [
      114.70438177212884,
      141.07369040693
    ],
    [
      114.73863666778819,
      129.9230798488232
    ],
    [
      114.81537441700293,
      118.77269223671958
    ],
    [
      114.97038186095718,
      107.6231393268139
    ],
    [
      115.24038027028168,
      96.47581237448878
    ],
    [
      115.66666666666667,
      85.33333333333333
    ]
  ],
  "bboxes": [
    [
      153.0,
      49.666666666666664,
      14.0,
      19.0
    ],
    [
      66.33333333333333,
      43.333333333333336,
      20.0,
      12.333333333333334
    ],
    [
      100.0,
      46.0,
      15.666666666666666,
      10.0
    ]
  ],
  "categories": [
    6,
    3,
    3
  ],
  "control_points": []
}