{
  "image_path": "/home/quynhthu/Documents/AI-project/e2e/data/raw/dataCollect2_frame_000093_jpg.rf.db86bf99b8e60764526805f9876ff58c.jpg",
  "command": 2,
  "waypoints": [
    [
      112.34530055931204,
      167.20956506098776
    ],
    [
      114.35057571308766,
      155.9949232350746
    ],
    [
      117.04946824613027,
      144.92810505859805
    ],
    [
      120.51309132131848,
      134.07676776413987
    ],
    [
      124.7908338113459,
      123.52018993431913
    ],
    [
      129.89258551323806,
      113.3362986742528
    ],
    [
      135.76401655838862,
      103.57529394374025
    ],
    [
      142.2572689882429,
      94.21505370832332
    ],
    [
      149.09034451987017,
      85.098644583154
    ],
    [
      155.758597933653,
      75.86075183581197
    ]
  ],
  "bboxes": [
    [
      145.35749543771715,
      43.300778805056225,
      19.897761296572924,
      18.08887390597542
    ]
  ],
  "categories": [
    3
  ],
  "control_points": []
}