{
  "image_path": "/home/quynhthu/Documents/AI-project/e2e/data/raw/dataCollect0_frame_000173_jpg.rf.52c1730c4beacacff136051466ea5bba.jpg",
  "command": 1,
  "waypoints": [
    [
      97.33333333333333,
      187.33333333333334
    ],
    [
      86.77020642813225,
      183.9518509427411
    ],
    [
      76.17792800014118,
      180.6630792127094
    ],
    [
      65.52305084260963,
      177.5840307998736
    ],
    [
      54.7686594927188,
      174.8750920305096
    ],
    [
      43.8918932043656,
      172.71269875991365
    ],
    [
      32.902299934240126,
      171.22954565641317
    ],
    [
      21.840209589669083,
      170.45155695505488
    ],
    [
      10.751221685054519,
      170.3051818373332
    ],
    [
      -0.3333333333333333,
      170.66666666666666
    ]
  ],
  "bboxes": [
    [
      193.66666666666666,
      57.666666666666664,
      21.333333333333332,
      29.0
    ]
  ],
  "categories": [
    6
  ],
  "control_points": [
    [
      97.33333333333333,
      187.33333333333334
    ],
    [
      58.0,
      174.66666666666666
    ],
    [
      38.333333333333336,
      168.66666666666666
    ],
    [
      -0.3333333333333333,
      170.66666666666666
    ]
  ]
}