{
  "image_path": "/home/quynhthu/Documents/AI-project/e2e/data/raw/dataCollect0_frame_000087_jpg.rf.355a870b53817a6fc7ba60486b40b35d_dup1.jpg",
  "command": 1,
  "waypoints": [
    [
      157.33333333333334,
      196.66666666666666
    ],
    [
      166.0715469349989,
      186.7559909029624
    ],
    [
      174.71250137345297,
      176.76048636280964
    ],
    [
      183.1830168508318,
      166.62036155998166
    ],
    [
      191.36259574280052,
      156.24471249918085
    ],
    [
      199.03407003992015,
      145.48965492484666
    ],
    [
      205.7698645911681,
      134.13070717671144
    ],
    [
      210.64246819274206,
      121.87598651648096
    ],
    [
      211.79173206983725,
      108.79057871228697
    ],
    [
      207.66666666666666,
      96.33333333333333
    ]
  ],
  "bboxes": [],
  "categories": [],
  "control_points": [
    [
      157.33333333333334,
      196.66666666666666
    ],
    [
      202.0,
      146.33333333333334
    ],
    [
      221.33333333333334,
      120.66666666666667
    ],
    [
      207.66666666666666,
      96.33333333333333
    ]
  ]
}