{
  "image_path": "/home/quynhthu/Documents/AI-project/e2e/data/raw/dataCollect0_frame_000088_jpg.rf.427882505f0d12c922ea74357bde9b46.jpg",
  "command": 1,
  "waypoints": [
    [
      166.0,
      195.0
    ],
    [
      175.39775990820817,
      187.4702765639556
    ],
    [
      184.7702503479519,
      179.90918365899904
    ],
    [
      194.01153868632164,
      172.188834263291
    ],
    [
      202.8970407011499,
      164.0642248860409
    ],
    [
      210.93281060998132,
      155.10828129986828
    ],
    [
      217.1622030068014,
      144.8345194777367
    ],
    [
      220.66756758312656,
      133.3460059548847
    ],
    [
      221.7368617910894,
      121.36486489206787
    ],
    [
      221.33333333333334,
      109.33333333333333
    ]
  ],
  "bboxes": [],
  "categories": [],
  "control_points": [
    [
      166.0,
      195.0
    ],
    [
      211.66666666666666,
      158.33333333333334
    ],
    [
      224.33333333333334,
      150.33333333333334
    ],
    [
      221.33333333333334,
      109.33333333333333
    ]
  ]
}