{
  "image_path": "/home/quynhthu/Documents/AI-project/e2e/data/raw/dataCollect2_frame_000220_jpg.rf.305939f90f3ae747ff08d99185cb408c.jpg",
  "command": 0,
  "waypoints": [
    [
      161.47602540927417,
      182.12459905146088
    ],
    [
      159.69474688193478,
      172.13145009274362
    ],
    [
      157.84926725288162,
      162.14995793551833
    ],
    [
      156.0093864214318,
      152.1674283871587
    ],
    [
      154.2094157833533,
      142.17763186335367
    ],
    [
      152.4626210487733,
      132.17840341256712
    ],
    [
      150.77183870108198,
      122.1695517403416
    ],
    [
      149.1353466771273,
      112.15167894997289
    ],
    [
      147.54958692179943,
      102.1256487694296
    ],
    [
      146.01036507273525,
      92.09236209232358
    ]
  ],
  "bboxes": [
    [
      32.779637608789564,
      52.3235212269378,
      73.46188659855989,
      62.967331370194174
    ],
    [
      168.10416555350514,
      45.69538108270684,
      32.588355709135584,
      24.855525540866118
    ]
  ],
  "categories": [
    3,
    3
  ],
  "control_points": []
}