{
  "image_path": "/home/quynhthu/Documents/AI-project/e2e/data/raw/dataCollect_frame_000054_jpg.rf.1f7e15448abc10d1742fccae373ba336.jpg",
  "command": 0,
  "waypoints": [
    [
      100.63835575386963,
      176.31860270969966
    ],
    [
      97.8981270823378,
      166.31484891107434
    ],
    [
      94.49689370462254,
      156.51719905920274
    ],
    [
      90.49452586347773,
      146.94896748965243
    ],
    [
      85.99539828370243,
      137.60346939984817
    ],
    [
      81.13457030024874,
      128.4403616072687
    ],
    [
      76.0517845239243,
      119.39813707749252
    ],
    [
      70.87621484086755,
      110.4085535474786
    ],
    [
      65.71596623565877,
      101.41017362125218
    ],
    [
      60.65576099062669,
      92.35515370688948
    ]
  ],
  "bboxes": [
    [
      120.62965313549108,
      67.36603197986265,
      86.96214361005337,
      61.473239448485984
    ]
  ],
  "categories": [
    3
  ],
  "control_points": []
}