{
  "image_path": "/home/quynhthu/Documents/AI-project/e2e/data/raw/dataCollect2_frame_000077_jpg.rf.e17d271bb0b3961650ef8e6069f45557_dup1.jpg",
  "command": 3,
  "waypoints": [
    [
      117.42595767837405,
      172.10909805514328
    ],
    [
      117.53702044160528,
      160.55857067909534
    ],
    [
      117.64808320483651,
      149.00804330304737
    ],
    [
      117.7591459680677,
      137.4575159269994
    ],
    [
      117.870208731299,
      125.90698855095144
    ],
    [
      117.9812714945302,
      114.35646117490347
    ],
    [
      118.09233425776142,
      102.8059337988555
    ],
    [
      118.20339702099267,
      91.25540642280754
    ],
    [
      118.31445978422389,
      79.70487904675957
    ],
    [
      118.42552254745512,
      68.15435167071166
    ]
  ],
  "bboxes": [
    [
      195.39201746669778,
      44.16479481276589,
      13.494125732594455,
      30.48672850697274
    ]
  ],
  "categories": [
    9
  ],
  "control_points": []
}