{
  "image_path": "/home/quynhthu/Documents/AI-project/e2e/data/raw/dataCollect2_frame_000039_jpg.rf.93e2fe484040bd7876e0737562c1297a_dup1.jpg",
  "command": 2,
  "waypoints": [
    [
      106.33333333333333,
      167.33333333333334
    ],
    [
      97.93709778225855,
      156.8788662419269
    ],
    [
      88.68714526604141,
      147.1730153382403
    ],
    [
      78.5592294466114,
      138.3888549265558
    ],
    [
      67.5694774221116,
      130.71206645475453
    ],
    [
      55.7836081309739,
      124.32634682419705
    ],
    [
      43.32229792195364,
      119.38837336716777
    ],
    [
      30.353596506707063,
      116.00062002476875
    ],
    [
      17.069698114139715,
      114.20896274776601
    ],
    [
      3.6666666666666665,
      114.0
    ]
  ],
  "bboxes": [],
  "categories": [],
  "control_points": [
    [
      106.33333333333333,
      167.33333333333334
    ],
    [
      74.0,
      123.66666666666667
    ],
    [
      35.0,
      112.66666666666667
    ],
    [
      3.6666666666666665,
      114.0
    ]
  ]
}