{
  "image_path": "/home/quynhthu/Documents/AI-project/e2e/data/raw/dataCollect2_frame_000056_jpg.rf.af3b71e83e7173b8cc1c3f33ea88ae95.jpg",
  "command": 0,
  "waypoints": [
    [
      108.66666666666667,
      168.33333333333334
    ],
    [
      108.47911015438041,
      156.79887250001397
    ],
    [
      107.99503148921936,
      145.27177068425047
    ],
    [
      107.40740392901257,
      133.7494276263971
    ],
    [
      106.75960988980499,
      122.23029892522759
    ],
    [
      106.06940522787335,
      110.7136297827866
    ],
    [
      105.34577378874131,
      99.19901115903794
    ],
    [
      104.59301076021598,
      87.68625969750396
    ],
    [
      103.81208784911821,
      76.1753841525812
    ],
    [
      103.0,
      64.66666666666667
    ]
  ],
  "bboxes": [],
  "categories": [],
  "control_points": [
    [
      108.66666666666667,
      168.33333333333334
    ],
    [
      109.0,
      154.66666666666666
    ],
    [
      105.33333333333333,
      97.0
    ],
    [
      103.0,
      64.66666666666667
    ]
  ]
}