{
  "image_path": "/home/quynhthu/Documents/AI-project/e2e/data/raw/dataCollect2_frame_000136_jpg.rf.c0a46355ff8887b809831640a32d953a.jpg",
  "command": 2,
  "waypoints": [
    [
      110.53641316871447,
      166.30512136568896
    ],
    [
      119.1261606977722,
      156.77175181269337
    ],
    [
      127.78827006355446,
      147.30410774804704
    ],
    [
      136.54548268087504,
      137.9244004789609
    ],
    [
      145.42167130984566,
      128.65725187689205
    ],
    [
      154.43372502793886,
      119.52220015385724
    ],
    [
      163.57872337261406,
      110.52020596300768
    ],
    [
      172.82898932576236,
      101.62634335953996
    ],
    [
      182.14330789923753,
      92.79953055698499
    ],
    [
      191.48412389795442,
      84.0007450935009
    ]
  ],
  "bboxes": [],
  "categories": [],
  "control_points": [
    [
      110.53641316871447,
      166.30512136568896
    ],
    [
      145.35749543771715,
      127.41404246784188
    ],
    [
      160.73303825779624,
      112.94294334306154
    ],
    [
      191.48412389795442,
      84.0007450935009
    ]
  ]
}