{
  "image_path": "/home/quynhthu/Documents/AI-project/e2e/data/raw/dataCollect2_frame_000286_jpg.rf.0cf5685ec576f1a6b0a3fc7ac0b9fe86.jpg",
  "command": 0,
  "waypoints": [
    [
      113.42200936359967,
      171.07769881107592
    ],
    [
      113.85161103961465,
      161.93332027875726
    ],
    [
      114.28121271562962,
      152.78894174643864
    ],
    [
      114.71081439164455,
      143.64456321412
    ],
    [
      115.14041606765957,
      134.50018468180136
    ],
    [
      115.57001774367453,
      125.35580614948263
    ],
    [
      115.9996194196895,
      116.21142761716393
    ],
    [
      116.42922109570448,
      107.06704908484518
    ],
    [
      116.85882277171943,
      97.92267055252672
    ],
    [
      117.2884244477344,
      88.77829202020811
    ]
  ],
  "bboxes": [
    [
      89.11882883475278,
      66.68449153943821,
      48.05401604567453,
      12.151590264423461
    ],
    [
      2.4006619477309674,
      65.02745650338048,
      49.158706069713006,
      74.56657662259838
    ]
  ],
  "categories": [
    7,
    2
  ],
  "control_points": []
}