{
  "image_path": "/home/quynhthu/Documents/AI-project/e2e/data/raw/dataCollect0_frame_000185_jpg.rf.3eb324aba6a78e69dcecd6e9e31960b4.jpg",
  "command": 0,
  "waypoints": [
    [
      118.33333333333333,
      187.33333333333334
    ],
    [
      118.479991582595,
      176.03110865292152
    ],
    [
      118.59051552786644,
      164.72848159789535
    ],
    [
      118.63776346897593,
      153.42542301826145
    ],
    [
      118.60198497384982,
      142.1223339292681
    ],
    [
      118.46361386767309,
      130.82005080644004
    ],
    [
      118.20071397039614,
      119.52000173064363
    ],
    [
      117.78563641803858,
      108.22455478021699
    ],
    [
      117.18093278806701,
      96.93773341750968
    ],
    [
      116.33333333333333,
      85.66666666666667
    ]
  ],
  "bboxes": [
    [
      139.33333333333334,
      56.333333333333336,
      28.333333333333332,
      25.0
    ],
    [
      12.666666666666666,
      56.0,
      75.66666666666667,
      58.333333333333336
    ],
    [
      87.0,
      44.666666666666664,
      8.333333333333334,
      10.333333333333334
    ],
    [
      133.33333333333334,
      44.666666666666664,
      6.666666666666667,
      9.666666666666666
    ]
  ],
  "categories": [
    3,
    3,
    8,
    8
  ],
  "control_points": [
    [
      118.33333333333333,
      187.33333333333334
    ],
    [
      118.66666666666667,
      162.33333333333334
    ],
    [
      119.33333333333333,
      119.66666666666667
    ],
    [
      116.33333333333333,
      85.66666666666667
    ]
  ]
}