{
  "image_path": "/home/quynhthu/Documents/AI-project/e2e/data/raw/dataCollect2_frame_000180_jpg.rf.b416cb176e1776db702d640ae7a72554.jpg",
  "command": 2,
  "waypoints": [
    [
      100.13531067277863,
      166.30512136568896
    ],
    [
      100.38654503258384,
      156.65772194916875
    ],
    [
      100.63777939238906,
      147.01032253264853
    ],
    [
      100.88901375219423,
      137.36292311612831
    ],
    [
      101.14024811199951,
      127.7155236996081
    ],
    [
      101.3914824718047,
      118.06812428308788
    ],
    [
      101.64271683160992,
      108.42072486656765
    ],
    [
      101.89395119141511,
      98.77332545004745
    ],
    [
      102.14518555122034,
      89.12592603352724
    ],
    [
      102.39641991102555,
      79.47852661700705
    ]
  ],
  "bboxes": [],
  "categories": [],
  "control_points": [
    [
      100.13531067277863,
      166.30512136568896
    ],
    [
      100.8814767214001,
      137.65234509862393
    ],
    [
      101.6276427700216,
      108.99956883155889
    ],
    [
      102.39641991102555,
      79.47852661700703
    ]
  ]
}