{
  "image_path": "/home/quynhthu/Documents/AI-project/e2e/data/raw/dataCollect2_frame_000086_jpg.rf.179035bde892995e570d3892f359e550.jpg",
  "command": 2,
  "waypoints": [
    [
      60.45076014075288,
      174.1082277933054
    ],
    [
      57.3866925479215,
      163.1896247192017
    ],
    [
      53.950703508761485,
      152.38233507467098
    ],
    [
      50.43813659741091,
      141.5995432607386
    ],
    [
      47.19952316335367,
      130.73239717531453
    ],
    [
      44.70150143614739,
      119.67500715423225
    ],
    [
      43.59695985707954,
      108.40065066402471
    ],
    [
      44.698147482364575,
      97.13712225853689
    ],
    [
      48.5657983614802,
      86.50744799667429
    ],
    [
      54.953153360806965,
      77.15043549244132
    ]
  ],
  "bboxes": [],
  "categories": [],
  "control_points": []
}