{
  "image_path": "/home/quynhthu/Documents/AI-project/e2e/data/raw/dataCollect_frame_000043_jpg.rf.618099068912054631649f712daa95bd.jpg",
  "command": 0,
  "waypoints": [
    [
      179.6039804112744,
      189.3129460077536
    ],
    [
      182.7527962535226,
      178.5715261032315
    ],
    [
      185.97847100330773,
      167.8530050750594
    ],
    [
      189.41450661890943,
      157.2003775661858
    ],
    [
      193.27156976330392,
      146.6938555016365
    ],
    [
      197.81703013422123,
      136.4681814413192
    ],
    [
      203.2515657619328,
      126.6873656820399
    ],
    [
      209.56184473200332,
      117.4464119181481
    ],
    [
      216.55230265713968,
      108.70665526464248
    ],
    [
      224.0,
      100.35167265953807
    ]
  ],
  "bboxes": [],
  "categories": [],
  "control_points": [
    [
      179.6039804112744,
      189.3129460077536
    ],
    [
      192.59832370932838,
      144.83230933364584
    ],
    [
      197.09636562019318,
      129.33905386288922
    ],
    [
      224.0,
      100.35167265953807
    ]
  ]
}