{
  "image_path": "/home/quynhthu/Documents/AI-project/e2e/data/raw/dataCollect2_frame_000085_jpg.rf.bfd9e5913b62a28740580276d7f121e5.jpg",
  "command": 0,
  "waypoints": [
    [
      102.66666666666667,
      169.33333333333334
    ],
    [
      94.345216309913,
      160.51676133601666
    ],
    [
      85.89123501025904,
      151.82660961355805
    ],
    [
      77.53115471039577,
      143.0464653735365
    ],
    [
      69.49701984400421,
      133.96844801366936
    ],
    [
      62.0682503967434,
      124.39127648559734
    ],
    [
      55.610580780041424,
      114.1383614327825
    ],
    [
      50.59080415918538,
      103.11566776276965
    ],
    [
      47.49938697145517,
      91.41015061433048
    ],
    [
      46.666666666666664,
      79.33333333333333
    ]
  ],
  "bboxes": [],
  "categories": [],
  "control_points": [
    [
      102.66666666666667,
      169.33333333333334
    ],
    [
      78.33333333333333,
      142.66666666666666
    ],
    [
      45.666666666666664,
      117.33333333333333
    ],
    [
      46.666666666666664,
      79.33333333333333
    ]
  ]
}