{
  "image_path": "/home/quynhthu/Documents/AI-project/e2e/data/raw/dataCollect0_frame_000205_jpg.rf.3f947285fd3da742fe330791db14d62b_dup1.jpg",
  "command": 3,
  "waypoints": [
    [
      114.66666666666667,
      184.66666666666666
    ],
    [
      114.35166282938211,
      173.1003411500416
    ],
    [
      112.8033208231945,
      161.61865680822015
    ],
    [
      110.6775652159799,
      150.228612459379
    ],
    [
      108.1243284108898,
      138.92647014088996
    ],
    [
      105.18461650791663,
      127.7186112165398
    ],
    [
      101.84267745322482,
      116.62417972938654
    ],
    [
      98.03760724461843,
      105.6803336037633
    ],
    [
      93.63119109994273,
      94.96558799903174
    ],
    [
      88.33333333333333,
      84.66666666666667
    ]
  ],
  "bboxes": [
    [
      41.333333333333336,
      137.33333333333334,
      122.33333333333333,
      22.0
    ],
    [
      188.0,
      62.666666666666664,
      25.333333333333332,
      30.0
    ]
  ],
  "categories": [
    7,
    5
  ],
  "control_points": [
    [
      114.66666666666667,
      184.66666666666666
    ],
    [
      116.33333333333333,
      168.33333333333334
    ],
    [
      104.0,
      111.0
    ],
    [
      88.33333333333333,
      84.66666666666667
    ]
  ]
}