{
  "image_path": "/home/quynhthu/Documents/AI-project/e2e/data/raw/dataCollect2_frame_000218_jpg.rf.7a5eba28a9205c01dc4da63bc3ebbd1a.jpg",
  "command": 0,
  "waypoints": [
    [
      187.43624097417882,
      193.17149929184586
    ],
    [
      191.48677106232,
      187.83216417565984
    ],
    [
      195.5373011504611,
      182.49282905947373
    ],
    [
      199.5878312386022,
      177.15349394328763
    ],
    [
      203.63836132674342,
      171.81415882710164
    ],
    [
      207.68889141488455,
      166.47482371091553
    ],
    [
      211.7394215030257,
      161.1354885947295
    ],
    [
      215.78995159116684,
      155.79615347854346
    ],
    [
      219.840481679308,
      150.4568183623574
    ],
    [
      223.89101176744913,
      145.11748324617133
    ]
  ],
  "bboxes": [
    [
      165.89478550542813,
      43.48600103462983,
      52.47277614182852,
      53.02512115384774
    ]
  ],
  "categories": [
    3
  ],
  "control_points": []
}