{
  "image_path": "/home/quynhthu/Documents/AI-project/e2e/data/raw/dataCollect0_frame_000104_jpg.rf.3badb07fd432a1d53f8a28ea6a735742_dup1.jpg",
  "command": 1,
  "waypoints": [
    [
      130.33333333333334,
      187.0
    ],
    [
      131.4947861653514,
      174.3481754808994
    ],
    [
      132.2195200911012,
      161.66503862795733
    ],
    [
      132.04511142210305,
      148.9655820055751
    ],
    [
      130.37784452548183,
      136.38156264215047
    ],
    [
      126.57464137808462,
      124.28122668173675
    ],
    [
      120.26439575301909,
      113.28573216943816
    ],
    [
      111.68612832340735,
      103.94546195546285
    ],
    [
      101.50165995587243,
      96.37394002039882
    ],
    [
      90.33333333333333,
      90.33333333333333
    ]
  ],
  "bboxes": [],
  "categories": [],
  "control_points": [
    [
      130.33333333333334,
      187.0
    ],
    [
      134.33333333333334,
      146.66666666666666
    ],
    [
      136.66666666666666,
      112.0
    ],
    [
      90.33333333333333,
      90.33333333333333
    ]
  ]
}