{
  "image_path": "/home/quynhthu/Documents/AI-project/e2e/data/raw/dataCollect0_frame_000217_jpg.rf.444fb55db2515c1300bb8456806554f1_dup1.jpg",
  "command": 3,
  "waypoints": [
    [
      126.33333333333333,
      194.0
    ],
    [
      125.68847801860409,
      182.3794916025416
    ],
    [
      125.06905236487772,
      170.75760489149673
    ],
    [
      124.49625232459469,
      159.133332114984
    ],
    [
      123.98309491612066,
      147.506278553545
    ],
    [
      123.53983361722317,
      135.87635540726845
    ],
    [
      123.17609333789453,
      124.2436788978905
    ],
    [
      122.90186451001016,
      112.60855482712134
    ],
    [
      122.72794842748999,
      100.97150795311016
    ],
    [
      122.66666666666667,
      89.33333333333333
    ]
  ],
  "bboxes": [],
  "categories": [],
  "control_points": [
    [
      126.33333333333333,
      194.0
    ],
    [
      125.0,
      170.0
    ],
    [
      122.66666666666667,
      130.0
    ],
    [
      122.66666666666667,
      89.33333333333333
    ]
  ]
}