{
  "image_path": "/home/quynhthu/Documents/AI-project/e2e/data/raw/dataCollect2_frame_000048_jpg.rf.240c074ffde0434c0ccbceaa2c022959_dup1.jpg",
  "command": 2,
  "waypoints": [
    [
      140.66666666666666,
      169.33333333333334
    ],
    [
      148.36800990175257,
      163.03626187045188
    ],
    [
      156.26670556203672,
      156.9888214577976
    ],
    [
      164.38508369086335,
      151.24001694542287
    ],
    [
      172.75027523730012,
      145.8572284430184
    ],
    [
      181.39156109789698,
      140.93082005799985
    ],
    [
      190.3379837490977,
      136.5848413903112
    ],
    [
      199.61036665171423,
      132.9898199038481
    ],
    [
      209.19713226542692,
      130.35063195713474
    ],
    [
      219.0,
      128.66666666666666
    ]
  ],
  "bboxes": [],
  "categories": [],
  "control_points": [
    [
      140.66666666666666,
      169.33333333333334
    ],
    [
      185.0,
      132.0
    ],
    [
      208.66666666666666,
      130.33333333333334
    ],
    [
      219.0,
      128.66666666666666
    ]
  ]
}