{
  "image_path": "/home/quynhthu/Documents/AI-project/e2e/data/raw/dataCollect0_frame_000115_jpg.rf.57fd9666f04b3fa5f162619976d6700b_dup1.jpg",
  "command": 2,
  "waypoints": [
    [
      85.66666666666667,
      191.66666666666666
    ],
    [
      86.13471710343254,
      179.6325333502708
    ],
    [
      87.06222434216399,
      167.62552501970313
    ],
    [
      88.61118908665514,
      155.68369784402907
    ],
    [
      91.03896834093159,
      143.891314234125
    ],
    [
      94.76124127041118,
      132.44730386738735
    ],
    [
      100.40782366087643,
      121.83595815982933
    ],
    [
      108.54797151648948,
      113.01727874473231
    ],
    [
      118.80555824828589,
      106.76350321962381
    ],
    [
      130.0,
      102.33333333333333
    ]
  ],
  "bboxes": [
    [
      129.33333333333334,
      74.0,
      14.0,
      19.666666666666668
    ],
    [
      117.66666666666667,
      57.333333333333336,
      17.666666666666668,
      11.333333333333334
    ]
  ],
  "categories": [
    9,
    3
  ],
  "control_points": [
    [
      85.66666666666667,
      191.66666666666666
    ],
    [
      87.33333333333333,
      119.0
    ],
    [
      106.66666666666667,
      110.66666666666667
    ],
    [
      130.0,
      102.33333333333333
    ]
  ]
}