{
  "image_path": "/home/quynhthu/Documents/AI-project/e2e/data/raw/dataCollect0_frame_000078_jpg.rf.25b6cabfd05f63736de5fa84e24e20ac.jpg",
  "command": 0,
  "waypoints": [
    [
      103.33333333333333,
      186.0
    ],
    [
      106.07729565791492,
      174.19887375970401
    ],
    [
      108.73210484603992,
      162.3773718813803
    ],
    [
      111.41441316273237,
      150.56209836270395
    ],
    [
      114.23008008282905,
      138.77800711657633
    ],
    [
      117.29429846116638,
      127.05635520238313
    ],
    [
      120.75607830835094,
      115.44652399281775
    ],
    [
      124.83287678401167,
      104.03983663391938
    ],
    [
      129.89675214638098,
      93.04187785982744
    ],
    [
      136.66666666666666,
      83.0
    ]
  ],
  "bboxes": [
    [
      32.0,
      53.666666666666664,
      38.333333333333336,
      25.666666666666668
    ]
  ],
  "categories": [
    3
  ],
  "control_points": []
}