{
  "image_path": "/home/quynhthu/Documents/AI-project/e2e/data/raw/dataCollect0_frame_000172_jpg.rf.2f286f3d9bab0b048d3b8befd4e46a08_dup1.jpg",
  "command": 3,
  "waypoints": [
    [
      114.0,
      185.66666666666666
    ],
    [
      114.41198564108515,
      174.52368793304188
    ],
    [
      114.59883066279885,
      163.37470085211018
    ],
    [
      114.67365946899218,
      152.22431127614868
    ],
    [
      114.70438177213026,
      141.07369040643388
    ],
    [
      114.73863666778998,
      129.92307984846414
    ],
    [
      114.81537441700566,
      118.77269223645709
    ],
    [
      114.97038186095882,
      107.62313932672821
    ],
    [
      115.24038027024075,
      96.47581237580651
    ],
    [
      115.66666666666667,
      85.33333333333333
    ]
  ],
  "bboxes": [
    [
      152.66666666666666,
      49.333333333333336,
      14.0,
      19.0
    ],
    [
      68.0,
      41.666666666666664,
      17.666666666666668,
      14.333333333333334
    ],
    [
      100.0,
      44.666666666666664,
      13.666666666666666,
      12.333333333333334
    ]
  ],
  "categories": [
    6,
    3,
    3
  ],
  "control_points": []
}