{
  "image_path": "/home/quynhthu/Documents/AI-project/e2e/data/raw/dataCollect2_frame_000268_jpg.rf.756b6d449cc6dd3d095f18f8dc9d50ee.jpg",
  "command": 0,
  "waypoints": [
    [
      110.10793929148417,
      169.4206637750182
    ],
    [
      110.476169299497,
      158.7419935426461
    ],
    [
      110.84439930750985,
      148.06332331027397
    ],
    [
      111.21262931552266,
      137.38465307790187
    ],
    [
      111.58085932353553,
      126.70598284552976
    ],
    [
      111.94908933154832,
      116.02731261315765
    ],
    [
      112.31731933956117,
      105.34864238078552
    ],
    [
      112.685549347574,
      94.66997214841341
    ],
    [
      113.05377935558685,
      83.99130191604128
    ],
    [
      113.42200936359967,
      73.3126316836692
    ]
  ],
  "bboxes": [],
  "categories": [],
  "control_points": [
    [
      110.10793929148417,
      169.4206637750182
    ],
    [
      111.20158241528229,
      137.70501318487302
    ],
    [
      112.2952255390804,
      105.98936259472785
    ],
    [
      113.42200936359967,
      73.3126316836692
    ]
  ]
}