{
  "image_path": "/home/quynhthu/Documents/AI-project/e2e/data/raw/dataCollect0_frame_000039_jpg.rf.2200d2a54c1f9097c6e10fc085c29ac9.jpg",
  "command": 0,
  "waypoints": [
    [
      107.0,
      183.66666666666666
    ],
    [
      107.5985581502914,
      173.41203737002652
    ],
    [
      108.15865847406228,
      163.15522821288457
    ],
    [
      108.69546335711952,
      152.89717150141684
    ],
    [
      109.21641338026052,
      142.63829667112432
    ],
    [
      109.72584100303426,
      132.37884288171296
    ],
    [
      110.22680962644853,
      122.11897237930185
    ],
    [
      110.72206114285723,
      111.85882418591054
    ],
    [
      111.21566513298961,
      101.5985965477351
    ],
    [
      111.66666666666667,
      93.33333333333333
    ]
  ],
  "bboxes": [
    [
      79.66666666666667,
      84.0,
      58.333333333333336,
      8.333333333333334
    ]
  ],
  "categories": [
    7
  ],
  "control_points": [
    [
      107.0,
      183.66666666666666
    ],
    [
      109.0,
      151.0
    ],
    [
      112.0,
      83.33333333333333
    ],
    [
      111.66666666666667,
      93.33333333333333
    ]
  ]
}