{
  "image_path": "/home/quynhthu/Documents/AI-project/e2e/data/raw/dataCollect0_frame_000209_jpg.rf.028fabedb6c3a2dcae31ea484e374879_dup1.jpg",
  "command": 3,
  "waypoints": [
    [
      89.33333333333333,
      188.0
    ],
    [
      79.52884189738718,
      178.69817367736255
    ],
    [
      69.79378006711939,
      169.3237331346764
    ],
    [
      60.12417063321115,
      159.88178375462266
    ],
    [
      50.50692869136514,
      150.38648411240231
    ],
    [
      40.918791955750294,
      140.86178309461766
    ],
    [
      31.330728896331774,
      131.33700754771428
    ],
    [
      21.715340537729457,
      121.83982820649426
    ],
    [
      12.052895623997172,
      112.39054011973171
    ],
    [
      2.3333333333333335,
      103.0
    ]
  ],
  "bboxes": [
    [
      120.33333333333333,
      55.666666666666664,
      17.666666666666668,
      29.0
    ],
    [
      0.3333333333333333,
      126.66666666666667,
      105.0,
      54.333333333333336
    ]
  ],
  "categories": [
    0,
    7
  ],
  "control_points": []
}