{
  "image_path": "/home/quynhthu/Documents/AI-project/e2e/data/raw/dataCollect0_frame_000042_jpg.rf.326c5eac4572a6d4e017ff209fa238bb.jpg",
  "command": 1,
  "waypoints": [
    [
      103.66666666666667,
      183.66666666666666
    ],
    [
      97.25760468134048,
      170.23818713879527
    ],
    [
      89.1150852178775,
      157.78556860284897
    ],
    [
      79.34707746757543,
      146.5627897755559
    ],
    [
      68.15575622944878,
      136.75749197136432
    ],
    [
      55.79792848789279,
      128.46805997199647
    ],
    [
      42.54553346670503,
      121.6967014082723
    ],
    [
      28.644145866230346,
      116.37913921836889
    ],
    [
      14.29773904773338,
      112.41096911067797
    ],
    [
      -0.3333333333333333,
      109.66666666666667
    ]
  ],
  "bboxes": [
    [
      169.66666666666666,
      50.666666666666664,
      13.666666666666666,
      15.666666666666666
    ]
  ],
  "categories": [
    5
  ],
  "control_points": [
    [
      103.66666666666667,
      183.66666666666666
    ],
    [
      87.66666666666667,
      143.66666666666666
    ],
    [
      51.666666666666664,
      117.33333333333333
    ],
    [
      -0.3333333333333333,
      109.66666666666667
    ]
  ]
}