{
  "image_path": "/home/quynhthu/Documents/AI-project/e2e/data/raw/dataCollect2_frame_000107_jpg.rf.b66fb68e06640ceca87fa362c2b9e248.jpg",
  "command": 0,
  "waypoints": [
    [
      73.9064435091143,
      171.27956168983224
    ],
    [
      78.18287132206068,
      161.46025612345213
    ],
    [
      82.7441080485998,
      151.77002613100308
    ],
    [
      87.58684745170237,
      142.21729048636183
    ],
    [
      92.63367833535703,
      132.77049277581483
    ],
    [
      97.63861519025527,
      123.30171291563096
    ],
    [
      102.08911000562473,
      113.56377653903172
    ],
    [
      105.38560691352359,
      103.38158686669283
    ],
    [
      107.35277269863062,
      92.85960596807624
    ],
    [
      108.27530393046756,
      82.19185770290336
    ]
  ],
  "bboxes": [],
  "categories": [],
  "control_points": [
    [
      73.9064435091143,
      171.27956168983224
    ],
    [
      93.80420480568723,
      123.79626768664679
    ],
    [
      106.46641653987001,
      119.27404921015292
    ],
    [
      108.27530393046756,
      82.19185770290336
    ]
  ]
}