{
  "image_path": "/home/quynhthu/Documents/AI-project/e2e/data/raw/dataCollect2_frame_000205_jpg.rf.7041ea009bddb94db0c44dd95e451f6c.jpg",
  "command": 2,
  "waypoints": [
    [
      134.5041710941319,
      169.92289614688406
    ],
    [
      141.49785065539572,
      159.39847349739378
    ],
    [
      149.12901254276895,
      149.3280230591817
    ],
    [
      157.53566873764746,
      139.89747062276157
    ],
    [
      166.83937854699707,
      131.35385296750835
    ],
    [
      177.08026688826678,
      123.96239077179193
    ],
    [
      188.15210305598316,
      117.88481141616388
    ],
    [
      199.82064615899006,
      113.04354695997675
    ],
    [
      211.83228283942256,
      109.120929686807
    ],
    [
      224.0,
      105.70739378067137
    ]
  ],
  "bboxes": [],
  "categories": [],
  "control_points": [
    [
      134.5041710941319,
      169.92289614688406
    ],
    [
      163.44636934369257,
      123.79626768664679
    ],
    [
      188.77079281205812,
      115.20405258130846
    ],
    [
      224.0,
      105.70739378067137
    ]
  ]
}