{
  "image_path": "/home/quynhthu/Documents/AI-project/e2e/data/raw/dataCollect2_frame_000219_jpg.rf.5aae441a36d8cc0f69e6c835b76f82ae.jpg",
  "command": 0,
  "waypoints": [
    [
      194.61672613042902,
      197.03791437598056
    ],
    [
      197.31346279434356,
      187.01351546943286
    ],
    [
      200.22639196758934,
      177.04979279437202
    ],
    [
      203.137713476059,
      167.08553990869657
    ],
    [
      205.9352903733971,
      157.08882140616382
    ],
    [
      208.5675795311312,
      147.04736116848744
    ],
    [
      211.01525154916234,
      136.95932588018175
    ],
    [
      213.27601863162624,
      126.8277632690963
    ],
    [
      215.35522319072982,
      116.65737494382944
    ],
    [
      217.26287162321816,
      106.45333240482402
    ]
  ],
  "bboxes": [
    [
      109.0032492674457,
      44.590691058668334,
      47.501671033655256,
      59.65326129807871
    ]
  ],
  "categories": [
    3
  ],
  "control_points": []
}