{
  "image_path": "/home/quynhthu/Documents/AI-project/e2e/data/raw/dataCollect2_frame_000285_jpg.rf.3152d0ebed43f3e4383424b1472a3a0e.jpg",
  "command": 0,
  "waypoints": [
    [
      132.75408478427332,
      174.94411389521068
    ],
    [
      132.6927131162712,
      165.4315053548792
    ],
    [
      132.63134144826904,
      155.9188968145477
    ],
    [
      132.56996978026686,
      146.40628827421622
    ],
    [
      132.5085981122648,
      136.89367973388477
    ],
    [
      132.4472264442626,
      127.38107119355328
    ],
    [
      132.3858547762605,
      117.8684626532218
    ],
    [
      132.32448310825833,
      108.35585411289033
    ],
    [
      132.2631114402562,
      98.84324557255886
    ],
    [
      132.20173977225406,
      89.33063703222737
    ]
  ],
  "bboxes": [
    [
      123.36421957994611,
      19.182820505782963,
      42.53056592548202,
      67.38609146634818
    ]
  ],
  "categories": [
    2
  ],
  "control_points": [
    [
      132.75408478427332,
      174.94411389521068
    ],
    [
      132.57181093030695,
      146.69166653042618
    ],
    [
      132.38953707634062,
      118.4392191656417
    ],
    [
      132.20173977225406,
      89.33063703222737
    ]
  ]
}