{
  "image_path": "/home/quynhthu/Documents/AI-project/e2e/data/raw/dataCollect2_frame_000066_jpg.rf.9bbc24e79dad86fb478261156258eb94.jpg",
  "command": 0,
  "waypoints": [
    [
      88.0,
      172.33333333333334
    ],
    [
      89.85730648787887,
      162.78477595836202
    ],
    [
      91.81165148606495,
      153.2551802599454
    ],
    [
      93.57133456916522,
      143.68797645109296
    ],
    [
      95.06621867102253,
      134.07584153242593
    ],
    [
      96.32012738638831,
      124.42922897542825
    ],
    [
      97.37400991548624,
      114.75864719590597
    ],
    [
      98.26475209136429,
      105.07162698117442
    ],
    [
      99.02122914665124,
      95.37316771063148
    ],
    [
      99.66666666666667,
      85.66666666666667
    ]
  ],
  "bboxes": [],
  "categories": [],
  "control_points": [
    [
      88.0,
      172.33333333333334
    ],
    [
      91.0,
      155.0
    ],
    [
      96.33333333333333,
      140.0
    ],
    [
      99.66666666666667,
      85.66666666666667
    ]
  ]
}