{
  "image_path": "/home/quynhthu/Documents/AI-project/e2e/data/raw/dataCollect2_frame_000181_jpg.rf.81eabf8d33f4ba067a3115b3d8f6407d.jpg",
  "command": 0,
  "waypoints": [
    [
      109.17974762576632,
      166.75734321333837
    ],
    [
      109.22999449772736,
      156.7079688211298
    ],
    [
      109.28024136968843,
      146.65859442892125
    ],
    [
      109.33048824164945,
      136.60922003671268
    ],
    [
      109.38073511361053,
      126.55984564450412
    ],
    [
      109.43098198557153,
      116.51047125229556
    ],
    [
      109.48122885753259,
      106.461096860087
    ],
    [
      109.53147572949364,
      96.41172246787846
    ],
    [
      109.58172260145469,
      86.36234807566989
    ],
    [
      109.63196947341572,
      76.31297368346134
    ]
  ],
  "bboxes": [],
  "categories": [],
  "control_points": [
    [
      109.17974762576632,
      166.75734321333837
    ],
    [
      109.32898083549063,
      136.91070126847896
    ],
    [
      109.47821404521493,
      107.06405932361952
    ],
    [
      109.63196947341572,
      76.31297368346134
    ]
  ]
}