{
  "image_path": "/home/quynhthu/Documents/AI-project/e2e/data/raw/dataCollect2_frame_000078_jpg.rf.f52b8cd08bcd9aeded42f5df9c36e561_dup1.jpg",
  "command": 0,
  "waypoints": [
    [
      113.42769820204975,
      171.60931562060276
    ],
    [
      113.31663543881852,
      160.44750791586407
    ],
    [
      113.20557267558729,
      149.2857002111254
    ],
    [
      113.09450991235603,
      138.12389250638674
    ],
    [
      112.98344714912484,
      126.96208480164793
    ],
    [
      112.8723843858936,
      115.80027709690911
    ],
    [
      112.76132162266236,
      104.63846939217039
    ],
    [
      112.65025885943113,
      93.47666168743194
    ],
    [
      112.53919609619992,
      82.31485398269348
    ],
    [
      112.42813333296867,
      71.15304627795484
    ]
  ],
  "bboxes": [],
  "categories": [],
  "control_points": []
}