{
  "image_path": "/home/quynhthu/Documents/AI-project/e2e/data/raw/dataCollect0_frame_000086_jpg.rf.ec086cc44927f7151481b00dc205fe25_dup2.jpg",
  "command": 2,
  "waypoints": [
    [
      99.33333333333333,
      185.33333333333334
    ],
    [
      100.24148152067352,
      173.1864441431131
    ],
    [
      100.21689549641684,
      160.9850681459503
    ],
    [
      100.72713766412193,
      148.7974050242795
    ],
    [
      102.52032538035958,
      136.73749326265602
    ],
    [
      106.18915194309983,
      125.11828292431152
    ],
    [
      112.09199089528482,
      114.46662624788935
    ],
    [
      120.14577657269446,
      105.33208027518009
    ],
    [
      129.86592631470867,
      97.9859796728475
    ],
    [
      140.66666666666666,
      92.33333333333333
    ]
  ],
  "bboxes": [
    [
      163.33333333333334,
      59.333333333333336,
      18.333333333333332,
      20.666666666666668
    ],
    [
      57.0,
      112.0,
      94.0,
      11.666666666666666
    ]
  ],
  "categories": [
    10,
    7
  ],
  "control_points": [
    [
      99.33333333333333,
      185.33333333333334
    ],
    [
      103.66666666666667,
      165.33333333333334
    ],
    [
      88.0,
      115.33333333333333
    ],
    [
      140.66666666666666,
      92.33333333333333
    ]
  ]
}