{
  "image_path": "/home/quynhthu/Documents/AI-project/e2e/data/raw/dataCollect2_frame_000061_jpg.rf.e86da07f9294f5d45d062d74b64917ab.jpg",
  "command": 0,
  "waypoints": [
    [
      113.34742713229046,
      169.24224078683284
    ],
    [
      113.87214380428539,
      163.47035739488877
    ],
    [
      114.3968604762803,
      157.6984740029447
    ],
    [
      114.92157714827518,
      151.92659061100062
    ],
    [
      115.44629382027014,
      146.15470721905655
    ],
    [
      115.97101049226505,
      140.38282382711245
    ],
    [
      116.49572716425996,
      134.61094043516837
    ],
    [
      117.02044383625487,
      128.8390570432243
    ],
    [
      117.54516050824978,
      123.06717365128023
    ],
    [
      118.0698771802447,
      117.29529025933614
    ]
  ],
  "bboxes": [],
  "categories": [],
  "control_points": [
    [
      113.34742713229046,
      169.24224078683284
    ],
    [
      114.90583564811536,
      152.09974711275893
    ],
    [
      116.46424416394026,
      134.95725343868503
    ],
    [
      118.0698771802447,
      117.29529025933614
    ]
  ]
}