{
  "image_path": "/home/quynhthu/Documents/AI-project/e2e/data/raw/dataCollect2_frame_000034_jpg.rf.eb431aded86a3fd1f31b4ca5ca1979cc_dup1.jpg",
  "command": 2,
  "waypoints": [
    [
      138.66666666666666,
      174.0
    ],
    [
      138.14926642692134,
      158.32135023629198
    ],
    [
      138.59208132925843,
      142.6434115054457
    ],
    [
      140.79978966806394,
      127.12680083137747
    ],
    [
      146.32252309497062,
      112.50519876817579
    ],
    [
      156.8035705131513,
      100.99925668486416
    ],
    [
      170.9559356959314,
      94.39177258968283
    ],
    [
      186.33257237657335,
      91.37705278102779
    ],
    [
      201.97986131746984,
      90.31741120263013
    ],
    [
      217.66666666666666,
      90.33333333333333
    ]
  ],
  "bboxes": [],
  "categories": [],
  "control_points": [
    [
      138.66666666666666,
      174.0
    ],
    [
      135.0,
      105.66666666666667
    ],
    [
      149.33333333333334,
      88.66666666666667
    ],
    [
      217.66666666666666,
      90.33333333333333
    ]
  ]
}