{
  "image_path": "/home/quynhthu/Documents/AI-project/e2e/data/raw/dataCollect0_frame_000100_jpg.rf.68633006797af5254b679e30cfc230a2.jpg",
  "command": 0,
  "waypoints": [
    [
      105.0,
      186.66666666666666
    ],
    [
      108.006949732966,
      173.78734633943142
    ],
    [
      111.31833692084355,
      160.97960428914766
    ],
    [
      114.01298963498766,
      148.03110387432068
    ],
    [
      115.3504244706658,
      134.87971766241137
    ],
    [
      114.47149141536802,
      121.70287074485343
    ],
    [
      110.52654470207652,
      109.11747481382464
    ],
    [
      103.26108135083602,
      98.11463928759544
    ],
    [
      93.41160522506009,
      89.32796000970139
    ],
    [
      82.0,
      82.66666666666667
    ]
  ],
  "bboxes": [],
  "categories": [],
  "control_points": [
    [
      105.0,
      186.66666666666666
    ],
    [
      110.0,
      158.66666666666666
    ],
    [
      135.33333333333334,
      108.33333333333333
    ],
    [
      82.0,
      82.66666666666667
    ]
  ]
}