{
  "image_path": "/home/quynhthu/Documents/AI-project/e2e/data/raw/dataCollect0_frame_000025_jpg.rf.5b92e63f3328f40266d747969a605086.jpg",
  "command": 0,
  "waypoints": [
    [
      109.33333333333333,
      187.66666666666666
    ],
    [
      110.18346791264423,
      175.7058874875378
    ],
    [
      111.03690407673453,
      163.74534332807033
    ],
    [
      111.89022770358561,
      151.78479114022042
    ],
    [
      112.74081747252124,
      139.82404426956433
    ],
    [
      113.58592355464032,
      127.86290881275943
    ],
    [
      114.42175462472945,
      115.90112196705489
    ],
    [
      115.24161207438273,
      103.93823075928621
    ],
    [
      116.0290505636217,
      91.97316866211065
    ],
    [
      116.66666666666667,
      80.0
    ]
  ],
  "bboxes": [
    [
      162.33333333333334,
      50.0,
      12.333333333333334,
      19.0
    ],
    [
      54.0,
      50.0,
      13.666666666666666,
      17.666666666666668
    ],
    [
      144.0,
      53.666666666666664,
      46.333333333333336,
      37.0
    ],
    [
      34.666666666666664,
      52.333333333333336,
      59.0,
      37.333333333333336
    ],
    [
      93.0,
      45.333333333333336,
      16.666666666666668,
      15.333333333333334
    ],
    [
      128.66666666666666,
      44.333333333333336,
      14.333333333333334,
      14.333333333333334
    ]
  ],
  "categories": [
    8,
    8,
    3,
    3,
    3,
    3
  ],
  "control_points": [
    [
      109.33333333333333,
      187.66666666666666
    ],
    [
      112.0,
      150.0
    ],
    [
      116.66666666666667,
      86.0
    ],
    [
      116.66666666666667,
      80.0
    ]
  ]
}