{
  "image_path": "/home/quynhthu/Documents/AI-project/e2e/data/raw/dataCollect_frame_000040_jpg.rf.26635cad262beffa09fa487c1d69651d.jpg",
  "command": 2,
  "waypoints": [
    [
      114.63226392100465,
      171.8205607988348
    ],
    [
      115.6321417195666,
      159.979171658024
    ],
    [
      117.89544343370787,
      148.31908884433597
    ],
    [
      121.83229758077597,
      137.1190082915632
    ],
    [
      127.79936590593056,
      126.8628723690882
    ],
    [
      135.8234662706871,
      118.12363893170055
    ],
    [
      145.45299628878814,
      111.1841542960401
    ],
    [
      156.06897953780867,
      105.85906987221502
    ],
    [
      167.20713901745552,
      101.72178860213577
    ],
    [
      178.60441554219335,
      98.35254292137593
    ]
  ],
  "bboxes": [
    [
      189.09984666754463,
      50.873211640024934,
      17.99216764345931,
      29.986946072432204
    ]
  ],
  "categories": [
    9
  ],
  "control_points": []
}