{
  "image_path": "/home/quynhthu/Documents/AI-project/e2e/data/raw/dataCollect0_frame_000166_jpg.rf.481d45e00c68d4109ccffe707e026da0_dup1.jpg",
  "command": 0,
  "waypoints": [
    [
      111.66666666666667,
      187.66666666666666
    ],
    [
      103.42152681861485,
      176.1681453907315
    ],
    [
      94.60767303343296,
      165.0990333347051
    ],
    [
      85.31021272377464,
      154.43252400253172
    ],
    [
      75.59697879449187,
      144.14292625684104
    ],
    [
      65.52199822351243,
      134.20705606543922
    ],
    [
      55.12798013807554,
      124.60527763477135
    ],
    [
      44.44874727696447,
      115.32163661487328
    ],
    [
      33.510501194675136,
      106.34453730716383
    ],
    [
      22.333333333333332,
      97.66666666666667
    ]
  ],
  "bboxes": [
    [
      0.6666666666666666,
      94.0,
      65.33333333333333,
      21.666666666666668
    ]
  ],
  "categories": [
    7
  ],
  "control_points": [
    [
      111.66666666666667,
      187.66666666666666
    ],
    [
      88.0,
      152.66666666666666
    ],
    [
      53.666666666666664,
      121.33333333333333
    ],
    [
      22.333333333333332,
      97.66666666666667
    ]
  ]
}