{
  "image_path": "/home/quynhthu/Documents/AI-project/e2e/data/raw/dataCollect2_frame_000183_jpg.rf.1d1ec2c07c574aabc4e34e9101ee6c07.jpg",
  "command": 1,
  "waypoints": [
    [
      120.03307196935158,
      162.6873465844939
    ],
    [
      120.33455320111783,
      154.14537835111662
    ],
    [
      120.6360344328841,
      145.60341011773934
    ],
    [
      120.93751566465033,
      137.06144188436207
    ],
    [
      121.23899689641664,
      128.5194736509848
    ],
    [
      121.54047812818287,
      119.97750541760752
    ],
    [
      121.84195935994913,
      111.43553718423024
    ],
    [
      122.14344059171538,
      102.89356895085297
    ],
    [
      122.44492182348165,
      94.35160071747569
    ],
    [
      122.7464030552479,
      85.80963248409843
    ]
  ],
  "bboxes": [],
  "categories": [],
  "control_points": [
    [
      120.03307196935158,
      162.6873465844939
    ],
    [
      120.92847122769737,
      137.3177009313634
    ],
    [
      121.82387048604315,
      111.94805527823289
    ],
    [
      122.7464030552479,
      85.80963248409843
    ]
  ]
}