{
  "image_path": "/home/quynhthu/Documents/AI-project/e2e/data/raw/dataCollect_frame_000083_jpg.rf.77f8eacb9106e18793bb6261c6a3f563.jpg",
  "command": 1,
  "waypoints": [
    [
      108.13509227197768,
      180.81664462056446
    ],
    [
      105.05277523710977,
      167.80745265641522
    ],
    [
      97.4544407038253,
      156.53840196489412
    ],
    [
      88.21137943040235,
      146.55479521417652
    ],
    [
      77.92361649922846,
      137.64740566499208
    ],
    [
      66.80195709982726,
      129.80537532830587
    ],
    [
      54.93448512950142,
      123.14771228626593
    ],
    [
      42.37938828794536,
      117.90713196219257
    ],
    [
      29.221913959383585,
      114.46503927920737
    ],
    [
      15.675341881978394,
      113.34601595759202
    ]
  ],
  "bboxes": [],
  "categories": [],
  "control_points": [
    [
      108.13509227197768,
      180.81664462056446
    ],
    [
      112.0,
      162.5
    ],
    [
      62.0,
      112.5
    ],
    [
      15.675341881978394,
      113.34601595759202
    ]
  ]
}