{
  "image_path": "/home/quynhthu/Documents/AI-project/e2e/data/raw/dataCollect0_frame_000194_jpg.rf.c424d184cb1bbd2d6ce49b40f9c07a37.jpg",
  "command": 0,
  "waypoints": [
    [
      112.66666666666667,
      184.66666666666666
    ],
    [
      115.93412044789342,
      170.22808164490564
    ],
    [
      120.90189284706405,
      156.27975571048205
    ],
    [
      127.39955208589765,
      142.97498323264648
    ],
    [
      135.36512098086246,
      130.494029697279
    ],
    [
      144.72960664950887,
      119.02581326649515
    ],
    [
      155.38371226493408,
      108.7448461513972
    ],
    [
      167.1654048301357,
      99.77773145898942
    ],
    [
      179.88442915621386,
      92.19699203047054
    ],
    [
      193.33333333333334,
      86.0
    ]
  ],
  "bboxes": [],
  "categories": [],
  "control_points": [
    [
      112.66666666666667,
      184.66666666666666
    ],
    [
      115.66666666666667,
      165.0
    ],
    [
      131.0,
      111.0
    ],
    [
      193.33333333333334,
      86.0
    ]
  ]
}