{
  "image_path": "/home/quynhthu/Documents/AI-project/e2e/data/raw/dataCollect2_frame_000096_jpg.rf.ae58e762dbfcf58bd029fe10bcc3e5c2.jpg",
  "command": 0,
  "waypoints": [
    [
      105.56197284457126,
      169.01845245158532
    ],
    [
      109.38069135093501,
      159.03511249024072
    ],
    [
      113.1524251735042,
      149.03394871180203
    ],
    [
      116.82845482963572,
      138.99726736831028
    ],
    [
      120.34405533932522,
      128.90339283538884
    ],
    [
      123.61004397720028,
      118.72625953214505
    ],
    [
      126.50360856483351,
      108.43753523072918
    ],
    [
      128.8518122770838,
      98.01176779473863
    ],
    [
      130.417016621455,
      87.44181547022525
    ],
    [
      130.88639631293682,
      76.76519553111072
    ]
  ],
  "bboxes": [
    [
      110.0841913210651,
      42.84855695740685,
      18.08887390597539,
      20.802204991871704
    ]
  ],
  "categories": [
    3
  ],
  "control_points": []
}