{
  "image_path": "/home/quynhthu/Documents/AI-project/e2e/data/raw/dataCollect2_frame_000209_jpg.rf.e0f67168d8331081ae09c8fd530405ba.jpg",
  "command": 0,
  "waypoints": [
    [
      82.04643676680323,
      173.08844908042974
    ],
    [
      79.40534942914194,
      160.6961018202868
    ],
    [
      75.1086938781288,
      148.78074113582485
    ],
    [
      68.92589373717924,
      137.7312783088018
    ],
    [
      60.7998729527925,
      128.0252952658403
    ],
    [
      50.95641523423766,
      120.06530620349217
    ],
    [
      39.830105125118635,
      114.01880932297983
    ],
    [
      27.89091132416976,
      109.78479906699535
    ],
    [
      15.503667168919405,
      107.11551866021732
    ],
    [
      2.907613428160827,
      105.70739378067137
    ]
  ],
  "bboxes": [],
  "categories": [],
  "control_points": [
    [
      82.04643676680323,
      173.08844908042974
    ],
    [
      73.45422166146491,
      116.56071812425661
    ],
    [
      29.23906673192866,
      107.5587939998919
    ],
    [
      2.907613428160827,
      105.70739378067137
    ]
  ]
}