{
  "image_path": "/home/quynhthu/Documents/AI-project/e2e/data/raw/dataCollect0_frame_000081_jpg.rf.f598bf1b40d4cca7cb8e2f1cd047ba3b.jpg",
  "command": 0,
  "waypoints": [
    [
      98.66666666666667,
      185.66666666666666
    ],
    [
      97.49841309995132,
      174.43379981316858
    ],
    [
      94.73150323411873,
      163.46986355500385
    ],
    [
      91.08555770229167,
      152.76303708480714
    ],
    [
      86.85134199105975,
      142.27396701817057
    ],
    [
      82.17016217066073,
      131.97623001821435
    ],
    [
      77.10720210859368,
      121.86059681496396
    ],
    [
      71.67827590605327,
      111.9366389998326
    ],
    [
      65.83408150236905,
      102.25195113197202
    ],
    [
      59.333333333333336,
      93.0
    ]
  ],
  "bboxes": [],
  "categories": [],
  "control_points": [
    [
      98.66666666666667,
      185.66666666666666
    ],
    [
      99.0,
      159.66666666666666
    ],
    [
      71.66666666666667,
      108.33333333333333
    ],
    [
      59.333333333333336,
      93.0
    ]
  ]
}