{
  "image_path": "/home/quynhthu/Documents/AI-project/e2e/data/raw/dataCollect2_frame_000066_jpg.rf.9bbc24e79dad86fb478261156258eb94_dup1.jpg",
  "command": 3,
  "waypoints": [
    [
      89.93792377864453,
      157.61540745346772
    ],
    [
      91.43727108226615,
      146.34253698549784
    ],
    [
      92.93661838588777,
      135.06966651752796
    ],
    [
      94.43596568950933,
      123.79679604955805
    ],
    [
      95.93531299313099,
      112.52392558158819
    ],
    [
      97.43466029675258,
      101.25105511361829
    ],
    [
      98.93400760037417,
      89.97818464564841
    ],
    [
      100.4333549039958,
      78.70531417767853
    ],
    [
      101.93270220761742,
      67.43244370970865
    ],
    [
      103.43204951123901,
      56.15957324173878
    ]
  ],
  "bboxes": [],
  "categories": [],
  "control_points": [
    [
      89.93792377864453,
      157.61540745346772
    ],
    [
      94.3909852704007,
      124.13498216359716
    ],
    [
      98.84404676215689,
      90.6545568737266
    ],
    [
      103.43204951123901,
      56.15957324173878
    ]
  ]
}