{
  "image_path": "/home/quynhthu/Documents/AI-project/e2e/data/raw/dataCollect0_frame_000204_jpg.rf.af7e66903e79e9a511c2c2e1e4f1ad07.jpg",
  "command": 0,
  "waypoints": [
    [
      83.66666666666667,
      188.0
    ],
    [
      74.94137650337477,
      180.05804323931275
    ],
    [
      65.88979663932115,
      172.48926305267912
    ],
    [
      56.624984615276524,
      165.18241319290652
    ],
    [
      47.25153172418896,
      158.01513514163096
    ],
    [
      37.85917922362465,
      150.8725891992635
    ],
    [
      28.521079708518958,
      143.65936562296523
    ],
    [
      19.29437703026889,
      136.3043437989482
    ],
    [
      10.221861219153077,
      128.76009181823858
    ],
    [
      1.3333333333333333,
      121.0
    ]
  ],
  "bboxes": [
    [
      23.333333333333332,
      50.0,
      16.0,
      20.0
    ]
  ],
  "categories": [
    5
  ],
  "control_points": [
    [
      83.66666666666667,
      188.0
    ],
    [
      60.333333333333336,
      165.66666666666666
    ],
    [
      33.333333333333336,
      149.66666666666666
    ],
    [
      1.3333333333333333,
      121.0
    ]
  ]
}