{
  "image_path": "/home/quynhthu/Documents/AI-project/e2e/data/raw/dataCollect2_frame_000199_jpg.rf.db10cba7c4e7733e655e31a7a046cd77_dup1.jpg",
  "command": 0,
  "waypoints": [
    [
      89.2819863291934,
      167.66178690863717
    ],
    [
      86.8198896031023,
      158.96907805937676
    ],
    [
      84.35779287701119,
      150.27636921011637
    ],
    [
      81.89569615092009,
      141.58366036085593
    ],
    [
      79.433599424829,
      132.89095151159552
    ],
    [
      76.97150269873791,
      124.19824266233512
    ],
    [
      74.50940597264682,
      115.50553381307472
    ],
    [
      72.04730924655571,
      106.81282496381432
    ],
    [
      69.58521252046461,
      98.1201161145539
    ],
    [
      67.12311579437352,
      89.42740726529352
    ]
  ],
  "bboxes": [
    [
      120.93751566465033,
      43.300778805056225,
      13.566655429481557,
      16.279986515377864
    ],
    [
      17.830934400590536,
      95.30629128473551,
      94.96658800637087,
      8.139993257688957
    ]
  ],
  "categories": [
    10,
    7
  ],
  "control_points": []
}