{
  "image_path": "/home/quynhthu/Documents/AI-project/e2e/data/raw/dataCollect0_frame_000131_jpg.rf.80583e98773fc3bda0cfa65344dfbd3b_dup1.jpg",
  "command": 2,
  "waypoints": [
    [
      67.0,
      189.33333333333334
    ],
    [
      59.38585788121671,
      182.34843901002031
    ],
    [
      52.47741192199572,
      174.65957157874865
    ],
    [
      46.22729096794686,
      166.42678034353065
    ],
    [
      40.73639406033769,
      157.67031844297114
    ],
    [
      36.18002775841109,
      148.3949281394117
    ],
    [
      32.803793061387175,
      138.63064137872047
    ],
    [
      30.9093385498539,
      128.47775536554516
    ],
    [
      30.80356427866518,
      118.15361298280506
    ],
    [
      32.666666666666664,
      108.0
    ]
  ],
  "bboxes": [
    [
      80.33333333333333,
      50.333333333333336,
      14.0,
      22.0
    ]
  ],
  "categories": [
    11
  ],
  "control_points": [
    [
      67.0,
      189.33333333333334
    ],
    [
      58.0,
      182.33333333333334
    ],
    [
      21.666666666666668,
      146.33333333333334
    ],
    [
      32.666666666666664,
      108.0
    ]
  ]
}