{
  "image_path": "/home/quynhthu/Documents/AI-project/e2e/data/raw/dataCollect0_frame_000221_jpg.rf.415c0ea87b17f49e385deab467bc272f_dup1.jpg",
  "command": 3,
  "waypoints": [
    [
      126.66666666666667,
      189.33333333333334
    ],
    [
      127.09931648377187,
      175.92424831119243
    ],
    [
      127.60096307051509,
      162.5175377301055
    ],
    [
      128.12391919637378,
      149.11163670131793
    ],
    [
      128.64493766353567,
      135.7056603185871
    ],
    [
      129.15319933977958,
      122.29919475976533
    ],
    [
      129.64389633264148,
      108.89207513374252
    ],
    [
      130.1153399486968,
      95.48426478965501
    ],
    [
      130.56720053342193,
      82.07578017040395
    ],
    [
      131.0,
      68.66666666666667
    ]
  ],
  "bboxes": [
    [
      102.33333333333333,
      83.0,
      58.333333333333336,
      9.0
    ]
  ],
  "categories": [
    7
  ],
  "control_points": [
    [
      126.66666666666667,
      189.33333333333334
    ],
    [
      127.33333333333333,
      165.33333333333334
    ],
    [
      129.0,
      132.0
    ],
    [
      131.0,
      68.66666666666667
    ]
  ]
}