{
  "image_path": "/home/quynhthu/Documents/AI-project/e2e/data/raw/dataCollect2_frame_000084_jpg.rf.c6439db20132e56ca96cf431746345b8_dup2.jpg",
  "command": 0,
  "waypoints": [
    [
      133.59972739883312,
      168.5662306039359
    ],
    [
      123.71047540992794,
      159.04320599159612
    ],
    [
      113.96419751896767,
      149.37400901707554
    ],
    [
      104.40985584359375,
      139.51528397904042
    ],
    [
      95.12042621576157,
      129.40689347921358
    ],
    [
      86.20414293460712,
      118.96855624220368
    ],
    [
      77.83538395844656,
      108.08771390452367
    ],
    [
      70.29993135961553,
      96.61699119910435
    ],
    [
      64.07373662121002,
      84.39233021971769
    ],
    [
      59.88756623198336,
      71.3385333593181
    ]
  ],
  "bboxes": [],
  "categories": [],
  "control_points": [
    [
      133.59972739883312,
      168.5662306039359
    ],
    [
      87.47309893859584,
      124.70071138194554
    ],
    [
      65.31422840377597,
      96.66295682768367
    ],
    [
      59.88756623198336,
      71.3385333593181
    ]
  ]
}