{
  "image_path": "/home/quynhthu/Documents/AI-project/e2e/data/raw/dataCollect2_frame_000096_jpg.rf.ae58e762dbfcf58bd029fe10bcc3e5c2_dup1.jpg",
  "command": 2,
  "waypoints": [
    [
      105.56197284457126,
      169.01845245158532
    ],
    [
      109.38069138617122,
      159.03511239750128
    ],
    [
      113.1524252435746,
      149.03394852336356
    ],
    [
      116.82845493457181,
      138.99726707478254
    ],
    [
      120.34405548111822,
      128.90339241201835
    ],
    [
      123.61004416133864,
      118.72625892138372
    ],
    [
      126.50360880316097,
      108.43753429161214
    ],
    [
      128.8518125735439,
      98.01176621265135
    ],
    [
      130.41701718596917,
      87.44180965571077
    ],
    [
      130.88639631293682,
      76.76519553111072
    ]
  ],
  "bboxes": [
    [
      106.46641653987001,
      46.01410989095255,
      24.419979773066814,
      19.89776129657293
    ]
  ],
  "categories": [
    3
  ],
  "control_points": []
}