{
  "image_path": "/home/quynhthu/Documents/AI-project/e2e/data/raw/dataCollect0_frame_000209_jpg.rf.028fabedb6c3a2dcae31ea484e374879.jpg",
  "command": 2,
  "waypoints": [
    [
      82.66666666666667,
      186.0
    ],
    [
      73.71750265948272,
      174.2481409308509
    ],
    [
      66.16229332876588,
      161.56518045632893
    ],
    [
      60.74197972791381,
      147.84783256711765
    ],
    [
      58.758352207329324,
      133.26204189111345
    ],
    [
      61.99724970127456,
      118.93963055042724
    ],
    [
      70.85251469458852,
      107.22445118695786
    ],
    [
      83.22877570751565,
      99.25117690598988
    ],
    [
      97.1458698864836,
      94.36180317650316
    ],
    [
      111.66666666666667,
      91.66666666666667
    ]
  ],
  "bboxes": [
    [
      121.33333333333333,
      59.333333333333336,
      16.666666666666668,
      26.0
    ],
    [
      0.0,
      125.66666666666667,
      102.66666666666667,
      58.333333333333336
    ]
  ],
  "categories": [
    0,
    7
  ],
  "control_points": []
}