{
  "image_path": "/home/quynhthu/Documents/AI-project/e2e/data/raw/dataCollect2_frame_000082_jpg.rf.28ea2cdf7f9b2423b5a9868079d04340_dup2.jpg",
  "command": 1,
  "waypoints": [
    [
      53.95358849172588,
      169.11040344790007
    ],
    [
      52.5439608142932,
      159.14917497547222
    ],
    [
      51.14124610775275,
      149.18697879684512
    ],
    [
      49.85919870546994,
      139.20870477610558
    ],
    [
      48.90245680511638,
      129.19474393515642
    ],
    [
      48.5904799267992,
      119.14199026363914
    ],
    [
      49.27259911210758,
      109.11000472096208
    ],
    [
      51.10355205601603,
      99.22298207605172
    ],
    [
      53.927285229877576,
      89.57031996482216
    ],
    [
      57.452065533509646,
      80.14913009968451
    ]
  ],
  "bboxes": [],
  "categories": [],
  "control_points": [
    [
      53.95358849172588,
      169.11040344790007
    ],
    [
      47.95619927723945,
      126.1291140774139
    ],
    [
      44.457722235455705,
      112.13520591027888
    ],
    [
      57.452065533509646,
      80.14913009968451
    ]
  ]
}