{
  "image_path": "/home/quynhthu/Documents/AI-project/e2e/data/raw/dataCollect0_frame_000158_jpg.rf.5cf6631623e6e257a620f764e4427aff.jpg",
  "command": 3,
  "waypoints": [
    [
      116.33333333333333,
      189.0
    ],
    [
      116.95196490621395,
      176.4901084462651
    ],
    [
      117.50675709870194,
      163.97721601331267
    ],
    [
      118.00673188721295,
      151.46201191782535
    ],
    [
      118.45332372309251,
      138.94478961149926
    ],
    [
      118.84387410906216,
      126.42569495769197
    ],
    [
      119.17256380743085,
      113.90482646803935
    ],
    [
      119.4300956123035,
      101.3822978344707
    ],
    [
      119.60214928474187,
      88.85831344071225
    ],
    [
      119.66666666666667,
      76.33333333333333
    ]
  ],
  "bboxes": [],
  "categories": [],
  "control_points": [
    [
      116.33333333333333,
      189.0
    ],
    [
      117.66666666666667,
      163.66666666666666
    ],
    [
      119.66666666666667,
      114.66666666666667
    ],
    [
      119.66666666666667,
      76.33333333333333
    ]
  ]
}