{
  "image_path": "/home/quynhthu/Documents/AI-project/e2e/data/raw/dataCollect0_frame_000164_jpg.rf.bb8753dcd0f6a348d4ca085645182c28_dup1.jpg",
  "command": 1,
  "waypoints": [
    [
      100.0,
      185.0
    ],
    [
      94.47523709806751,
      171.37737394499428
    ],
    [
      87.00281875806526,
      158.71548330779757
    ],
    [
      77.87063686293546,
      147.19084499921587
    ],
    [
      67.35605436858138,
      136.9097222206844
    ],
    [
      55.71347385917193,
      127.9237634895755
    ],
    [
      43.17000155401579,
      120.24312366882639
    ],
    [
      29.926781683588803,
      113.84178683957374
    ],
    [
      16.155628602567386,
      108.67041770757514
    ],
    [
      2.0,
      104.66666666666667
    ]
  ],
  "bboxes": [],
  "categories": [],
  "control_points": [
    [
      100.0,
      185.0
    ],
    [
      89.0,
      150.33333333333334
    ],
    [
      56.0,
      117.66666666666667
    ],
    [
      2.0,
      104.66666666666667
    ]
  ]
}