{
  "image_path": "/home/quynhthu/Documents/AI-project/e2e/data/raw/dataCollect2_frame_000085_jpg.rf.bfd9e5913b62a28740580276d7f121e5_dup1.jpg",
  "command": 2,
  "waypoints": [
    [
      91.43727108226614,
      168.61062101335952
    ],
    [
      84.02424058281674,
      159.70480175091743
    ],
    [
      76.79117823046938,
      150.6524774700119
    ],
    [
      69.85352720047364,
      141.3723450568128
    ],
    [
      63.367679262980175,
      131.77202623838556
    ],
    [
      57.55397205687126,
      121.75222742192362
    ],
    [
      52.72616586420912,
      111.22510277635914
    ],
    [
      49.30293627861587,
      100.16610739459522
    ],
    [
      47.76401999533545,
      88.69783657624265
    ],
    [
      48.45598171177999,
      77.15043549244132
    ]
  ],
  "bboxes": [],
  "categories": [],
  "control_points": [
    [
      91.43727108226614,
      168.61062101335952
    ],
    [
      64.44901961707716,
      136.62454520276518
    ],
    [
      43.45815736637462,
      108.13694643395458
    ],
    [
      48.45598171177999,
      77.15043549244132
    ]
  ]
}