{
  "image_path": "/home/quynhthu/Documents/AI-project/e2e/data/raw/dataCollect0_frame_000167_jpg.rf.8e5eb88e6e61bb960eb05d71b9c1e757.jpg",
  "command": 3,
  "waypoints": [
    [
      136.66666666666666,
      191.33333333333334
    ],
    [
      131.81232783133905,
      178.32262690999255
    ],
    [
      126.89907581859495,
      165.33406400532593
    ],
    [
      121.91483926848458,
      152.37257842215396
    ],
    [
      116.8579709345283,
      139.43925454002184
    ],
    [
      111.73990979193748,
      126.53001742617998
    ],
    [
      106.57957960904317,
      113.6376128301386
    ],
    [
      101.39490755673927,
      100.75497496966567
    ],
    [
      96.19900134871551,
      87.87686298156905
    ],
    [
      91.0,
      75.0
    ]
  ],
  "bboxes": [
    [
      57.0,
      129.0,
      115.0,
      22.0
    ]
  ],
  "categories": [
    7
  ],
  "control_points": []
}