{
  "image_path": "/home/quynhthu/Documents/AI-project/e2e/data/raw/dataCollect2_frame_000055_jpg.rf.45533819a801243a25965012acd994fb.jpg",
  "command": 0,
  "waypoints": [
    [
      125.33333333333333,
      170.66666666666666
    ],
    [
      124.44913740435,
      158.85684280115055
    ],
    [
      123.65187044366915,
      147.0407134769279
    ],
    [
      122.87729576786366,
      135.22307046767799
    ],
    [
      122.1086930555082,
      123.40503702949741
    ],
    [
      121.33685173310177,
      111.58721484441735
    ],
    [
      120.55392364858056,
      99.77012263604728
    ],
    [
      119.75037743485844,
      87.95441625584151
    ],
    [
      118.91072524780355,
      76.14122637768439
    ],
    [
      118.0,
      64.33333333333333
    ]
  ],
  "bboxes": [],
  "categories": [],
  "control_points": [
    [
      125.33333333333333,
      170.66666666666666
    ],
    [
      124.0,
      155.33333333333334
    ],
    [
      120.33333333333333,
      92.66666666666667
    ],
    [
      118.0,
      64.33333333333333
    ]
  ]
}