{
  "image_path": "/home/quynhthu/Documents/AI-project/e2e/data/raw/dataCollect2_frame_000263_jpg.rf.7d9b8abf41686a8b77b692cf8d084265_dup1.jpg",
  "command": 1,
  "waypoints": [
    [
      104.03214415927246,
      169.9730087870375
    ],
    [
      105.07546251530883,
      159.23296688666323
    ],
    [
      106.11878087134518,
      148.49292498628898
    ],
    [
      107.1620992273815,
      137.75288308591473
    ],
    [
      108.2054175834179,
      127.01284118554048
    ],
    [
      109.24873593945424,
      116.27279928516623
    ],
    [
      110.2920542954906,
      105.53275738479198
    ],
    [
      111.33537265152695,
      94.79271548441773
    ],
    [
      112.37869100756332,
      84.05267358404348
    ],
    [
      113.42200936359967,
      73.3126316836692
    ]
  ],
  "bboxes": [],
  "categories": [],
  "control_points": [
    [
      104.03214415927246,
      169.9730087870375
    ],
    [
      107.13079967670043,
      138.07508434292595
    ],
    [
      110.22945519412842,
      106.17715989881441
    ],
    [
      113.42200936359967,
      73.3126316836692
    ]
  ]
}