{
  "image_path": "/home/quynhthu/Documents/AI-project/e2e/data/raw/dataCollect0_frame_000010_jpg.rf.fba02409b0ba7ae421a7f0e400c30194_dup1.jpg",
  "command": 1,
  "waypoints": [
    [
      101.33333333333333,
      185.33333333333334
    ],
    [
      90.11716949881173,
      180.57208708629446
    ],
    [
      78.65776657478865,
      176.43170818692707
    ],
    [
      67.06013424966052,
      172.69355632242855
    ],
    [
      55.426014739362955,
      169.06980413204715
    ],
    [
      43.86560958120109,
      165.2194160298353
    ],
    [
      32.52244829064824,
      160.7742736201002
    ],
    [
      21.59814635538508,
      155.38673469748178
    ],
    [
      11.344720401638833,
      148.81572845641332
    ],
    [
      2.0,
      141.0
    ]
  ],
  "bboxes": [
    [
      172.0,
      49.0,
      32.0,
      17.333333333333332
    ],
    [
      206.33333333333334,
      44.0,
      14.333333333333334,
      13.666666666666666
    ],
    [
      183.66666666666666,
      44.333333333333336,
      7.0,
      9.666666666666666
    ]
  ],
  "categories": [
    3,
    3,
    8
  ],
  "control_points": []
}