{
  "image_path": "/home/quynhthu/Documents/AI-project/e2e/data/raw/dataCollect2_frame_000096_jpg.rf.4caad927808dd1e8f4ebdb65b0c6cb7a.jpg",
  "command": 3,
  "waypoints": [
    [
      99.23086697747986,
      171.7317835374816
    ],
    [
      103.2907053648933,
      161.16096027532086
    ],
    [
      107.63235582167736,
      150.702809261393
    ],
    [
      112.12116439429344,
      140.3067874377744
    ],
    [
      116.62580640150044,
      129.9176022537097
    ],
    [
      121.00273982267653,
      119.47418128934252
    ],
    [
      125.07464769122542,
      108.90871816836135
    ],
    [
      128.595878467895,
      98.14875222545083
    ],
    [
      131.18744039557632,
      87.13170232941522
    ],
    [
      132.24306185588497,
      75.86075183581195
    ]
  ],
  "bboxes": [
    [
      105.10975099692186,
      46.918553586251306,
      25.32442346836558,
      17.184430210676638
    ]
  ],
  "categories": [
    3
  ],
  "control_points": []
}