{
  "image_path": "/home/quynhthu/Documents/AI-project/e2e/data/raw/dataCollect2_frame_000203_jpg.rf.704546f079362541daefd62e41272f4b.jpg",
  "command": 2,
  "waypoints": [
    [
      122.2941812075985,
      172.18400538513097
    ],
    [
      126.15573291607632,
      156.62930771062264
    ],
    [
      131.34456637209237,
      141.46952098491408
    ],
    [
      138.3974886683937,
      127.0910548210598
    ],
    [
      147.94828024929978,
      114.25566987094173
    ],
    [
      160.29365484117972,
      104.10306680177337
    ],
    [
      174.7987207504342,
      97.36467979871118
    ],
    [
      190.35163074218775,
      93.54631508166649
    ],
    [
      206.2498490695227,
      91.525424995455
    ],
    [
      222.23520953811263,
      90.33185096059229
    ]
  ],
  "bboxes": [],
  "categories": [],
  "control_points": [
    [
      122.2941812075985,
      172.18400538513097
    ],
    [
      138.121945875327,
      97.56740052298244
    ],
    [
      172.94302814432965,
      93.49740389413797
    ],
    [
      222.23520953811263,
      90.33185096059229
    ]
  ]
}