{
  "image_path": "/home/quynhthu/Documents/AI-project/e2e/data/raw/dataCollect2_frame_000278_jpg.rf.502e79470855a11873119774042ffd6a.jpg",
  "command": 0,
  "waypoints": [
    [
      65.92033832994441,
      174.94411389521068
    ],
    [
      68.2524617140257,
      166.10659370290273
    ],
    [
      70.58458509810694,
      157.26907351059475
    ],
    [
      72.91670848218818,
      148.4315533182868
    ],
    [
      75.2488318662695,
      139.59403312597885
    ],
    [
      77.58095525035074,
      130.75651293367088
    ],
    [
      79.91307863443201,
      121.91899274136293
    ],
    [
      82.24520201851327,
      113.08147254905498
    ],
    [
      84.57732540259454,
      104.24395235674703
    ],
    [
      86.9094487866758,
      95.40643216443908
    ]
  ],
  "bboxes": [
    [
      49.349987969366985,
      88.77829202020811,
      72.90954158654066,
      6.628140144230969
    ],
    [
      128.33532468811936,
      44.590691058668334,
      12.703935276442678,
      15.465660336538924
    ],
    [
      83.59537871456033,
      60.05635139520726,
      20.989110456731368,
      29.274285637020114
    ]
  ],
  "categories": [
    7,
    7,
    2
  ],
  "control_points": []
}