{
  "image_path": "/home/quynhthu/Documents/AI-project/e2e/data/raw/dataCollect0_frame_000173_jpg.rf.52c1730c4beacacff136051466ea5bba_dup1.jpg",
  "command": 3,
  "waypoints": [
    [
      118.66666666666667,
      187.0
    ],
    [
      119.73163022353508,
      177.2371233978623
    ],
    [
      120.28846022606474,
      167.43118054652203
    ],
    [
      120.48146811161075,
      157.61105411269435
    ],
    [
      120.37418137482688,
      147.78950821511432
    ],
    [
      119.99273079821592,
      137.9747529464196
    ],
    [
      119.33781633153716,
      128.17447112700071
    ],
    [
      118.3881671290846,
      118.39844144281956
    ],
    [
      117.09010442766798,
      108.66277820408975
    ],
    [
      115.33333333333333,
      99.0
    ]
  ],
  "bboxes": [
    [
      192.0,
      58.0,
      25.0,
      31.333333333333332
    ]
  ],
  "categories": [
    6
  ],
  "control_points": [
    [
      118.66666666666667,
      187.0
    ],
    [
      122.0,
      164.0
    ],
    [
      120.66666666666667,
      124.0
    ],
    [
      115.33333333333333,
      99.0
    ]
  ]
}