{
  "image_path": "/home/quynhthu/Documents/AI-project/e2e/data/raw/dataCollect2_frame_000034_jpg.rf.eb431aded86a3fd1f31b4ca5ca1979cc.jpg",
  "command": 3,
  "waypoints": [
    [
      138.66666666666666,
      174.0
    ],
    [
      138.75050895126262,
      164.55307157112728
    ],
    [
      138.79636840844265,
      155.1058846900851
    ],
    [
      138.79631607144879,
      145.658590122232
    ],
    [
      138.7404972255585,
      136.21146643493657
    ],
    [
      138.6143205216669,
      126.76503097786394
    ],
    [
      138.39839824435748,
      117.32023906665758
    ],
    [
      138.0685346403738,
      107.8787622949555
    ],
    [
      137.62884585703125,
      98.4417181591772
    ],
    [
      137.33333333333334,
      89.0
    ]
  ],
  "bboxes": [],
  "categories": [],
  "control_points": [
    [
      138.66666666666666,
      174.0
    ],
    [
      139.33333333333334,
      111.66666666666667
    ],
    [
      137.33333333333334,
      101.0
    ],
    [
      137.33333333333334,
      89.0
    ]
  ]
}