{
  "image_path": "/home/quynhthu/Documents/AI-project/e2e/data/raw/dataCollect2_frame_000219_jpg.rf.765224aaa702b24f7a982763f58a0708.jpg",
  "command": 0,
  "waypoints": [
    [
      194.61672613042902,
      197.03791437598056
    ],
    [
      197.31346279434356,
      187.01351546943286
    ],
    [
      200.22639196758934,
      177.04979279437202
    ],
    [
      203.137713476059,
      167.08553990869657
    ],
    [
      205.9352903733971,
      157.08882140616382
    ],
    [
      208.5675795311312,
      147.04736116848744
    ],
    [
      211.01525154916234,
      136.95932588018175
    ],
    [
      213.27601863162624,
      126.8277632690963
    ],
    [
      215.35522319072982,
      116.65737494382944
    ],
    [
      217.26287162321816,
      106.45333240482402
    ]
  ],
  "bboxes": [
    [
      103.47979914725322,
      51.218831202899295,
      57.44388125000172,
      48.606361057693746
    ]
  ],
  "categories": [
    3
  ],
  "control_points": []
}