{
  "image_path": "/home/quynhthu/Documents/AI-project/e2e/data/raw/dataCollect2_frame_000208_jpg.rf.236d33f444b08807e2541da9f3fb0ad2.jpg",
  "command": 0,
  "waypoints": [
    [
      113.2497442546108,
      171.7317835374816
    ],
    [
      112.97569447450401,
      157.23519188578513
    ],
    [
      110.59968233510149,
      142.94174467959408
    ],
    [
      105.34571794616059,
      129.456033977015
    ],
    [
      96.78487890227122,
      117.80091215726381
    ],
    [
      85.46498261976504,
      108.78372826437759
    ],
    [
      72.51726805633469,
      102.27746134245943
    ],
    [
      58.79135590458963,
      97.5998545170419
    ],
    [
      44.718315907598424,
      94.08385530792322
    ],
    [
      30.493146134773323,
      91.23629465589104
    ]
  ],
  "bboxes": [],
  "categories": [],
  "control_points": [
    [
      113.2497442546108,
      171.7317835374816
    ],
    [
      115.51085349285772,
      112.49072149541215
    ],
    [
      79.33310568090691,
      100.28073160887875
    ],
    [
      30.493146134773323,
      91.23629465589104
    ]
  ]
}