{
  "image_path": "/home/quynhthu/Documents/AI-project/e2e/data/raw/dataCollect2_frame_000222_jpg.rf.a10f4d17c856c64920be1add5c75f142.jpg",
  "command": 3,
  "waypoints": [
    [
      53.76874806552096,
      180.46756401540316
    ],
    [
      52.498842541852575,
      170.56852712887056
    ],
    [
      51.27108155158345,
      160.66420826538112
    ],
    [
      50.17304355810315,
      150.7448104760804
    ],
    [
      49.34008851027418,
      140.7999530796933
    ],
    [
      48.912122997763454,
      130.82975637350492
    ],
    [
      48.94490015028312,
      120.85042178327845
    ],
    [
      49.37708482447879,
      110.88012299919349
    ],
    [
      50.097273589017725,
      100.92622492430772
    ],
    [
      51.00702300542472,
      90.98767206828511
    ]
  ],
  "bboxes": [
    [
      83.04303370254107,
      44.590691058668334,
      24.855525540866125,
      25.407870552885377
    ]
  ],
  "categories": [
    3
  ],
  "control_points": []
}