{
  "image_path": "/home/quynhthu/Documents/AI-project/e2e/data/raw/dataCollect_frame_000039_jpg.rf.19a039496c898406520d177562b3a9cf.jpg",
  "command": 0,
  "waypoints": [
    [
      124.46890960398461,
      174.94411389521068
    ],
    [
      124.4865766048547,
      164.49034098601584
    ],
    [
      124.50424360572478,
      154.036568076821
    ],
    [
      124.52191060659484,
      143.58279516762616
    ],
    [
      124.53957760746498,
      133.12902225843132
    ],
    [
      124.55724460833504,
      122.67524934923648
    ],
    [
      124.57491160920513,
      112.22147644004164
    ],
    [
      124.59257861007521,
      101.7677035308468
    ],
    [
      124.61024561094531,
      91.31393062165195
    ],
    [
      124.62791261181538,
      80.86015771245714
    ]
  ],
  "bboxes": [],
  "categories": [],
  "control_points": [
    [
      124.46890960398461,
      174.94411389521068
    ],
    [
      124.52138059656876,
      143.896408354902
    ],
    [
      124.57385158915292,
      112.84870281459334
    ],
    [
      124.62791261181538,
      80.86015771245714
    ]
  ]
}