{
  "image_path": "/home/quynhthu/Documents/AI-project/e2e/data/raw/dataCollect_frame_000060_jpg.rf.4012df9c115493c3a7ce4142aaba6c10.jpg",
  "command": 0,
  "waypoints": [
    [
      118.1307409627884,
      171.32077836429428
    ],
    [
      119.43316070181478,
      164.0705206213149
    ],
    [
      120.6943667126943,
      156.8129816211137
    ],
    [
      121.93961306804263,
      149.55268259238989
    ],
    [
      123.19767888874868,
      142.294599368219
    ],
    [
      124.50208940120595,
      135.04472313051832
    ],
    [
      125.89275132096722,
      127.81094342222224
    ],
    [
      127.41766991238961,
      120.60436223160251
    ],
    [
      129.13689237349206,
      113.44181738235001
    ],
    [
      131.12508426084236,
      106.3490618740245
    ]
  ],
  "bboxes": [
    [
      190.0994115366257,
      52.87234137818708,
      26.988251465188966,
      25.48890416156737
    ],
    [
      70.1516272468969,
      110.84710378488933,
      104.9543112535127,
      16.49282033983772
    ]
  ],
  "categories": [
    10,
    7
  ],
  "control_points": []
}