{
  "image_path": "/home/quynhthu/Documents/AI-project/e2e/data/raw/dataCollect2_frame_000032_jpg.rf.a5492a1e205ce28fb4f891f1c660031a.jpg",
  "command": 0,
  "waypoints": [
    [
      121.33333333333333,
      168.33333333333334
    ],
    [
      119.9179159247714,
      158.7884140310937
    ],
    [
      118.91247652738026,
      149.19163361507808
    ],
    [
      118.33244245859389,
      139.5599136298068
    ],
    [
      118.23427145174871,
      129.91155428520702
    ],
    [
      118.71105718556275,
      120.27507522835039
    ],
    [
      119.90371599675184,
      110.70194695058586
    ],
    [
      122.02203297988189,
      101.29260462958017
    ],
    [
      125.3672712098077,
      92.25148999252893
    ],
    [
      130.33333333333334,
      84.0
    ]
  ],
  "bboxes": [
    [
      188.0,
      45.0,
      24.333333333333332,
      29.0
    ],
    [
      60.0,
      113.0,
      109.0,
      14.0
    ]
  ],
  "categories": [
    5,
    7
  ],
  "control_points": [
    [
      121.33333333333333,
      168.33333333333334
    ],
    [
      120.33333333333333,
      162.33333333333334
    ],
    [
      111.0,
      109.0
    ],
    [
      130.33333333333334,
      84.0
    ]
  ]
}