{
  "image_path": "/home/quynhthu/Documents/AI-project/e2e/data/raw/dataCollect_frame_000040_jpg.rf.82a0d78aecf4efcb5d69adab3d945c74.jpg",
  "command": 3,
  "waypoints": [
    [
      114.63226392100465,
      171.8205607988348
    ],
    [
      115.03202311698301,
      161.94204702980824
    ],
    [
      115.32982915041515,
      152.0599538308083
    ],
    [
      115.50324449055731,
      142.17491881407568
    ],
    [
      115.53462321444412,
      132.28842425790418
    ],
    [
      115.43189096918661,
      122.40238077947845
    ],
    [
      115.25379962679888,
      112.51735493298938
    ],
    [
      115.09970892396034,
      102.63194495369724
    ],
    [
      115.04985177774894,
      92.745505816814
    ],
    [
      115.1320463555452,
      82.85928745061928
    ]
  ],
  "bboxes": [],
  "categories": [],
  "control_points": [
    [
      114.63226392100465,
      171.8205607988348
    ],
    [
      116.63139365916679,
      127.33992412472705
    ],
    [
      114.63226392100465,
      116.34471056483525
    ],
    [
      115.1320463555452,
      82.85928745061928
    ]
  ]
}