{
  "image_path": "/home/quynhthu/Documents/AI-project/e2e/data/raw/dataCollect_frame_000056_jpg.rf.210e87277631d04c39c5f4a8f8e90f60.jpg",
  "command": 0,
  "waypoints": [
    [
      110.13422201013982,
      175.81882027515908
    ],
    [
      110.09273440192206,
      164.77835267056807
    ],
    [
      109.56799951076106,
      153.7500054713858
    ],
    [
      108.6403964234521,
      142.74796694055166
    ],
    [
      107.38700908935546,
      131.77808838254853
    ],
    [
      105.87429317936375,
      120.84083623622298
    ],
    [
      104.15554376391232,
      109.9339868150999
    ],
    [
      102.27296583222184,
      99.05416915957741
    ],
    [
      100.25893063568209,
      88.19788744147439
    ],
    [
      98.13944358116694,
      77.36168067067338
    ]
  ],
  "bboxes": [],
  "categories": [],
  "control_points": [
    [
      110.13422201013982,
      175.81882027515908
    ],
    [
      110.63400444468034,
      151.3294809826728
    ],
    [
      107.1355274028966,
      122.34209977932167
    ],
    [
      98.13944358116694,
      77.36168067067338
    ]
  ]
}