{
  "image_path": "/home/quynhthu/Documents/AI-project/e2e/data/raw/dataCollect2_frame_000077_jpg.rf.e17d271bb0b3961650ef8e6069f45557.jpg",
  "command": 2,
  "waypoints": [
    [
      117.42595767837405,
      164.1125791024947
    ],
    [
      117.98406004995192,
      151.435004192407
    ],
    [
      120.40817817953194,
      138.99005292757377
    ],
    [
      125.18419304450265,
      127.25374948649798
    ],
    [
      132.50247277193907,
      116.91440385003236
    ],
    [
      141.96257150865483,
      108.48252357718204
    ],
    [
      152.80037964737008,
      101.89623802088333
    ],
    [
      164.35264981991716,
      96.64432665421356
    ],
    [
      176.17645326303028,
      92.02596845360729
    ],
    [
      187.89528094858971,
      87.14608418325203
    ]
  ],
  "bboxes": [
    [
      191.39375799037347,
      44.16479481276589,
      19.99129738162145,
      28.4875987688106
    ]
  ],
  "categories": [
    9
  ],
  "control_points": []
}