{
  "image_path": "/home/quynhthu/Documents/AI-project/e2e/data/raw/dataCollect0_frame_000167_jpg.rf.8e5eb88e6e61bb960eb05d71b9c1e757_dup1.jpg",
  "command": 1,
  "waypoints": [
    [
      133.0,
      191.33333333333334
    ],
    [
      124.07194448876614,
      174.06481249508354
    ],
    [
      114.34187131472468,
      157.23922096578653
    ],
    [
      103.15415850205726,
      141.35222947931484
    ],
    [
      90.09584894961091,
      126.97122614938212
    ],
    [
      75.07490488391167,
      114.66066758797838
    ],
    [
      58.33829601365172,
      104.8083529665413
    ],
    [
      40.33991066914955,
      97.5021908518836
    ],
    [
      21.54930025088031,
      92.56181964285241
    ],
    [
      2.3333333333333335,
      89.66666666666667
    ]
  ],
  "bboxes": [
    [
      56.333333333333336,
      130.66666666666666,
      116.66666666666667,
      21.666666666666668
    ]
  ],
  "categories": [
    7
  ],
  "control_points": [
    [
      133.0,
      191.33333333333334
    ],
    [
      112.0,
      150.0
    ],
    [
      86.66666666666667,
      98.33333333333333
    ],
    [
      2.3333333333333335,
      89.66666666666667
    ]
  ]
}