{
  "image_path": "/home/quynhthu/Documents/AI-project/e2e/data/raw/dataCollect2_frame_000311_jpg.rf.b826ba4320ed5004be1b6ad0d278fd36_dup3.jpg",
  "command": 2,
  "waypoints": [
    [
      120.05014950783062,
      169.9730087870375
    ],
    [
      122.08262468815848,
      154.87165652472382
    ],
    [
      124.56550031758378,
      139.8391091518026
    ],
    [
      128.0093706474724,
      125.00287959569692
    ],
    [
      133.46723017619277,
      110.80742411870354
    ],
    [
      142.63140443488385,
      98.71998284478045
    ],
    [
      155.66260890782442,
      90.9546646571657
    ],
    [
      170.36091859654536,
      87.0457279280796
    ],
    [
      185.47891023126937,
      85.19685694896916
    ],
    [
      200.69252126264072,
      84.35953192405412
    ]
  ],
  "bboxes": [
    [
      202.34955629869845,
      28.02034069809091,
      16.018005348558205,
      65.17671141827118
    ],
    [
      82.49068869052182,
      95.95877717645833,
      98.317412139426,
      16.57035036057742
    ]
  ],
  "categories": [
    12,
    7
  ],
  "control_points": []
}