{
  "image_path": "/home/quynhthu/Documents/AI-project/e2e/data/raw/dataCollect2_frame_000230_jpg.rf.094c8837a321702082bda075cf17e9c0.jpg",
  "command": 1,
  "waypoints": [
    [
      33.88432763282807,
      158.92610854665253
    ],
    [
      46.977708517841606,
      152.97400697171798
    ],
    [
      60.00699115512535,
      146.88303291865486
    ],
    [
      72.93049474068258,
      140.57110936088316
    ],
    [
      85.67474768061851,
      133.90564489468693
    ],
    [
      98.10773755929421,
      126.67857683360275
    ],
    [
      109.98084699723712,
      118.56989910537773
    ],
    [
      120.85990206111171,
      109.1787964393986
    ],
    [
      130.19027295621248,
      98.25397438703897
    ],
    [
      137.72518989244654,
      86.01656696011187
    ]
  ],
  "bboxes": [],
  "categories": [],
  "control_points": [
    [
      33.88432763282807,
      158.92610854665253
    ],
    [
      100.16572907513773,
      129.09947789761318
    ],
    [
      122.25952955590763,
      115.29085259713197
    ],
    [
      137.72518989244654,
      86.01656696011187
    ]
  ]
}