{
  "image_path": "/home/quynhthu/Documents/AI-project/e2e/data/raw/dataCollect0_frame_000168_jpg.rf.ec807de75b06adaa8d04768d50f39c1b_dup1.jpg",
  "command": 3,
  "waypoints": [
    [
      127.66666666666667,
      187.66666666666666
    ],
    [
      125.80654045717681,
      175.44061110325617
    ],
    [
      124.26200291350578,
      163.1698584860765
    ],
    [
      122.69686785145281,
      150.90172377037217
    ],
    [
      120.93767274312303,
      138.6600280822536
    ],
    [
      118.94221778042089,
      126.45462526398745
    ],
    [
      116.72324876815111,
      114.28783317475596
    ],
    [
      114.30827486359023,
      102.15838369345043
    ],
    [
      111.72542081928646,
      90.06354067605734
    ],
    [
      109.0,
      78.0
    ]
  ],
  "bboxes": [],
  "categories": [],
  "control_points": [
    [
      127.66666666666667,
      187.66666666666666
    ],
    [
      123.33333333333333,
      163.0
    ],
    [
      123.66666666666667,
      141.33333333333334
    ],
    [
      109.0,
      78.0
    ]
  ]
}