{
  "image_path": "/home/quynhthu/Documents/AI-project/e2e/data/raw/dataCollect0_frame_000151_jpg.rf.4e040e9e0eca89f2d7f3dad6394d0f26_dup2.jpg",
  "command": 1,
  "waypoints": [
    [
      126.66666666666667,
      190.0
    ],
    [
      125.9102835250546,
      169.2491021616027
    ],
    [
      123.31927281084795,
      148.6529650042696
    ],
    [
      117.85238114379557,
      128.6460173828702
    ],
    [
      107.91993708189126,
      110.49131124329854
    ],
    [
      92.59649278316238,
      96.63869419428617
    ],
    [
      73.66728580385859,
      88.23591461390323
    ],
    [
      53.45290474288691,
      83.5291441239216
    ],
    [
      32.914255846532875,
      80.45458235046291
    ],
    [
      12.333333333333334,
      77.66666666666667
    ]
  ],
  "bboxes": [
    [
      171.0,
      55.666666666666664,
      16.0,
      19.0
    ]
  ],
  "categories": [
    4
  ],
  "control_points": [
    [
      126.66666666666667,
      190.0
    ],
    [
      126.33333333333333,
      84.66666666666667
    ],
    [
      79.66666666666667,
      87.33333333333333
    ],
    [
      12.333333333333334,
      77.66666666666667
    ]
  ]
}