{
  "image_path": "/home/quynhthu/Documents/AI-project/e2e/data/raw/dataCollect_frame_000018_jpg.rf.0265a7ef33ac84e1667e7a44e743eded.jpg",
  "command": 0,
  "waypoints": [
    [
      113.97435437561892,
      175.49645890722994
    ],
    [
      118.07310903582213,
      162.12514566673144
    ],
    [
      126.60653439699404,
      150.84317703586478
    ],
    [
      136.9181809235726,
      141.13492928313968
    ],
    [
      148.30566751662494,
      132.70780451503532
    ],
    [
      160.48412673479,
      125.46851581049667
    ],
    [
      173.30224055418188,
      119.43363015297446
    ],
    [
      186.65325064663227,
      114.69463961886898
    ],
    [
      200.4320165749723,
      111.4052517769251
    ],
    [
      214.50114656312192,
      109.76740247693951
    ]
  ],
  "bboxes": [],
  "categories": [],
  "control_points": [
    [
      113.97435437561892,
      175.49645890722994
    ],
    [
      112.86966435158041,
      153.95500343847928
    ],
    [
      162.0,
      112.5
    ],
    [
      214.50114656312192,
      109.76740247693951
    ]
  ]
}