{
  "image_path": "/home/quynhthu/Documents/AI-project/e2e/data/raw/dataCollect_frame_000038_jpg.rf.e04a127609411e2aff9e6c85edad1572.jpg",
  "command": 0,
  "waypoints": [
    [
      124.46890960398461,
      174.94411389521068
    ],
    [
      124.4865766048547,
      164.49034098601587
    ],
    [
      124.50424360572478,
      154.03656807682106
    ],
    [
      124.52191060659484,
      143.5827951676262
    ],
    [
      124.53957760746498,
      133.12902225843135
    ],
    [
      124.55724460833504,
      122.67524934923648
    ],
    [
      124.57491160920513,
      112.22147644004161
    ],
    [
      124.59257861007521,
      101.76770353084676
    ],
    [
      124.61024561094531,
      91.31393062165189
    ],
    [
      124.62791261181538,
      80.86015771245712
    ]
  ],
  "bboxes": [
    [
      156.11420598786918,
      43.876257556457425,
      12.494560863513442,
      17.49238520891879
    ]
  ],
  "categories": [
    9
  ],
  "control_points": []
}