{
  "image_path": "/home/quynhthu/Documents/AI-project/e2e/data/raw/dataCollect0_frame_000013_jpg.rf.40569fca09921c72cb4c63a7f763c40d_dup1.jpg",
  "command": 0,
  "waypoints": [
    [
      109.0,
      186.66666666666666
    ],
    [
      109.89414496593946,
      175.1564450224013
    ],
    [
      110.72239430185522,
      163.64129879476477
    ],
    [
      111.50899352293264,
      152.12322625741115
    ],
    [
      112.2668296940008,
      140.6032231229638
    ],
    [
      113.00436105768809,
      129.08190107627073
    ],
    [
      113.72803921575799,
      117.55969992373655
    ],
    [
      114.44474593241985,
      106.03706269253586
    ],
    [
      115.16636113976959,
      94.51475038945426
    ],
    [
      116.0,
      83.0
    ]
  ],
  "bboxes": [
    [
      155.33333333333334,
      51.0,
      11.666666666666666,
      12.333333333333334
    ],
    [
      65.33333333333333,
      49.0,
      11.333333333333334,
      15.333333333333334
    ],
    [
      142.33333333333334,
      50.333333333333336,
      42.0,
      37.666666666666664
    ],
    [
      42.333333333333336,
      46.0,
      53.666666666666664,
      38.333333333333336
    ],
    [
      27.666666666666668,
      158.0,
      151.33333333333334,
      23.333333333333332
    ],
    [
      128.66666666666666,
      46.666666666666664,
      12.666666666666666,
      10.333333333333334
    ],
    [
      93.66666666666667,
      46.0,
      18.0,
      14.333333333333334
    ]
  ],
  "categories": [
    8,
    8,
    3,
    3,
    7,
    3,
    3
  ],
  "control_points": []
}