{
  "image_path": "/home/quynhthu/Documents/AI-project/e2e/data/raw/dataCollect2_frame_000091_jpg.rf.7b5d17d910188f6f0c0431068c7cd37d.jpg",
  "command": 0,
  "waypoints": [
    [
      121.84195935994912,
      166.75734321333837
    ],
    [
      123.93124391759504,
      155.52197458818256
    ],
    [
      126.46283234044866,
      144.37859370946518
    ],
    [
      129.5350733842762,
      133.372523750046
    ],
    [
      133.2720825096702,
      122.57489340138153
    ],
    [
      137.8158895987626,
      112.09247278300835
    ],
    [
      143.31392033992532,
      102.07925845466737
    ],
    [
      149.8785093906581,
      92.7323015743885
    ],
    [
      157.52908208883647,
      84.2521543310041
    ],
    [
      166.15970042958887,
      76.76519553111072
    ]
  ],
  "bboxes": [
    [
      170.6819189060827,
      42.39633510975746,
      18.993317601274157,
      17.18443021067663
    ]
  ],
  "categories": [
    3
  ],
  "control_points": []
}