{
  "image_path": "/home/quynhthu/Documents/AI-project/e2e/data/raw/dataCollect2_frame_000278_jpg.rf.72ad620374ac7c9babed501171377144.jpg",
  "command": 0,
  "waypoints": [
    [
      65.92033832994441,
      174.94411389521068
    ],
    [
      68.2524617140257,
      166.10659370290273
    ],
    [
      70.58458509810694,
      157.26907351059475
    ],
    [
      72.91670848218818,
      148.4315533182868
    ],
    [
      75.2488318662695,
      139.59403312597883
    ],
    [
      77.58095525035074,
      130.75651293367088
    ],
    [
      79.91307863443201,
      121.91899274136291
    ],
    [
      82.24520201851327,
      113.08147254905496
    ],
    [
      84.57732540259454,
      104.24395235674704
    ],
    [
      86.9094487866758,
      95.40643216443908
    ]
  ],
  "bboxes": [
    [
      79.17661861840632,
      56.74228132309177,
      25.96021556490463,
      32.036010697116346
    ],
    [
      126.12594464004235,
      44.03834604664908,
      16.018005348558148,
      16.018005348558177
    ],
    [
      48.24529794532848,
      87.12125698415036,
      74.56657662259838,
      10.494555228365698
    ]
  ],
  "categories": [
    2,
    5,
    7
  ],
  "control_points": [
    [
      65.92033832994441,
      174.94411389521068
    ],
    [
      72.84674478066577,
      148.69667892405604
    ],
    [
      79.77315123138713,
      122.44924395290141
    ],
    [
      86.9094487866758,
      95.40643216443908
    ]
  ]
}