{
  "image_path": "/home/quynhthu/Documents/AI-project/e2e/data/raw/dataCollect0_frame_000211_jpg.rf.85ddfdcade5fbc398050781bdbf014bb.jpg",
  "command": 2,
  "waypoints": [
    [
      111.66666666666667,
      186.0
    ],
    [
      124.03746920449713,
      187.9412808989514
    ],
    [
      136.4512723711969,
      189.58349569493564
    ],
    [
      148.9060668513524,
      190.8773447232543
    ],
    [
      161.39683169477757,
      191.75548822997982
    ],
    [
      173.91255413814827,
      192.12562530725822
    ],
    [
      186.4298833726341,
      191.84947616248817
    ],
    [
      198.8955695701121,
      190.70342195579022
    ],
    [
      211.16345569989036,
      188.2588638984207
    ],
    [
      222.66666666666666,
      183.33333333333334
    ]
  ],
  "bboxes": [
    [
      45.666666666666664,
      48.0,
      14.0,
      18.333333333333332
    ]
  ],
  "categories": [
    6
  ],
  "control_points": []
}