{
  "image_path": "/home/quynhthu/Documents/AI-project/e2e/data/raw/dataCollect2_frame_000290_jpg.rf.8c4aa21c6567b0ad892ac1b294051710_dup1.jpg",
  "command": 2,
  "waypoints": [
    [
      93.53758893090676,
      169.9730087870375
    ],
    [
      94.93619657121157,
      155.46952240556433
    ],
    [
      96.54989865272998,
      140.98860855184932
    ],
    [
      98.61925323435561,
      126.56668732660863
    ],
    [
      101.63341887547031,
      112.31659451072015
    ],
    [
      106.69153947457633,
      98.68200771900507
    ],
    [
      115.72933255825457,
      87.39673267211673
    ],
    [
      128.7323221260165,
      81.03415825597881
    ],
    [
      143.0631722239211,
      78.51258981536664
    ],
    [
      157.6096103251394,
      77.73139177982317
    ]
  ],
  "bboxes": [
    [
      60.949233221771166,
      89.8829820442466,
      80.6423717548101,
      9.389865204327208
    ]
  ],
  "categories": [
    7
  ],
  "control_points": [
    [
      93.53758893090676,
      169.9730087870375
    ],
    [
      100.71807408715698,
      92.09236209232358
    ],
    [
      105.6891791953302,
      78.83608180386167
    ],
    [
      157.6096103251394,
      77.73139177982317
    ]
  ]
}