{
  "image_path": "/home/quynhthu/Documents/AI-project/e2e/data/raw/dataCollect0_frame_000064_jpg.rf.69a25aae3d3764ad73d625002644d125_dup1.jpg",
  "command": 3,
  "waypoints": [
    [
      121.66666666666667,
      190.0
    ],
    [
      125.36379016884281,
      176.53275323280357
    ],
    [
      129.14959641833627,
      163.09013919867098
    ],
    [
      132.98762005569532,
      149.66233017291907
    ],
    [
      136.8528209351642,
      136.24231477855886
    ],
    [
      140.7242349551412,
      122.82408959443414
    ],
    [
      144.58039611848255,
      109.40147553457594
    ],
    [
      148.39404242256433,
      95.96673000898647
    ],
    [
      152.1212339989888,
      82.50777864107035
    ],
    [
      155.66666666666666,
      69.0
    ]
  ],
  "bboxes": [],
  "categories": [],
  "control_points": [
    [
      121.66666666666667,
      190.0
    ],
    [
      132.0,
      151.66666666666666
    ],
    [
      148.66666666666666,
      97.0
    ],
    [
      155.66666666666666,
      69.0
    ]
  ]
}