{
  "image_path": "/home/quynhthu/Documents/AI-project/e2e/data/raw/dataCollect2_frame_000146_jpg.rf.2246ac54ffd0900061b06dd56901b881.jpg",
  "command": 0,
  "waypoints": [
    [
      104.2053073016231,
      170.82733984218282
    ],
    [
      105.13126569854263,
      159.43045755343806
    ],
    [
      105.88739778262068,
      148.0211263221794
    ],
    [
      106.40130181243077,
      136.59848934025212
    ],
    [
      106.55465977941132,
      125.1657439219474
    ],
    [
      106.1379474286651,
      113.74078257118373
    ],
    [
      104.73713598106585,
      102.39884566048029
    ],
    [
      101.42612809645661,
      91.48417504519747
    ],
    [
      94.4390837092409,
      82.59166280035068
    ],
    [
      83.85532415740076,
      78.57408292170827
    ]
  ],
  "bboxes": [],
  "categories": [],
  "control_points": [
    [
      104.2053073016231,
      170.82733984218282
    ],
    [
      110.0841913210651,
      103.44628454242446
    ],
    [
      105.56197284457126,
      81.73963585525397
    ],
    [
      83.85532415740076,
      78.57408292170827
    ]
  ]
}