{
  "image_path": "/home/quynhthu/Documents/AI-project/e2e/data/raw/dataCollect_frame_000071_jpg.rf.98e8655cc1db2e7233b37a6efb76feb1.jpg",
  "command": 0,
  "waypoints": [
    [
      117.13117609370734,
      186.31425140051036
    ],
    [
      117.46436438340102,
      175.54116336708105
    ],
    [
      117.79755267309473,
      164.76807533365175
    ],
    [
      118.13074096278838,
      153.99498730022248
    ],
    [
      118.46392925248212,
      143.22189926679323
    ],
    [
      118.79711754217578,
      132.44881123336398
    ],
    [
      119.13030583186945,
      121.67572319993472
    ],
    [
      119.46349412156317,
      110.90263516650514
    ],
    [
      119.79668241125687,
      100.12954713307558
    ],
    [
      120.12987070095055,
      89.35645909964627
    ]
  ],
  "bboxes": [
    [
      145.11899242797736,
      58.36994815813299,
      30.986510941513302,
      22.98999198886468
    ]
  ],
  "categories": [
    3
  ],
  "control_points": []
}