{
  "image_path": "/home/quynhthu/Documents/AI-project/e2e/data/raw/dataCollect2_frame_000195_jpg.rf.852ca81b543ccdbdbebba892f14e22d5.jpg",
  "command": 0,
  "waypoints": [
    [
      70.74089057556859,
      175.34955831867669
    ],
    [
      68.43125357327185,
      163.89464482445146
    ],
    [
      65.02181116777486,
      152.71984404621443
    ],
    [
      60.300081111228245,
      142.03609567840402
    ],
    [
      54.12369102458639,
      132.12511173853542
    ],
    [
      46.49289508441166,
      123.286628220378
    ],
    [
      37.58523622032343,
      115.73506933100205
    ],
    [
      27.689903445295208,
      109.52918144239477
    ],
    [
      17.10570087232643,
      104.58295594775416
    ],
    [
      6.073166361706523,
      100.73295345652815
    ]
  ],
  "bboxes": [],
  "categories": [],
  "control_points": [
    [
      70.74089057556859,
      175.34955831867669
    ],
    [
      64.86200655612659,
      138.2673668114271
    ],
    [
      46.77313265015118,
      112.94294334306154
    ],
    [
      6.073166361706523,
      100.73295345652815
    ]
  ]
}