{
  "image_path": "/home/quynhthu/Documents/AI-project/e2e/data/raw/dataCollect2_frame_000089_jpg.rf.4bc47c409eecf4ba750cb01d7e47daa5_dup1.jpg",
  "command": 3,
  "waypoints": [
    [
      132.33333333333334,
      168.66666666666666
    ],
    [
      131.38021247493486,
      158.38111376705905
    ],
    [
      130.5602413588275,
      148.08420439069602
    ],
    [
      129.97271625512818,
      137.7717267755924
    ],
    [
      129.8025481047928,
      127.44500575423086
    ],
    [
      130.41239227067447,
      117.13896386010717
    ],
    [
      132.5150688087327,
      107.04342245535138
    ],
    [
      137.05989444195976,
      97.79990809616505
    ],
    [
      143.9485824392905,
      90.13086802088306
    ],
    [
      152.0,
      83.66666666666667
    ]
  ],
  "bboxes": [
    [
      187.86634911675935,
      40.58744771915992,
      14.01887727713094,
      18.08887390597541
    ]
  ],
  "categories": [
    3
  ],
  "control_points": []
}