{
  "image_path": "/home/quynhthu/Documents/AI-project/e2e/data/raw/dataCollect2_frame_000235_jpg.rf.35d3f7ff2750b10309a41b25d283eca8.jpg",
  "command": 0,
  "waypoints": [
    [
      108.45090425542644,
      168.3159737509797
    ],
    [
      108.02918873276221,
      157.98550905198215
    ],
    [
      107.68755302466576,
      147.65206757078968
    ],
    [
      107.37962471836522,
      137.31755094682416
    ],
    [
      107.02518324166638,
      126.98456183212755
    ],
    [
      106.52907152214543,
      116.65750763094826
    ],
    [
      105.82041788239516,
      106.34293870708984
    ],
    [
      104.87756633464308,
      96.04713277352947
    ],
    [
      103.71783739071037,
      85.77344365965605
    ],
    [
      102.37510912321471,
      75.52201173174618
    ]
  ],
  "bboxes": [],
  "categories": [],
  "control_points": [
    [
      108.45090425542644,
      168.3159737509797
    ],
    [
      106.7938692193687,
      131.86120295770942
    ],
    [
      107.89855924340719,
      115.29085259713197
    ],
    [
      102.37510912321471,
      75.52201173174618
    ]
  ]
}