{
  "image_path": "/home/quynhthu/Documents/AI-project/e2e/data/raw/dataCollect_frame_000083_jpg.rf.77f8eacb9106e18793bb6261c6a3f563_dup1.jpg",
  "command": 0,
  "waypoints": [
    [
      107.63530983743713,
      176.31860270969966
    ],
    [
      103.30124616084414,
      163.09369438130045
    ],
    [
      94.24057661646994,
      152.05506755595215
    ],
    [
      83.72304313701189,
      142.3771268240047
    ],
    [
      72.26752373538258,
      133.82645954362204
    ],
    [
      60.06124748205904,
      126.38625931663437
    ],
    [
      47.20572606389897,
      120.13579320504257
    ],
    [
      33.780351154100565,
      115.2307486172282
    ],
    [
      19.885638939701867,
      111.88682940818939
    ],
    [
      5.679693191167656,
      110.3473213503488
    ]
  ],
  "bboxes": [],
  "categories": [],
  "control_points": [
    [
      107.63530983743713,
      176.31860270969966
    ],
    [
      112.0,
      162.5
    ],
    [
      62.0,
      112.5
    ],
    [
      5.679693191167656,
      110.3473213503488
    ]
  ]
}