{
  "image_path": "/home/quynhthu/Documents/AI-project/e2e/data/raw/dataCollect0_frame_000151_jpg.rf.4e040e9e0eca89f2d7f3dad6394d0f26.jpg",
  "command": 0,
  "waypoints": [
    [
      120.66666666666667,
      188.33333333333334
    ],
    [
      120.92513451786692,
      178.99943264993843
    ],
    [
      121.07677507667252,
      169.66308320427476
    ],
    [
      121.15444979071691,
      160.32582057759447
    ],
    [
      121.15982469403498,
      150.98823801738698
    ],
    [
      121.08702288319603,
      141.65094365742877
    ],
    [
      120.92513559059996,
      132.3147805869439
    ],
    [
      120.65632714321083,
      122.98110539491216
    ],
    [
      120.25236436579308,
      113.65234663258514
    ],
    [
      119.66666666666667,
      104.33333333333333
    ]
  ],
  "bboxes": [
    [
      171.0,
      57.0,
      16.333333333333332,
      16.333333333333332
    ]
  ],
  "categories": [
    4
  ],
  "control_points": [
    [
      120.66666666666667,
      188.33333333333334
    ],
    [
      121.0,
      180.33333333333334
    ],
    [
      122.0,
      135.33333333333334
    ],
    [
      119.66666666666667,
      104.33333333333333
    ]
  ]
}