{
  "image_path": "/home/quynhthu/Documents/AI-project/e2e/data/raw/dataCollect0_frame_000144_jpg.rf.5854fc4fbcde3234735f6d7e2fac9a64.jpg",
  "command": 1,
  "waypoints": [
    [
      115.33333333333333,
      189.33333333333334
    ],
    [
      107.31974034037029,
      176.05998823019686
    ],
    [
      97.19537841606812,
      164.23487477126147
    ],
    [
      86.011021785845,
      153.4035435352075
    ],
    [
      73.96604528853617,
      143.5374056499088
    ],
    [
      61.1623862389784,
      134.67800153505655
    ],
    [
      47.68066951884623,
      126.8893037110534
    ],
    [
      33.59836837599328,
      120.24805352769893
    ],
    [
      19.003979099242343,
      114.82460943437131
    ],
    [
      4.0,
      110.66666666666667
    ]
  ],
  "bboxes": [],
  "categories": [],
  "control_points": [
    [
      115.33333333333333,
      189.33333333333334
    ],
    [
      113.33333333333333,
      180.66666666666666
    ],
    [
      74.66666666666667,
      127.0
    ],
    [
      4.0,
      110.66666666666667
    ]
  ]
}