{
  "image_path": "/home/quynhthu/Documents/AI-project/e2e/data/raw/dataCollect0_frame_000123_jpg.rf.71cbffa7c1324c1b2cfa592585a8e4b7.jpg",
  "command": 0,
  "waypoints": [
    [
      88.0,
      187.66666666666666
    ],
    [
      89.7628679085625,
      182.30256360984254
    ],
    [
      91.57594410222178,
      176.95522829228617
    ],
    [
      93.44449405008339,
      171.62702739111901
    ],
    [
      95.36637918531285,
      166.3178238338996
    ],
    [
      97.32240414433545,
      161.02108517162984
    ],
    [
      99.26989016618874,
      155.72120973710915
    ],
    [
      101.15821092646422,
      150.400011775992
    ],
    [
      102.95766538185217,
      145.0481298189741
    ],
    [
      104.66666666666667,
      139.66666666666666
    ]
  ],
  "bboxes": [
    [
      85.0,
      76.0,
      67.0,
      62.333333333333336
    ]
  ],
  "categories": [
    3
  ],
  "control_points": [
    [
      88.0,
      187.66666666666666
    ],
    [
      95.66666666666667,
      164.0
    ],
    [
      99.0,
      158.0
    ],
    [
      104.66666666666667,
      139.66666666666666
    ]
  ]
}