{
  "image_path": "/home/quynhthu/Documents/AI-project/e2e/data/raw/dataCollect2_frame_000319_jpg.rf.df0bfd0045b7b548a9a5bfe3e09d5136.jpg",
  "command": 0,
  "waypoints": [
    [
      176.9416857458131,
      182.67694406348016
    ],
    [
      181.54456084597348,
      173.2257071911508
    ],
    [
      186.1474359461339,
      163.77447031882147
    ],
    [
      190.7503110462942,
      154.3232334464921
    ],
    [
      195.3531861464547,
      144.87199657416278
    ],
    [
      199.95606124661506,
      135.42075970183342
    ],
    [
      204.55893634677545,
      125.96952282950407
    ],
    [
      209.16181144693587,
      116.51828595717475
    ],
    [
      213.76468654709626,
      107.06704908484542
    ],
    [
      218.36756164725665,
      97.61581221251606
    ]
  ],
  "bboxes": [],
  "categories": [],
  "control_points": [
    [
      176.9416857458131,
      182.67694406348016
    ],
    [
      190.61222479328947,
      154.606770552662
    ],
    [
      204.28276384076585,
      126.53659704184386
    ],
    [
      218.36756164725665,
      97.61581221251606
    ]
  ]
}