{
  "image_path": "/home/quynhthu/Documents/AI-project/e2e/data/raw/dataCollect2_frame_000222_jpg.rf.37a7e9446631c7f35d2877baf208dc75.jpg",
  "command": 0,
  "waypoints": [
    [
      53.76874806552096,
      180.46756401540316
    ],
    [
      52.49884254197778,
      170.5685271298629
    ],
    [
      51.2710815517968,
      160.66420826719954
    ],
    [
      50.17304355797096,
      150.74481047472617
    ],
    [
      49.340088509448165,
      140.79995306675875
    ],
    [
      48.9121229977371,
      130.82975637220824
    ],
    [
      48.94490015018189,
      120.85042178752875
    ],
    [
      49.37708482456812,
      110.88012299764415
    ],
    [
      50.097273589209166,
      100.92622492196854
    ],
    [
      51.00702300542472,
      90.98767206828511
    ]
  ],
  "bboxes": [
    [
      76.96723857032934,
      46.80007110674532,
      37.55946081730883,
      23.19849050480839
    ]
  ],
  "categories": [
    3
  ],
  "control_points": []
}