{
  "image_path": "/home/quynhthu/Documents/AI-project/e2e/data/raw/dataCollect_frame_000039_jpg.rf.7b09053a6ecd42ef3af85e06c39ff6cb.jpg",
  "command": 2,
  "waypoints": [
    [
      114.63226392100465,
      171.8205607988348
    ],
    [
      115.26945558254427,
      159.62434615212254
    ],
    [
      116.09301584037983,
      147.43963093312783
    ],
    [
      117.42399623988089,
      135.30136261328323
    ],
    [
      119.80310718159735,
      123.3298389864382
    ],
    [
      124.08913882486348,
      111.91869794805477
    ],
    [
      131.1834464083047,
      102.03716702685394
    ],
    [
      140.95375797157942,
      94.78351630794432
    ],
    [
      152.227941758731,
      90.14254463680514
    ],
    [
      164.11072494051777,
      87.3573293614841
    ]
  ],
  "bboxes": [],
  "categories": [],
  "control_points": [
    [
      114.63226392100465,
      171.8205607988348
    ],
    [
      117.13117609370734,
      122.34209977932167
    ],
    [
      118.1307409627884,
      95.3538483141327
    ],
    [
      164.11072494051777,
      87.3573293614841
    ]
  ]
}