{
  "image_path": "/home/quynhthu/Documents/AI-project/e2e/data/raw/dataCollect2_frame_000078_jpg.rf.f52b8cd08bcd9aeded42f5df9c36e561.jpg",
  "command": 3,
  "waypoints": [
    [
      113.42769820204975,
      167.1112737097379
    ],
    [
      113.37216682043416,
      156.4492484395398
    ],
    [
      113.31663543881854,
      145.78722316934167
    ],
    [
      113.26110405720289,
      135.12519789914353
    ],
    [
      113.20557267558732,
      124.46317262894543
    ],
    [
      113.15004129397168,
      113.80114735874731
    ],
    [
      113.09450991235606,
      103.13912208854919
    ],
    [
      113.03897853074045,
      92.47709681835109
    ],
    [
      112.98344714912484,
      81.81507154815296
    ],
    [
      112.92791576750922,
      71.15304627795486
    ]
  ],
  "bboxes": [],
  "categories": [],
  "control_points": [
    [
      113.42769820204975,
      167.1112737097379
    ],
    [
      113.26276999865138,
      135.4450586572495
    ],
    [
      113.097841795253,
      103.77884360476108
    ],
    [
      112.92791576750922,
      71.15304627795486
    ]
  ]
}