{
  "image_path": "/home/quynhthu/Documents/AI-project/e2e/data/raw/dataCollect2_frame_000067_jpg.rf.147e1a06675cd29ee3447810a306a2e0.jpg",
  "command": 0,
  "waypoints": [
    [
      109.29961280547253,
      166.54369790228753
    ],
    [
      110.72384377231589,
      152.9760239549904
    ],
    [
      112.14807473915923,
      139.40835000769331
    ],
    [
      113.57230570600254,
      125.84067606039619
    ],
    [
      114.99653667284593,
      112.27300211309908
    ],
    [
      116.42076763968926,
      98.70532816580194
    ],
    [
      117.8449986065326,
      85.13765421850484
    ],
    [
      119.26922957337595,
      71.56998027120774
    ],
    [
      120.6934605402193,
      58.00230632391058
    ],
    [
      122.11769150706263,
      44.43463237661346
    ]
  ],
  "bboxes": [],
  "categories": [],
  "control_points": [
    [
      109.29961280547253,
      166.54369790228753
    ],
    [
      113.52957877699727,
      126.24770627881509
    ],
    [
      117.759544748522,
      85.95171465534264
    ],
    [
      122.11769150706263,
      44.43463237661346
    ]
  ]
}