{
  "image_path": "/home/quynhthu/Documents/AI-project/e2e/data/raw/dataCollect_frame_000083_jpg.rf.a0b0465850a5c98ed334e7216d9ca06f.jpg",
  "command": 3,
  "waypoints": [
    [
      129.12595452268022,
      171.32077836429428
    ],
    [
      138.1220383444099,
      162.5468200690271
    ],
    [
      147.11812216613953,
      153.77286177375987
    ],
    [
      156.11420598786916,
      144.99890347849265
    ],
    [
      165.1102898095989,
      136.22494518322551
    ],
    [
      174.10637363132852,
      127.4509868879583
    ],
    [
      183.10245745305815,
      118.67702859269109
    ],
    [
      192.09854127478783,
      109.9030702974239
    ],
    [
      201.09462509651752,
      101.1291120021567
    ],
    [
      210.09070891824715,
      92.35515370688948
    ]
  ],
  "bboxes": [],
  "categories": [],
  "control_points": [
    [
      129.12595452268022,
      171.32077836429428
    ],
    [
      155.84432347321732,
      145.2621222273507
    ],
    [
      182.56269242375438,
      119.20346609040712
    ],
    [
      210.09070891824715,
      92.35515370688948
    ]
  ]
}