{
  "image_path": "/home/quynhthu/Documents/AI-project/e2e/data/raw/dataCollect0_frame_000014_jpg.rf.1efcfc80afa81c03333d020518025b7f.jpg",
  "command": 0,
  "waypoints": [
    [
      109.0,
      186.66666666666666
    ],
    [
      109.8941449660124,
      175.15644502142803
    ],
    [
      110.72239430189644,
      163.64129879417678
    ],
    [
      111.50899352297124,
      152.12322625683566
    ],
    [
      112.2668296940464,
      140.60322312226137
    ],
    [
      113.0043610577464,
      129.08190107535125
    ],
    [
      113.728039215832,
      117.55969992255233
    ],
    [
      114.44474593251094,
      106.03706269107626
    ],
    [
      115.16636114183103,
      94.51475035883338
    ],
    [
      116.0,
      83.0
    ]
  ],
  "bboxes": [
    [
      22.0,
      170.0,
      163.0,
      23.0
    ],
    [
      140.33333333333334,
      52.0,
      45.333333333333336,
      38.0
    ],
    [
      63.0,
      50.666666666666664,
      11.666666666666666,
      13.333333333333334
    ],
    [
      154.33333333333334,
      50.333333333333336,
      15.333333333333334,
      15.666666666666666
    ],
    [
      41.0,
      48.0,
      53.333333333333336,
      37.666666666666664
    ],
    [
      130.66666666666666,
      47.333333333333336,
      9.666666666666666,
      9.666666666666666
    ],
    [
      93.0,
      47.333333333333336,
      17.333333333333332,
      13.333333333333334
    ]
  ],
  "categories": [
    7,
    3,
    8,
    8,
    3,
    3,
    3
  ],
  "control_points": []
}