{
  "image_path": "/home/quynhthu/Documents/AI-project/e2e/data/raw/dataCollect0_frame_000007_jpg.rf.476fa7d14f64dd8fe18fccc18d72f2a5.jpg",
  "command": 0,
  "waypoints": [
    [
      108.33333333333333,
      185.66666666666666
    ],
    [
      109.3484497080646,
      174.779568304353
    ],
    [
      110.17659858668083,
      163.87682434687508
    ],
    [
      110.71631826784564,
      152.9562575237253
    ],
    [
      110.84358321178553,
      142.02356504512048
    ],
    [
      110.39751950763433,
      131.10009897204512
    ],
    [
      109.16093389086744,
      120.2393699981842
    ],
    [
      106.8361412180774,
      109.56191014565313
    ],
    [
      103.03216224224154,
      99.32414848818097
    ],
    [
      97.33333333333333,
      90.0
    ]
  ],
  "bboxes": [
    [
      196.66666666666666,
      63.666666666666664,
      26.333333333333332,
      33.666666666666664
    ],
    [
      57.0,
      44.333333333333336,
      20.333333333333332,
      13.0
    ],
    [
      96.66666666666667,
      45.333333333333336,
      11.666666666666666,
      11.666666666666666
    ]
  ],
  "categories": [
    6,
    3,
    3
  ],
  "control_points": []
}