{
  "image_path": "/home/quynhthu/Documents/AI-project/e2e/data/raw/dataCollect0_frame_000062_jpg.rf.64309057c25e316d1ab412ea1dc19bd9.jpg",
  "command": 0,
  "waypoints": [
    [
      93.66666666666667,
      187.66666666666666
    ],
    [
      102.7575655310235,
      173.79334313736044
    ],
    [
      114.79834586590316,
      162.3364196094042
    ],
    [
      128.42967236773532,
      152.8058903870259
    ],
    [
      143.00812287188145,
      144.78892938285176
    ],
    [
      158.2041772668891,
      138.0099493479701
    ],
    [
      173.8328912247555,
      132.29562697074314
    ],
    [
      189.77906716953154,
      127.53671417268106
    ],
    [
      205.9649828721161,
      123.6697781133717
    ],
    [
      222.33333333333334,
      120.66666666666667
    ]
  ],
  "bboxes": [],
  "categories": [],
  "control_points": [
    [
      93.66666666666667,
      187.66666666666666
    ],
    [
      108.0,
      156.0
    ],
    [
      162.66666666666666,
      130.0
    ],
    [
      222.33333333333334,
      120.66666666666667
    ]
  ]
}