{
  "image_path": "/home/quynhthu/Documents/AI-project/e2e/data/raw/dataCollect0_frame_000173_jpg.rf.52c1730c4beacacff136051466ea5bba_dup2.jpg",
  "command": 0,
  "waypoints": [
    [
      118.66666666666667,
      187.0
    ],
    [
      119.86273533929246,
      175.5554051859161
    ],
    [
      120.4509757973956,
      164.06407116914485
    ],
    [
      120.56837673577894,
      152.5580243950666
    ],
    [
      120.21531411915218,
      141.05691514949328
    ],
    [
      119.3257256608265,
      129.5852641675962
    ],
    [
      117.7571589888284,
      118.18773877893481
    ],
    [
      115.23913204835856,
      106.96537542277149
    ],
    [
      111.20538057314262,
      96.21119815346418
    ],
    [
      104.33333333333333,
      87.0
    ]
  ],
  "bboxes": [
    [
      192.66666666666666,
      57.333333333333336,
      23.333333333333332,
      33.0
    ],
    [
      65.0,
      45.666666666666664,
      19.333333333333332,
      15.0
    ],
    [
      100.66666666666667,
      45.0,
      15.0,
      13.666666666666666
    ]
  ],
  "categories": [
    6,
    3,
    3
  ],
  "control_points": []
}