{
  "image_path": "/home/quynhthu/Documents/AI-project/e2e/data/raw/edb1b80b-frame_889_jpg.rf.254e4651c109b8ae23dc41fc0003aad7.jpg",
  "command": 2,
  "waypoints": [
    [
      68.65227994327529,
      222.79836912196953
    ],
    [
      66.08576207146837,
      199.65547659651736
    ],
    [
      67.34640207062834,
      176.43632667106522
    ],
    [
      74.25446029988193,
      154.27446629860617
    ],
    [
      88.0649057026884,
      135.65062018541926
    ],
    [
      107.3923595125215,
      122.80558937623013
    ],
    [
      129.43832688601063,
      115.42736384278884
    ],
    [
      152.4618624302955,
      112.02367222872255
    ],
    [
      175.7368845112615,
      111.33003571982903
    ],
    [
      199.0,
      112.5
    ]
  ],
  "bboxes": [
    [
      151.61616407700436,
      90.35602396872733,
      27.987816334270036,
      31.486293376053823
    ],
    [
      0.0,
      145.33209176818636,
      147.61790460068005,
      28.987381203351134
    ]
  ],
  "categories": [
    7,
    7
  ],
  "control_points": []
}