{
  "image_path": "/home/quynhthu/Documents/AI-project/e2e/data/raw/f45c5640b0a601f858b7_jpg.rf.913a0e3e4b1287af08c1dae86ab89cba.jpg",
  "command": 0,
  "waypoints": [
    [
      88.64357732489674,
      224.0
    ],
    [
      94.52212348256134,
      205.02727982540722
    ],
    [
      101.47803774626281,
      186.42343291388647
    ],
    [
      109.67113412661335,
      168.3317197163991
    ],
    [
      119.28148867379699,
      150.95352082412586
    ],
    [
      130.5110889082756,
      134.5784052802149
    ],
    [
      143.54156629612422,
      119.60170754155675
    ],
    [
      158.48434654354452,
      106.5395144342317
    ],
    [
      175.27269429187928,
      95.96215698068171
    ],
    [
      193.59788857840942,
      88.35689423056519
    ]
  ],
  "bboxes": [],
  "categories": [],
  "control_points": [
    [
      88.64357732489674,
      224.0
    ],
    [
      107.1355274028966,
      158.3264350662403
    ],
    [
      140.121168082572,
      105.34949700494344
    ],
    [
      193.59788857840942,
      88.35689423056519
    ]
  ]
}