{
  "image_path": "/home/quynhthu/Documents/AI-project/e2e/data/raw/f77f0d38-frame_9621_jpg.rf.a67c4804e2d6d05368f787643a1f44de.jpg",
  "command": 0,
  "waypoints": [
    [
      75.64923402684279,
      224.0
    ],
    [
      74.64966915776172,
      208.0400416975462
    ],
    [
      73.65010428868064,
      192.08008339509246
    ],
    [
      72.65053941959954,
      176.12012509263863
    ],
    [
      71.65097455051847,
      160.16016679018475
    ],
    [
      70.6514096814374,
      144.20020848773117
    ],
    [
      69.65184481235634,
      128.2402501852776
    ],
    [
      68.65227994327527,
      112.280291882824
    ],
    [
      67.6527150741942,
      96.32033358037043
    ],
    [
      66.65315020511312,
      80.36037527791659
    ]
  ],
  "bboxes": [
    [
      94.64096653938317,
      51.87277650910602,
      14.993473036216116,
      18.49195007799986
    ],
    [
      22.672295965545906,
      85.8579820578625,
      77.96605978832372,
      9.495866256270205
    ]
  ],
  "categories": [
    0,
    7
  ],
  "control_points": []
}