{
  "image_path": "/home/quynhthu/Documents/AI-project/e2e/data/raw/frame_0040_jpg.rf.68d8b5c3398f2184b3e641be91a194fd.jpg",
  "command": 0,
  "waypoints": [
    [
      70.1516272468969,
      224.0
    ],
    [
      69.28255425080165,
      208.9627845761655
    ],
    [
      68.31657729928716,
      193.9314856253749
    ],
    [
      67.25098684551328,
      178.9069213647214
    ],
    [
      66.08447568818612,
      163.8898551025855
    ],
    [
      64.8203867211932,
      148.88068422481214
    ],
    [
      63.471220345527776,
      133.87891217349994
    ],
    [
      62.07089218253067,
      118.88181538002574
    ],
    [
      60.709273490653075,
      103.88119508756297
    ],
    [
      59.656196121545605,
      88.85667666510572
    ]
  ],
  "bboxes": [],
  "categories": [],
  "control_points": [
    [
      70.1516272468969,
      224.0
    ],
    [
      66.1533677705726,
      150.82969854813228
    ],
    [
      60.65576099062669,
      110.84710378488933
    ],
    [
      59.656196121545605,
      88.85667666510572
    ]
  ]
}