{
  "image_path": "/home/quynhthu/Documents/AI-project/e2e/data/raw/frame_1406_jpg.rf.f6c94c1defbdfdcfc4ffd3f04fb2038b.jpg",
  "command": 0,
  "waypoints": [
    [
      58.13535032900644,
      222.47035854646475
    ],
    [
      57.7534872149739,
      209.29711352132912
    ],
    [
      56.96507913843877,
      196.142774690842
    ],
    [
      55.34120432309939,
      183.0684649014678
    ],
    [
      52.144695136003214,
      170.2975001720427
    ],
    [
      46.53674881504878,
      158.40206652138966
    ],
    [
      38.46162860519724,
      148.01553896003338
    ],
    [
      28.781272971436927,
      139.08555258169991
    ],
    [
      18.290480703847926,
      131.11295516996398
    ],
    [
      7.412398835185894,
      123.67416198014261
    ]
  ],
  "bboxes": [],
  "categories": [],
  "control_points": [
    [
      58.13535032900644,
      222.47035854646475
    ],
    [
      56.999761862726885,
      166.06946472124636
    ],
    [
      52.07887850884876,
      153.1994621034113
    ],
    [
      7.412398835185894,
      123.67416198014261
    ]
  ]
}