{
  "image_path": "/home/quynhthu/Documents/AI-project/e2e/data/raw/frame_0159_jpg.rf.b1a32222ed058cb3ed1bdf007c9b6532.jpg",
  "command": 3,
  "waypoints": [
    [
      107.72271335654743,
      221.71329956894505
    ],
    [
      108.39565466989829,
      205.4365315522714
    ],
    [
      109.06859598324912,
      189.15976353559776
    ],
    [
      109.74153729659996,
      172.88299551892416
    ],
    [
      110.41447860995083,
      156.60622750225053
    ],
    [
      111.08741992330168,
      140.32945948557662
    ],
    [
      111.76036123665254,
      124.0526914689027
    ],
    [
      112.4333025500034,
      107.77592345222875
    ],
    [
      113.10624386335425,
      91.49915543555485
    ],
    [
      113.77918517670511,
      75.2223874188812
    ]
  ],
  "bboxes": [
    [
      30.124168160777185,
      117.2391606712251,
      163.5247391442573,
      24.982946258150392
    ]
  ],
  "categories": [
    7
  ],
  "control_points": []
}