{
  "image_path": "/home/quynhthu/Documents/AI-project/e2e/data/raw/frame_0056_jpg.rf.65a378c64f35efc0a4ce614f6df826c1.jpg",
  "command": 0,
  "waypoints": [
    [
      110.62996941896024,
      218.17737003058102
    ],
    [
      111.23887189942235,
      203.41148487937477
    ],
    [
      111.84777437988448,
      188.64559972816852
    ],
    [
      112.45667686034656,
      173.87971457696224
    ],
    [
      113.06557934080871,
      159.113829425756
    ],
    [
      113.6744818212708,
      144.34794427454975
    ],
    [
      114.28338430173292,
      129.58205912334353
    ],
    [
      114.89228678219504,
      114.81617397213726
    ],
    [
      115.50118926265715,
      100.05028882093103
    ],
    [
      116.11009174311926,
      85.28440366972477
    ]
  ],
  "bboxes": [
    [
      112.34250764525993,
      67.47400611620795,
      50.34862385321102,
      63.02140672782873
    ],
    [
      69.87155963302752,
      76.03669724770641,
      92.81957186544344,
      14.042813455657495
    ]
  ],
  "categories": [
    2,
    7
  ],
  "control_points": [
    [
      110.62996941896024,
      218.17737003058102
    ],
    [
      112.43840978593272,
      174.32269113149846
    ],
    [
      114.2468501529052,
      130.4680122324159
    ],
    [
      116.11009174311926,
      85.28440366972477
    ]
  ]
}