{
  "image_path": "/home/quynhthu/Documents/AI-project/e2e/data/raw/frame_0076_jpg.rf.e09f01a9703cc67410410483d6681c35.jpg",
  "command": 1,
  "waypoints": [
    [
      131.19154165965844,
      222.8488880352246
    ],
    [
      132.43222967399095,
      195.35652342358065
    ],
    [
      132.80762314368044,
      167.84084749575626
    ],
    [
      131.52518412773844,
      140.36093151892783
    ],
    [
      126.73700915688835,
      113.3186396003444
    ],
    [
      114.03686790958044,
      89.11988187299904
    ],
    [
      90.98929762666465,
      74.46765573377309
    ],
    [
      64.18662488444154,
      68.5357289915668
    ],
    [
      36.78889787061427,
      66.03526627141741
    ],
    [
      9.305046278985166,
      64.62356173360527
    ]
  ],
  "bboxes": [
    [
      79.33300169955832,
      84.30709514911773,
      106.36678634151919,
      11.734414151555484
    ]
  ],
  "categories": [
    7
  ],
  "control_points": []
}