{
  "image_path": "/home/quynhthu/Documents/AI-project/e2e/data/raw/frame_1688_jpg.rf.203143d13eb146cd3860d16b5ff1d775.jpg",
  "command": 0,
  "waypoints": [
    [
      94.85271073871236,
      224.0
    ],
    [
      92.22418023679859,
      209.72291160940216
    ],
    [
      88.73987636171465,
      195.63184848315305
    ],
    [
      84.07430456951413,
      181.88972122353465
    ],
    [
      77.85494314066152,
      168.7821498358703
    ],
    [
      69.86693386128337,
      156.67404153639364
    ],
    [
      60.29268384144355,
      145.77231914940933
    ],
    [
      49.65051194356314,
      135.90203268270213
    ],
    [
      38.464727118544985,
      126.64758610461423
    ],
    [
      27.09593225069835,
      117.61769015998496
    ]
  ],
  "bboxes": [],
  "categories": [],
  "control_points": [
    [
      94.85271073871236,
      224.0
    ],
    [
      85.01094403095613,
      162.28416983364784
    ],
    [
      65.3274106154437,
      147.90004926077333
    ],
    [
      27.09593225069835,
      117.61769015998496
    ]
  ]
}