{
  "image_path": "/home/quynhthu/Documents/AI-project/e2e/data/raw/frame_0048_jpg.rf.f7b209130ac4d336cf3b7b73bc09ccc6.jpg",
  "command": 0,
  "waypoints": [
    [
      108.91743119266054,
      220.91743119266053
    ],
    [
      108.95548759768943,
      205.31430513081892
    ],
    [
      108.99354400271831,
      189.71117906897726
    ],
    [
      109.03160040774718,
      174.1080530071356
    ],
    [
      109.0696568127761,
      158.50492694529393
    ],
    [
      109.10771321780496,
      142.90180088345227
    ],
    [
      109.14576962283385,
      127.2986748216106
    ],
    [
      109.18382602786272,
      111.69554875976894
    ],
    [
      109.22188243289162,
      96.09242269792728
    ],
    [
      109.25993883792049,
      80.48929663608563
    ]
  ],
  "bboxes": [
    [
      65.41896024464832,
      73.2966360856269,
      83.57186544342507,
      11.645259938837924
    ]
  ],
  "categories": [
    7
  ],
  "control_points": []
}