{
  "image_path": "/home/quynhthu/Documents/AI-project/e2e/data/raw/frame_0044_jpg.rf.657d70b97199c7ce70d7bf3a31cedf02.jpg",
  "command": 0,
  "waypoints": [
    [
      125.12769504635592,
      224.0
    ],
    [
      124.67018797625472,
      208.81612346893237
    ],
    [
      124.20380478879005,
      193.63251715917087
    ],
    [
      123.72682606141086,
      178.4492401173671
    ],
    [
      123.23716192530536,
      163.26636704280435
    ],
    [
      122.73251642936738,
      148.08398468611497
    ],
    [
      122.21137437779201,
      132.90215959170067
    ],
    [
      121.676163337397,
      117.72082354538139
    ],
    [
      121.14025870387884,
      102.53951243764347
    ],
    [
      120.62965313549108,
      87.3573293614841
    ]
  ],
  "bboxes": [
    [
      141.45565749235473,
      48.293577981651374,
      8.905198776758397,
      11.302752293577981
    ]
  ],
  "categories": [
    0
  ],
  "control_points": []
}