{
  "image_path": "/home/quynhthu/Documents/AI-project/e2e/data/raw/frame_1688_jpg.rf.cb1863e90c0c3cb134ccba0921180263.jpg",
  "command": 0,
  "waypoints": [
    [
      95.60976971623208,
      224.0
    ],
    [
      92.67765457729192,
      208.95615426365822
    ],
    [
      88.9145901115144,
      194.09971256984394
    ],
    [
      84.01633675591705,
      179.58057078537342
    ],
    [
      77.62474210949097,
      165.65872789363993
    ],
    [
      69.41524807586934,
      152.73095272157138
    ],
    [
      59.297254286971366,
      141.23801862604188
    ],
    [
      47.5488308501486,
      131.4129530436541
    ],
    [
      34.650486375178225,
      123.1452222476636
    ],
    [
      21.039460430540665,
      116.10357220494554
    ]
  ],
  "bboxes": [],
  "categories": [],
  "control_points": [
    [
      95.60976971623208,
      224.0
    ],
    [
      85.01094403095613,
      162.28416983364784
    ],
    [
      65.06831200823858,
      136.92335748107726
    ],
    [
      21.039460430540665,
      116.10357220494554
    ]
  ]
}