{
  "image_path": "/home/quynhthu/Documents/AI-project/e2e/data/raw/frame_0058_jpg.rf.83d80738b60df6e1f203008b9d6659fe_dup1.jpg",
  "command": 0,
  "waypoints": [
    [
      134.9480122324159,
      220.23241590214067
    ],
    [
      134.98606863744476,
      205.46653075093448
    ],
    [
      135.02412504247366,
      190.70064559972826
    ],
    [
      135.0621814475025,
      175.93476044852218
    ],
    [
      135.10023785253145,
      161.16887529731613
    ],
    [
      135.1382942575603,
      146.40299014610983
    ],
    [
      135.1763506625892,
      131.63710499490344
    ],
    [
      135.21440706761808,
      116.871219843697
    ],
    [
      135.25246347264695,
      102.1053346924906
    ],
    [
      135.29051987767582,
      87.3394495412844
    ]
  ],
  "bboxes": [
    [
      89.5532978960744,
      85.82121310415715,
      81.76236957212866,
      12.11294364031535
    ],
    [
      137.62654296857596,
      61.21679633476657,
      19.683533415512443,
      23.46882830311101
    ]
  ],
  "categories": [
    7,
    2
  ],
  "control_points": []
}