{
  "image_path": "/home/quynhthu/Documents/AI-project/e2e/data/raw/frame_1675_jpg.rf.c3dc0d73e12319892d4c36f82f60877e.jpg",
  "command": 0,
  "waypoints": [
    [
      136.4909545022964,
      224.0
    ],
    [
      125.00680454073452,
      210.4180029432758
    ],
    [
      113.2561388652165,
      197.0663723927298
    ],
    [
      101.05614664371262,
      184.12535194514413
    ],
    [
      88.13454461200678,
      171.90842376464582
    ],
    [
      74.16512630308709,
      160.9128871492359
    ],
    [
      58.95882243613384,
      151.71169801102968
    ],
    [
      42.69322121232144,
      144.54147428220318
    ],
    [
      25.77903439276758,
      139.05554617940524
    ],
    [
      8.54798730146546,
      134.6515171541784
    ]
  ],
  "bboxes": [],
  "categories": [],
  "control_points": [
    [
      136.4909545022964,
      224.0
    ],
    [
      85.01094403095613,
      162.28416983364784
    ],
    [
      65.3274106154437,
      147.90004926077333
    ],
    [
      8.54798730146546,
      134.6515171541784
    ]
  ]
}