{
  "image_path": "/home/quynhthu/Documents/AI-project/e2e/data/raw/frame_0057_jpg.rf.c981f9d395bb3b1d77d474563f133361.jpg",
  "command": 1,
  "waypoints": [
    [
      112.34250764525993,
      218.8623853211009
    ],
    [
      110.68285440487172,
      201.4699290346656
    ],
    [
      105.47616288467225,
      184.81776441527174
    ],
    [
      96.43250924303678,
      169.90430799775723
    ],
    [
      84.04826987377112,
      157.6163521343123
    ],
    [
      69.33369221390433,
      148.2233924420428
    ],
    [
      53.23343674558304,
      141.45000962383827
    ],
    [
      36.37731586355372,
      136.8459664713141
    ],
    [
      19.134899117279108,
      133.9896982019684
    ],
    [
      1.712538226299694,
      132.55045871559633
    ]
  ],
  "bboxes": [
    [
      92.13455657492354,
      83.22935779816514,
      70.21406727828746,
      8.905198776758397
    ],
    [
      134.60550458715596,
      62.678899082568805,
      15.070336391437309,
      18.837920489296636
    ]
  ],
  "categories": [
    7,
    2
  ],
  "control_points": []
}