{
  "image_path": "/home/quynhthu/Documents/AI-project/e2e/data/raw/frame_0152_jpg.rf.b497a47927f62799dbbb81ba38de82a9.jpg",
  "command": 3,
  "waypoints": [
    [
      107.34418386778756,
      220.9562405914253
    ],
    [
      108.269478173645,
      204.3430019180761
    ],
    [
      109.19477247950242,
      187.72976324472694
    ],
    [
      110.12006678535981,
      171.11652457137777
    ],
    [
      111.04536109121729,
      154.5032858980286
    ],
    [
      111.9706553970747,
      137.89004722467942
    ],
    [
      112.89594970293211,
      121.27680855133026
    ],
    [
      113.82124400878952,
      104.6635698779811
    ],
    [
      114.74653831464695,
      88.05033120463192
    ],
    [
      115.67183262050438,
      71.43709253128266
    ]
  ],
  "bboxes": [
    [
      49.80770157628964,
      104.74768754214989,
      130.97120311090978,
      17.412356482953314
    ]
  ],
  "categories": [
    7
  ],
  "control_points": []
}