{
  "image_path": "/home/quynhthu/Documents/AI-project/e2e/data/raw/frame_0076_jpg.rf.b4e6024657de6d5c9ca8a0c18e6d4486.jpg",
  "command": 0,
  "waypoints": [
    [
      64.19182214916411,
      223.6059470127443
    ],
    [
      62.3832923695337,
      207.49741432440828
    ],
    [
      60.57476258990328,
      191.38888163607223
    ],
    [
      58.76623281027287,
      175.2803489477362
    ],
    [
      56.957703030642456,
      159.17181625940017
    ],
    [
      55.14917325101203,
      143.06328357106412
    ],
    [
      53.34064347138162,
      126.95475088272806
    ],
    [
      51.5321136917512,
      110.84621819439201
    ],
    [
      49.72358391212078,
      94.73768550605598
    ],
    [
      47.91505413249036,
      78.6291528177199
    ]
  ],
  "bboxes": [],
  "categories": [],
  "control_points": [
    [
      64.19182214916411,
      223.6059470127443
    ],
    [
      58.82048870366177,
      175.76360492838626
    ],
    [
      53.449155258159436,
      127.92126284402819
    ],
    [
      47.91505413249036,
      78.6291528177199
    ]
  ]
}