{
  "image_path": "/home/quynhthu/Documents/AI-project/e2e/data/raw/frame_1606_jpg.rf.ee07286fea4c6576765e24498f492df2.jpg",
  "command": 3,
  "waypoints": [
    [
      117.1859505755438,
      223.6059470127443
    ],
    [
      114.28389116171826,
      207.96006147733695
    ],
    [
      111.38183174789268,
      192.3141759419296
    ],
    [
      108.4797723340671,
      176.66829040652223
    ],
    [
      105.57771292024158,
      161.0224048711149
    ],
    [
      102.67565350641601,
      145.3765193357076
    ],
    [
      99.77359409259047,
      129.7306338003003
    ],
    [
      96.87153467876492,
      114.08474826489297
    ],
    [
      93.96947526493938,
      98.43886272948565
    ],
    [
      91.06741585111381,
      82.7929771940783
    ]
  ],
  "bboxes": [
    [
      130.8130121708986,
      69.92297457624323,
      10.598825685275926,
      12.491473129075217
    ],
    [
      66.08446959296339,
      103.23356958711047,
      61.321777179096486,
      7.5705897751971065
    ]
  ],
  "categories": [
    6,
    6
  ],
  "control_points": []
}