{
  "image_path": "/home/quynhthu/Documents/AI-project/e2e/data/raw/frame_0105_jpg.rf.e1c086f606f6f24406297dcde24c8d14.jpg",
  "command": 0,
  "waypoints": [
    [
      159.9597828054074,
      220.9562405914253
    ],
    [
      165.29449064715365,
      207.91362864416118
    ],
    [
      170.9573059465239,
      195.0097021286821
    ],
    [
      176.78016364270408,
      182.17697475762805
    ],
    [
      182.56192113784007,
      169.3257609108389
    ],
    [
      188.0265688777078,
      156.33737310363193
    ],
    [
      192.73421873795485,
      143.05904489872512
    ],
    [
      195.8638666827369,
      129.33461518760447
    ],
    [
      195.76682293454323,
      115.30133504821724
    ],
    [
      190.2421419061958,
      102.47651060959076
    ]
  ],
  "bboxes": [],
  "categories": [],
  "control_points": [
    [
      159.9597828054074,
      220.9562405914253
    ],
    [
      180.0218457096797,
      169.47623012008506
    ],
    [
      209.16861634418854,
      127.83798635650103
    ],
    [
      190.2421419061958,
      102.47651060959076
    ]
  ]
}