{
  "image_path": "/home/quynhthu/Documents/AI-project/e2e/data/raw/frame_0156_jpg.rf.c0772782b23facba7771762f22d96c29.jpg",
  "command": 3,
  "waypoints": [
    [
      108.10124284530728,
      222.09182905770487
    ],
    [
      108.73212532657371,
      205.52064921644018
    ],
    [
      109.36300780784013,
      188.94946937517548
    ],
    [
      109.99389028910655,
      172.37828953391076
    ],
    [
      110.624772770373,
      155.80710969264607
    ],
    [
      111.25565525163942,
      139.2359298513813
    ],
    [
      111.88653773290585,
      122.66475001011646
    ],
    [
      112.51742021417228,
      106.09357016885166
    ],
    [
      113.14830269543869,
      89.52239032758688
    ],
    [
      113.77918517670511,
      72.95121048632208
    ]
  ],
  "bboxes": [
    [
      31.638286115816605,
      119.13180811502437,
      158.60385579037919,
      18.547944949232885
    ]
  ],
  "categories": [
    7
  ],
  "control_points": []
}