{
  "image_path": "/home/quynhthu/Documents/AI-project/e2e/data/raw/frame_0097_jpg.rf.701d78c23be9d3ef377e7875c8f50a7d.jpg",
  "command": 0,
  "waypoints": [
    [
      52.45740799760862,
      223.6059470127443
    ],
    [
      50.48064288964049,
      209.09564994361654
    ],
    [
      48.50387778167236,
      194.5853528744888
    ],
    [
      46.527112673704224,
      180.07505580536105
    ],
    [
      44.550347565736104,
      165.56475873623327
    ],
    [
      42.57358245776797,
      151.05446166710547
    ],
    [
      40.59681734979984,
      136.54416459797773
    ],
    [
      38.62005224183171,
      122.03386752884995
    ],
    [
      36.64328713386358,
      107.52357045972217
    ],
    [
      34.666522025895446,
      93.01327339059439
    ]
  ],
  "bboxes": [],
  "categories": [],
  "control_points": [
    [
      52.45740799760862,
      223.6059470127443
    ],
    [
      46.58641562694327,
      180.51036471743484
    ],
    [
      40.71542325627792,
      137.41478242212537
    ],
    [
      34.666522025895446,
      93.01327339059439
    ]
  ]
}