{
  "image_path": "/home/quynhthu/Documents/AI-project/e2e/data/raw/frame_0066_jpg.rf.4cd0105cf6a4d7bb9428ba9f32b6fc54.jpg",
  "command": 0,
  "waypoints": [
    [
      63.05623368288455,
      222.09182905770487
    ],
    [
      61.73738799314721,
      205.7295954356975
    ],
    [
      60.511459651729744,
      189.3600871006294
    ],
    [
      59.20091866412758,
      172.99727128376668
    ],
    [
      57.3965451713368,
      156.6832422285256
    ],
    [
      54.062045904526855,
      140.62665671900768
    ],
    [
      46.65271290493301,
      126.10635610608577
    ],
    [
      33.386315070705834,
      116.7098631134165
    ],
    [
      17.615522296570433,
      112.26820702602377
    ],
    [
      1.3559270150282143,
      110.04710038478785
    ]
  ],
  "bboxes": [],
  "categories": [],
  "control_points": [
    [
      63.05623368288455,
      222.09182905770487
    ],
    [
      55.48564390768746,
      133.51592868789885
    ],
    [
      61.92064521660499,
      116.10357220494554
    ],
    [
      1.3559270150282143,
      110.04710038478785
    ]
  ]
}