{
  "image_path": "/home/quynhthu/Documents/AI-project/e2e/data/raw/frame_0684_jpg.rf.f3ad8cf1c9c526225fc6b2e0b8040588.jpg",
  "command": 3,
  "waypoints": [
    [
      81.22564914335759,
      224.0
    ],
    [
      83.28653191549456,
      208.52062495976423
    ],
    [
      85.34741468763156,
      193.04124991952847
    ],
    [
      87.4082974597685,
      177.5618748792928
    ],
    [
      89.46918023190553,
      162.08249983905708
    ],
    [
      91.5300630040425,
      146.60312479882117
    ],
    [
      93.59094577617951,
      131.1237497585852
    ],
    [
      95.65182854831652,
      115.6443747183493
    ],
    [
      97.71271132045351,
      100.16499967811338
    ],
    [
      99.77359409259049,
      84.68562463787758
    ]
  ],
  "bboxes": [
    [
      54.3500554414079,
      113.45386578362655,
      68.51383746553371,
      7.949119263956945
    ],
    [
      137.2480134798161,
      73.70826946384177,
      10.977355174035779,
      11.734414151555512
    ]
  ],
  "categories": [
    7,
    4
  ],
  "control_points": []
}