{
  "image_path": "/home/quynhthu/Documents/AI-project/e2e/data/raw/frame_0537_jpg.rf.15128516f4ae3d7272d9bf7ad9d40c2e.jpg",
  "command": 0,
  "waypoints": [
    [
      82.36123760963714,
      222.47035854646475
    ],
    [
      78.18445212424609,
      209.84833215294225
    ],
    [
      73.82102090806944,
      197.28975239724758
    ],
    [
      69.13821870537267,
      184.8471955776906
    ],
    [
      63.873700997342475,
      172.64121185772626
    ],
    [
      57.48420572167362,
      160.99329456903016
    ],
    [
      49.01146106073177,
      150.79444581636378
    ],
    [
      38.104804131548,
      143.25453789800818
    ],
    [
      26.060367624383872,
      137.63434268242708
    ],
    [
      13.847400144103412,
      132.3803402216193
    ]
  ],
  "bboxes": [],
  "categories": [],
  "control_points": [
    [
      82.36123760963714,
      222.47035854646475
    ],
    [
      57.37829135148673,
      145.62887232821421
    ],
    [
      51.70034902008892,
      149.0356377270529
    ],
    [
      13.847400144103425,
      132.3803402216193
    ]
  ]
}