{
  "image_path": "/home/quynhthu/Documents/AI-project/e2e/data/raw/frame_0044_jpg.rf.9eaa6e9e3e59a9b97e7c32a4c5e38782.jpg",
  "command": 0,
  "waypoints": [
    [
      121.62921800457217,
      224.0
    ],
    [
      121.51090492446019,
      208.8701793979924
    ],
    [
      121.33203186630823,
      193.74095650414694
    ],
    [
      121.0852834795911,
      178.61269057564482
    ],
    [
      120.76812834795533,
      163.48573569646697
    ],
    [
      120.39671096491399,
      148.36000641767353
    ],
    [
      120.04067477972667,
      133.23392283301717
    ],
    [
      119.86604923130913,
      118.10487372215759
    ],
    [
      120.057079232429,
      102.9762589937755
    ],
    [
      120.62965313549108,
      87.85711179602464
    ]
  ],
  "bboxes": [],
  "categories": [],
  "control_points": [
    [
      121.62921800457217,
      224.0
    ],
    [
      121.12943557003162,
      140.33426742278098
    ],
    [
      118.63052339732894,
      129.33905386288922
    ],
    [
      120.62965313549108,
      87.85711179602464
    ]
  ]
}