{
  "image_path": "/home/quynhthu/Documents/AI-project/e2e/data/raw/frame_0076_jpg.rf.d8c41a6c853ae7ccb2820786fa7ee3e7_dup1.jpg",
  "command": 2,
  "waypoints": [
    [
      123.24242239570147,
      224.0
    ],
    [
      124.14573704397671,
      202.26780143665582
    ],
    [
      125.33822362260602,
      180.5498150497839
    ],
    [
      127.04674820996192,
      158.86710434449395
    ],
    [
      129.7145558660147,
      137.28479531411062
    ],
    [
      134.33765405955518,
      116.05447365565732
    ],
    [
      143.38462530984953,
      96.39171978764223
    ],
    [
      160.28121309596412,
      82.98572807570999
    ],
    [
      181.39717148952403,
      78.1621183799577
    ],
    [
      203.11214452403084,
      77.11503486268047
    ]
  ],
  "bboxes": [
    [
      77.06182476699918,
      83.55003617159801,
      108.63796327407833,
      15.141179550394185
    ]
  ],
  "categories": [
    7
  ],
  "control_points": []
}