{
  "image_path": "/home/quynhthu/Documents/AI-project/e2e/data/raw/frame_0044_jpg.rf.96ee31b7c1253ae5dfa6462dd819a143.jpg",
  "command": 0,
  "waypoints": [
    [
      66.1533677705726,
      224.0
    ],
    [
      65.29713494823393,
      209.09361862175868
    ],
    [
      64.48982933579505,
      194.18450824097175
    ],
    [
      63.73343592660437,
      179.2727286118757
    ],
    [
      63.02805849934418,
      164.35844811304298
    ],
    [
      62.36805903658322,
      149.4420881283809
    ],
    [
      61.734147753982434,
      134.5245925390519
    ],
    [
      61.06967234237529,
      119.60844683875972
    ],
    [
      60.20804351175004,
      104.70272782563885
    ],
    [
      58.65663125246454,
      89.8562415341868
    ]
  ],
  "bboxes": [],
  "categories": [],
  "control_points": [
    [
      66.1533677705726,
      224.0
    ],
    [
      61.15554342516723,
      139.33470255369994
    ],
    [
      61.65532585970777,
      109.84753891580824
    ],
    [
      58.65663125246454,
      89.8562415341868
    ]
  ]
}