{
  "image_path": "/home/quynhthu/Documents/AI-project/e2e/data/raw/frame_0111_jpg.rf.213aa24ac2b17239ce4ad9a20a19d67e.jpg",
  "command": 0,
  "waypoints": [
    [
      37.31622844721443,
      220.9562405914253
    ],
    [
      39.2088758910137,
      205.98329636936887
    ],
    [
      41.101523334812974,
      191.0103521473124
    ],
    [
      42.99417077861224,
      176.03740792525593
    ],
    [
      44.88681822241153,
      161.06446370319944
    ],
    [
      46.7794656662108,
      146.09151948114294
    ],
    [
      48.672113110010066,
      131.11857525908647
    ],
    [
      50.56476055380935,
      116.14563103702999
    ],
    [
      52.45740799760862,
      101.1726868149735
    ],
    [
      54.3500554414079,
      86.19974259291699
    ]
  ],
  "bboxes": [
    [
      145.19713274377304,
      24.877965413820508,
      24.982946258150434,
      35.203242454666494
    ],
    [
      87.28212096351527,
      46.075616784372386,
      11.355884662795646,
      12.870002617835063
    ]
  ],
  "categories": [
    11,
    10
  ],
  "control_points": []
}