{
  "image_path": "/home/quynhthu/Documents/AI-project/e2e/data/raw/frame_0105_jpg.rf.1be03b5c1ec7c44ffdf3cc6854fedd18.jpg",
  "command": 0,
  "waypoints": [
    [
      159.9597828054074,
      220.9562405914253
    ],
    [
      165.2908125675042,
      207.9223213212319
    ],
    [
      170.94943714504473,
      195.0273341623638
    ],
    [
      176.76813857794153,
      182.20357613369316
    ],
    [
      182.54629273033026,
      169.3616240263172
    ],
    [
      188.00875851709318,
      156.3832401450605
    ],
    [
      192.7174129963328,
      143.11657221601388
    ],
    [
      195.8556755655202,
      129.407259876872
    ],
    [
      195.78334437102006,
      115.3826188487041
    ],
    [
      190.2421419061958,
      102.47651060959076
    ]
  ],
  "bboxes": [],
  "categories": [],
  "control_points": []
}