{
  "image_path": "/home/quynhthu/Documents/AI-project/e2e/data/raw/frame_0090_jpg.rf.e2bc27020880b15b5e1d47e81967b318.jpg",
  "command": 0,
  "waypoints": [
    [
      109.6153608003467,
      223.6059470127443
    ],
    [
      107.18582093678648,
      204.87416035923908
    ],
    [
      101.43269001800078,
      186.88408328986512
    ],
    [
      92.62427495533102,
      170.17277926697383
    ],
    [
      81.27815617945865,
      155.06256019825102
    ],
    [
      67.96834801943248,
      141.64293015589948
    ],
    [
      53.18863123862663,
      129.85590294004578
    ],
    [
      37.3131642717638,
      119.58777814413935
    ],
    [
      20.6061196867631,
      110.73385673095675
    ],
    [
      3.2485744588274903,
      103.23356958711047
    ]
  ],
  "bboxes": [],
  "categories": [],
  "control_points": [
    [
      109.6153608003467,
      223.6059470127443
    ],
    [
      106.96565437902773,
      158.8774044348091
    ],
    [
      48.29358362125022,
      120.6459260700638
    ],
    [
      3.2485744588274903,
      103.23356958711047
    ]
  ]
}