{
  "image_path": "/home/quynhthu/Documents/AI-project/e2e/data/raw/frame_0677_jpg.rf.791cff1efb53d3987ca02d41083789af.jpg",
  "command": 0,
  "waypoints": [
    [
      137.2480134798161,
      224.0
    ],
    [
      138.21536661775798,
      209.99268408271917
    ],
    [
      139.18271975569982,
      195.98536816543833
    ],
    [
      140.15007289364164,
      181.9780522481575
    ],
    [
      141.11742603158353,
      167.97073633087666
    ],
    [
      142.08477916952538,
      153.96342041359583
    ],
    [
      143.05213230746722,
      139.956104496315
    ],
    [
      144.01948544540906,
      125.94878857903417
    ],
    [
      144.98683858335093,
      111.94147266175334
    ],
    [
      145.95419172129277,
      97.9341567444725
    ]
  ],
  "bboxes": [],
  "categories": [],
  "control_points": [
    [
      137.2480134798161,
      224.0
    ],
    [
      140.12105229950342,
      182.39827172567593
    ],
    [
      142.9940911191907,
      140.79654345135185
    ],
    [
      145.95419172129277,
      97.9341567444725
    ]
  ]
}