{
  "image_path": "/home/quynhthu/Documents/AI-project/e2e/data/raw/frame_0082_jpg.rf.ee5d38138a1e1e1748d1b49d51dd8fba.jpg",
  "command": 1,
  "waypoints": [
    [
      123.62095188446133,
      220.9562405914253
    ],
    [
      122.34390426991762,
      194.2121989431595
    ],
    [
      122.1837519109231,
      167.43854427566166
    ],
    [
      122.55095786546691,
      140.6664335927451
    ],
    [
      121.91227188515678,
      113.92031871115431
    ],
    [
      115.73697505135111,
      88.03874851887689
    ],
    [
      96.82010654141975,
      69.49705471846069
    ],
    [
      71.35626350465603,
      61.633064283149665
    ],
    [
      44.77080314133291,
      58.63896798497398
    ],
    [
      18.01122452046183,
      57.810030935927884
    ]
  ],
  "bboxes": [
    [
      79.33300169955832,
      71.81562202004251,
      86.68325292600674,
      10.220296196516074
    ]
  ],
  "categories": [
    7
  ],
  "control_points": []
}