{
  "image_path": "/home/quynhthu/Documents/AI-project/e2e/data/raw/frame_0093_jpg.rf.2a7cf3afed32cac7486dd02ae458ee24.jpg",
  "command": 0,
  "waypoints": [
    [
      78.5759427220386,
      220.5777111026655
    ],
    [
      76.5150599499016,
      206.15153169770653
    ],
    [
      74.45417717776462,
      191.72535229274754
    ],
    [
      72.3932944056276,
      177.29917288778853
    ],
    [
      70.33241163349062,
      162.87299348282954
    ],
    [
      68.27152886135362,
      148.44681407787067
    ],
    [
      66.21064608921664,
      134.02063467291185
    ],
    [
      64.14976331707967,
      119.59445526795307
    ],
    [
      62.08888054494272,
      105.16827586299425
    ],
    [
      60.02799777280571,
      90.74209645803525
    ]
  ],
  "bboxes": [],
  "categories": [],
  "control_points": []
}