{
  "image_path": "/home/quynhthu/Documents/AI-project/e2e/data/raw/frame_0056_jpg.rf.51aa149acd5183c20aed883f71fc02e0.jpg",
  "command": 3,
  "waypoints": [
    [
      121.93272171253822,
      223.65749235474004
    ],
    [
      122.08494733265375,
      208.51104315324494
    ],
    [
      122.23717295276928,
      193.36459395174987
    ],
    [
      122.38939857288479,
      178.2181447502548
    ],
    [
      122.54162419300037,
      163.07169554875972
    ],
    [
      122.69384981311588,
      147.92524634726465
    ],
    [
      122.84607543323139,
      132.77879714576957
    ],
    [
      122.99830105334694,
      117.6323479442745
    ],
    [
      123.15052667346245,
      102.48589874277943
    ],
    [
      123.30275229357798,
      87.3394495412844
    ]
  ],
  "bboxes": [
    [
      128.44036697247705,
      63.70642201834862,
      16.44036697247708,
      16.097859327217122
    ]
  ],
  "categories": [
    2
  ],
  "control_points": []
}