{
  "image_path": "/home/quynhthu/Documents/AI-project/e2e/data/raw/frame_0125_jpg.rf.23ff413489daaa82e50a9807941b110d.jpg",
  "command": 0,
  "waypoints": [
    [
      136.86948399105623,
      214.89976877126765
    ],
    [
      131.395597250857,
      200.31181886872065
    ],
    [
      126.14161470597605,
      185.64288490076453
    ],
    [
      120.68700329789321,
      171.04829522594488
    ],
    [
      114.19404354067271,
      156.8935284347095
    ],
    [
      105.48759987770391,
      144.00655177532417
    ],
    [
      94.06637579494466,
      133.45997538321606
    ],
    [
      80.73867803576273,
      125.42377777818868
    ],
    [
      66.44862000818358,
      119.22999039992284
    ],
    [
      51.70034902008892,
      114.21092476114626
    ]
  ],
  "bboxes": [],
  "categories": [],
  "control_points": [
    [
      136.86948399105623,
      214.89976877126765
    ],
    [
      114.15771466546495,
      156.60622750225
    ],
    [
      116.80742108678393,
      134.27298766541855
    ],
    [
      51.70034902008892,
      114.21092476114626
    ]
  ]
}