{
  "image_path": "/home/quynhthu/Documents/AI-project/e2e/data/raw/frame_0083_jpg.rf.06704f4a8f5edb43158fb68a15ef4427.jpg",
  "command": 1,
  "waypoints": [
    [
      165.63772513680522,
      223.6059470127443
    ],
    [
      158.91659508216293,
      206.04965339736236
    ],
    [
      152.18612355836885,
      188.4969567099657
    ],
    [
      145.20986789393152,
      171.04094644824553
    ],
    [
      137.55649594175674,
      153.8733340009755
    ],
    [
      128.50702892165464,
      137.40740280487452
    ],
    [
      117.14851477646904,
      122.46056877099026
    ],
    [
      103.051455605688,
      110.07599396305196
    ],
    [
      86.8488814664028,
      100.5866513000394
    ],
    [
      69.49123499180209,
      93.39180287935423
    ]
  ],
  "bboxes": [],
  "categories": [],
  "control_points": [
    [
      165.63772513680522,
      223.6059470127443
    ],
    [
      134.976836547257,
      144.11475437317478
    ],
    [
      127.78477626081974,
      114.21092476114626
    ],
    [
      69.49123499180209,
      93.39180287935423
    ]
  ]
}