{
  "image_path": "/home/quynhthu/Documents/AI-project/e2e/data/raw/frame_0799_jpg.rf.773cafe3288e5c66099983d5a72a02cc.jpg",
  "command": 0,
  "waypoints": [
    [
      96.36682869375178,
      224.0
    ],
    [
      98.4697702979732,
      210.32915473939457
    ],
    [
      100.57271190219463,
      196.65830947878914
    ],
    [
      102.67565350641603,
      182.9874642181837
    ],
    [
      104.77859511063748,
      169.3166189575783
    ],
    [
      106.88153671485888,
      155.6457736969729
    ],
    [
      108.98447831908028,
      141.97492843636755
    ],
    [
      111.0874199233017,
      128.30408317576214
    ],
    [
      113.19036152752312,
      114.63323791515677
    ],
    [
      115.29330313174454,
      100.96239265455132
    ]
  ],
  "bboxes": [
    [
      156.5530174065687,
      74.46532844136149,
      16.655297505433595,
      22.711769325591305
    ]
  ],
  "categories": [
    8
  ],
  "control_points": []
}