{
  "image_path": "/home/quynhthu/Documents/AI-project/e2e/data/raw/frame_0138_jpg.rf.a920be1ef89805609c459f337ff836e6.jpg",
  "command": 0,
  "waypoints": [
    [
      90.68888636235395,
      223.6059470127443
    ],
    [
      82.78885124275922,
      214.28840387560373
    ],
    [
      74.71748268197477,
      205.1194716989043
    ],
    [
      66.25528390884556,
      196.3116542610011
    ],
    [
      57.19299002584333,
      188.12542381860723
    ],
    [
      47.405335541211066,
      180.82486513851666
    ],
    [
      36.902801609164605,
      174.59746642687975
    ],
    [
      25.80986313395442,
      169.49339194549694
    ],
    [
      14.290861591926252,
      165.43743743088527
    ],
    [
      2.49151548130778,
      162.28416983364784
    ]
  ],
  "bboxes": [],
  "categories": [],
  "control_points": [
    [
      90.68888636235395,
      223.6059470127443
    ],
    [
      66.08446959296339,
      194.4591763782355
    ],
    [
      48.29358362125022,
      172.88299551892376
    ],
    [
      2.49151548130778,
      162.28416983364784
    ]
  ]
}