{
  "image_path": "/home/quynhthu/Documents/AI-project/e2e/data/raw/frame_0046_jpg.rf.71d4af12792d4acc8a46965b782a534d.jpg",
  "command": 0,
  "waypoints": [
    [
      105.5747440303557,
      224.0
    ],
    [
      105.91725167561565,
      208.25561790843025
    ],
    [
      106.25975932087559,
      192.51123581686056
    ],
    [
      106.60226696613549,
      176.76685372529073
    ],
    [
      106.9447746113955,
      161.02247163372087
    ],
    [
      107.2872822566554,
      145.27808954215135
    ],
    [
      107.62978990191533,
      129.53370745058183
    ],
    [
      107.97229754717527,
      113.78932535901232
    ],
    [
      108.3148051924352,
      98.04494326744282
    ],
    [
      108.65731283769514,
      82.30056117587309
    ]
  ],
  "bboxes": [
    [
      64.81633424442298,
      70.65530123703516,
      85.96941896024465,
      11.302752293577981
    ]
  ],
  "categories": [
    7
  ],
  "control_points": []
}