{
  "image_path": "/home/quynhthu/Documents/AI-project/e2e/data/raw/frame_0119_jpg.rf.3094767a423139d0f1cf8fd47238e2c9.jpg",
  "command": 0,
  "waypoints": [
    [
      143.3044852999738,
      206.19359052979098
    ],
    [
      153.8669018110203,
      196.45227502495376
    ],
    [
      164.32003914404362,
      186.59395061633182
    ],
    [
      174.56694798417888,
      176.52182970675688
    ],
    [
      184.4692427106184,
      166.1115640873539
    ],
    [
      193.826993168072,
      155.21088182767448
    ],
    [
      202.34515694378345,
      143.6452874470553
    ],
    [
      209.60358080958918,
      131.25510466283524
    ],
    [
      215.0726306622706,
      117.98372597952813
    ],
    [
      218.25332407442505,
      103.99062856463019
    ]
  ],
  "bboxes": [],
  "categories": [],
  "control_points": [
    [
      143.3044852999738,
      206.19359052979098
    ],
    [
      184.1856700860381,
      168.71917114256536
    ],
    [
      213.33244072054694,
      140.32945948557625
    ],
    [
      218.25332407442505,
      103.99062856463019
    ]
  ]
}