{
  "image_path": "/home/quynhthu/Documents/AI-project/e2e/data/raw/frame_0053_jpg.rf.5c0f19a19b4e64d71680f0406c4e2b18.jpg",
  "command": 0,
  "waypoints": [
    [
      48.63608562691131,
      222.2874617737003
    ],
    [
      48.94053686714237,
      207.59768943255182
    ],
    [
      49.24498810737342,
      192.9079170914033
    ],
    [
      49.54943934760447,
      178.21814475025482
    ],
    [
      49.853890587835544,
      163.52837240910634
    ],
    [
      50.15834182806659,
      148.83860006795783
    ],
    [
      50.46279306829766,
      134.14882772680937
    ],
    [
      50.76724430852871,
      119.4590553856609
    ],
    [
      51.07169554875977,
      104.76928304451239
    ],
    [
      51.37614678899082,
      90.07951070336391
    ]
  ],
  "bboxes": [],
  "categories": [],
  "control_points": [
    [
      48.63608562691131,
      222.2874617737003
    ],
    [
      49.54030581039755,
      178.6588379204893
    ],
    [
      50.444525993883786,
      135.03021406727828
    ],
    [
      51.37614678899082,
      90.07951070336391
    ]
  ]
}