{
  "image_path": "/home/quynhthu/Documents/AI-project/e2e/data/raw/frame_0044_jpg.rf.9f2fe10ba4547e096446cc895134b602.jpg",
  "command": 0,
  "waypoints": [
    [
      107.62978990191533,
      224.0
    ],
    [
      107.66784630694421,
      207.95116666819928
    ],
    [
      107.7059027119731,
      191.90233333639858
    ],
    [
      107.74395911700195,
      175.85350000459783
    ],
    [
      107.78201552203089,
      159.80466667279714
    ],
    [
      107.82007192705973,
      143.75583334099642
    ],
    [
      107.85812833208863,
      127.70700000919568
    ],
    [
      107.89618473711751,
      111.65816667739496
    ],
    [
      107.93424114214639,
      95.60933334559425
    ],
    [
      107.97229754717527,
      79.56050001379357
    ]
  ],
  "bboxes": [
    [
      65.15884188968292,
      57.64001071715749,
      39.7308868501529,
      53.088685015290515
    ]
  ],
  "categories": [
    2
  ],
  "control_points": [
    [
      107.62978990191533,
      224.0
    ],
    [
      107.74281742485111,
      176.33496500455186
    ],
    [
      107.85584494778689,
      128.66993000910372
    ],
    [
      107.97229754717527,
      79.56050001379357
    ]
  ]
}