{
  "image_path": "/home/quynhthu/Documents/AI-project/e2e/data/raw/frame_0082_jpg.rf.5806b2c82ebeb2e7fe1b4f33a51c6408.jpg",
  "command": 0,
  "waypoints": [
    [
      113.77918517670511,
      224.0
    ],
    [
      114.83065597881583,
      207.17474233306248
    ],
    [
      115.88212678092653,
      190.34948466612497
    ],
    [
      116.93359758303721,
      173.52422699918748
    ],
    [
      117.98506838514797,
      156.69896933224993
    ],
    [
      119.03653918725864,
      139.87371166531236
    ],
    [
      120.08800998936935,
      123.04845399837484
    ],
    [
      121.13948079148007,
      106.22319633143726
    ],
    [
      122.19095159359077,
      89.39793866449975
    ],
    [
      123.24242239570147,
      72.57268099756222
    ]
  ],
  "bboxes": [
    [
      81.60417863211744,
      69.16591559872353,
      84.03354650468778,
      11.355884662795646
    ]
  ],
  "categories": [
    7
  ],
  "control_points": []
}