{
  "image_path": "/home/quynhthu/Documents/AI-project/e2e/data/raw/frame_0156_jpg.rf.de54077252fad71a26a4df6b5bf0ce2a.jpg",
  "command": 1,
  "waypoints": [
    [
      112.0,
      212.5
    ],
    [
      110.85961138367159,
      190.46210075753595
    ],
    [
      109.16799434404948,
      168.46172958922176
    ],
    [
      105.96279925547832,
      146.6413563934626
    ],
    [
      99.33263974506127,
      125.6494969997699
    ],
    [
      86.54785594913426,
      107.80030774177673
    ],
    [
      67.89656888261408,
      96.1937564863984
    ],
    [
      46.75262686461466,
      90.02343433257055
    ],
    [
      24.902413018112956,
      87.02483527309457
    ],
    [
      2.870044970067635,
      85.82121310415715
    ]
  ],
  "bboxes": [
    [
      32.77387458209616,
      119.51033760378422,
      156.33267885782007,
      20.440592393032148
    ]
  ],
  "categories": [
    7
  ],
  "control_points": []
}