{
  "image_path": "/home/quynhthu/Documents/AI-project/e2e/data/raw/frame_0107_jpg.rf.787db2646281817db36e4ba9d8d01b34.jpg",
  "command": 0,
  "waypoints": [
    [
      74.03358885692035,
      220.5777111026655
    ],
    [
      74.07564768900478,
      205.604766880609
    ],
    [
      74.1177065210892,
      190.63182265855252
    ],
    [
      74.15976535317361,
      175.65887843649602
    ],
    [
      74.20182418525808,
      160.68593421443956
    ],
    [
      74.2438830173425,
      145.7129899923831
    ],
    [
      74.2859418494269,
      130.7400457703266
    ],
    [
      74.32800068151136,
      115.7671015482701
    ],
    [
      74.37005951359578,
      100.79415732621361
    ],
    [
      74.4121183456802,
      85.82121310415715
    ]
  ],
  "bboxes": [],
  "categories": [],
  "control_points": [
    [
      74.03358885692035,
      220.5777111026655
    ],
    [
      74.1585035882111,
      176.10806676315775
    ],
    [
      74.28341831950185,
      131.63842242364998
    ],
    [
      74.4121183456802,
      85.82121310415715
    ]
  ]
}