{
  "image_path": "/home/quynhthu/Documents/AI-project/e2e/data/raw/frame_0045_jpg.rf.a7b9bcbe2e01f1415c0b585facc0b3fb.jpg",
  "command": 0,
  "waypoints": [
    [
      120.30257277653307,
      221.70117279666817
    ],
    [
      120.37868558659083,
      206.17415954488428
    ],
    [
      120.45479839664861,
      190.64714629310038
    ],
    [
      120.53091120670632,
      175.1201330413165
    ],
    [
      120.60702401676414,
      159.5931197895326
    ],
    [
      120.68313682682188,
      144.0661065377487
    ],
    [
      120.75924963687964,
      128.5390932859648
    ],
    [
      120.83536244693742,
      113.0120800341809
    ],
    [
      120.91147525699519,
      97.485066782397
    ],
    [
      120.98758806705294,
      81.95805353061314
    ]
  ],
  "bboxes": [
    [
      141.19553913738935,
      48.049796649879205,
      9.247706422018325,
      11.302752293577981
    ]
  ],
  "categories": [
    0
  ],
  "control_points": [
    [
      120.30257277653307,
      221.70117279666817
    ],
    [
      120.52862782240463,
      175.58594343887
    ],
    [
      120.75468286827618,
      129.47071408107183
    ],
    [
      120.98758806705294,
      81.95805353061314
    ]
  ]
}