{
  "image_path": "/home/quynhthu/Documents/AI-project/e2e/data/raw/frame_0052_jpg.rf.222971f4f298dbd12df0b7b01a95265a.jpg",
  "command": 0,
  "waypoints": [
    [
      102.75229357798165,
      222.62996941896023
    ],
    [
      103.36119605844377,
      213.00169894665308
    ],
    [
      103.97009853890587,
      203.37342847434596
    ],
    [
      104.57900101936796,
      193.74515800203878
    ],
    [
      105.18790349983013,
      184.1168875297316
    ],
    [
      105.79680598029222,
      174.48861705742442
    ],
    [
      106.40570846075433,
      164.8603465851172
    ],
    [
      107.01461094121645,
      155.23207611281003
    ],
    [
      107.62351342167857,
      145.60380564050286
    ],
    [
      108.23241590214067,
      135.9755351681957
    ]
  ],
  "bboxes": [
    [
      77.06422018348623,
      67.47400611620795,
      50.69113149847095,
      68.50152905198776
    ]
  ],
  "categories": [
    2
  ],
  "control_points": []
}