{
  "image_path": "/home/quynhthu/Documents/AI-project/e2e/data/raw/frame_0100_jpg.rf.a95ba3bcae6d723afca85a288b76369d.jpg",
  "command": 3,
  "waypoints": [
    [
      137.62654296857596,
      218.6850636588662
    ],
    [
      136.5499512696969,
      203.8862155079445
    ],
    [
      136.5477665673498,
      189.04906752167238
    ],
    [
      137.7703206549052,
      174.263567794282
    ],
    [
      140.41191942042522,
      159.6666851380205
    ],
    [
      144.71798932442425,
      145.4748630966035
    ],
    [
      150.98382110393123,
      132.03862482974446
    ],
    [
      159.50679741277463,
      119.918289452094
    ],
    [
      170.41523267278356,
      109.90618061881528
    ],
    [
      183.4286111085184,
      102.8550400983506
    ]
  ],
  "bboxes": [],
  "categories": [],
  "control_points": [
    [
      137.62654296857596,
      218.6850636588662
    ],
    [
      131.57007114841826,
      161.90564034488796
    ],
    [
      148.2253686538519,
      116.48210169370539
    ],
    [
      183.4286111085184,
      102.8550400983506
    ]
  ]
}