{
  "image_path": "/home/quynhthu/Documents/AI-project/e2e/data/raw/frame_0122_jpg.rf.9a6e178ca6db46fe95c8ea5b35c093a8.jpg",
  "command": 0,
  "waypoints": [
    [
      163.74507769300592,
      210.73594439490924
    ],
    [
      166.70404444817052,
      197.55633424121822
    ],
    [
      169.58904870260113,
      184.36051578712787
    ],
    [
      171.9127369445958,
      171.0559381725717
    ],
    [
      173.225089157336,
      157.61697420441408
    ],
    [
      172.9727097675835,
      144.12269583330223
    ],
    [
      170.4428301567683,
      130.87725185835657
    ],
    [
      164.91656335018567,
      118.59454323068373
    ],
    [
      156.2516177074328,
      108.29073865176878
    ],
    [
      145.19713274377304,
      100.58386316579148
    ]
  ],
  "bboxes": [],
  "categories": [],
  "control_points": [
    [
      163.74507769300592,
      210.73594439490924
    ],
    [
      170.55860849068333,
      178.18240836156173
    ],
    [
      188.72802395115636,
      124.05269146890248
    ],
    [
      145.19713274377304,
      100.58386316579148
    ]
  ]
}