{
  "image_path": "/home/quynhthu/Documents/AI-project/e2e/data/raw/frame_0058_jpg.rf.b54a0fd43e72b8ac946280422cd54a05.jpg",
  "command": 1,
  "waypoints": [
    [
      123.24242239570147,
      219.82065212514576
    ],
    [
      117.63057737703035,
      204.480760603877
    ],
    [
      109.59681780742974,
      190.28713351088223
    ],
    [
      98.14423799864208,
      178.7055178203823
    ],
    [
      83.76805396122914,
      171.03370833584597
    ],
    [
      68.03016777528288,
      166.7152814652374
    ],
    [
      51.85151648953998,
      164.46804390654987
    ],
    [
      35.54718115986656,
      163.40542837731456
    ],
    [
      19.211138451212868,
      163.02442851339313
    ],
    [
      2.870044970067635,
      163.0412288111675
    ]
  ],
  "bboxes": [
    [
      136.4909545022964,
      60.081207868487006,
      20.819121881792,
      26.497064213189837
    ],
    [
      91.44594533987367,
      86.95680157043671,
      79.4911926395695,
      10.977355174035793
    ]
  ],
  "categories": [
    2,
    7
  ],
  "control_points": []
}