{
  "image_path": "/home/quynhthu/Documents/AI-project/e2e/data/raw/frame_0048_jpg.rf.3934f87d59771b6a64035f603820a025.jpg",
  "command": 0,
  "waypoints": [
    [
      112.34250764525993,
      222.62996941896023
    ],
    [
      112.30445124023105,
      206.72239211688748
    ],
    [
      112.26639483520216,
      190.81481481481472
    ],
    [
      112.22833843017327,
      174.9072375127418
    ],
    [
      112.19028202514444,
      158.9996602106689
    ],
    [
      112.15222562011553,
      143.09208290859632
    ],
    [
      112.11416921508663,
      127.18450560652376
    ],
    [
      112.07611281005778,
      111.27692830445119
    ],
    [
      112.0380564050289,
      95.36935100237864
    ],
    [
      112.0,
      79.46177370030581
    ]
  ],
  "bboxes": [
    [
      62.33639143730886,
      73.2966360856269,
      88.36697247706422,
      9.590214067278296
    ]
  ],
  "categories": [
    7
  ],
  "control_points": []
}