{
  "image_path": "/home/quynhthu/Documents/AI-project/e2e/data/raw/frame_0428_jpg.rf.4b7dc953c235c578bbc49249e76cdf2c.jpg",
  "command": 0,
  "waypoints": [
    [
      113.40065568794525,
      216.41388672630708
    ],
    [
      113.69506751253623,
      202.87094279512127
    ],
    [
      113.98947933712725,
      189.32799886393545
    ],
    [
      114.28389116171822,
      175.78505493274955
    ],
    [
      114.57830298630927,
      162.2421110015636
    ],
    [
      114.87271481090025,
      148.69916707037763
    ],
    [
      115.16712663549121,
      135.15622313919164
    ],
    [
      115.46153846008224,
      121.61327920800566
    ],
    [
      115.75595028467323,
      108.07033527681969
    ],
    [
      116.05036210926423,
      94.5273913456338
    ]
  ],
  "bboxes": [
    [
      93.7171222724328,
      94.14886185687395,
      43.152361718623425,
      7.192060286437254
    ]
  ],
  "categories": [
    7
  ],
  "control_points": []
}