{
  "image_path": "/home/quynhthu/Documents/AI-project/e2e/data/raw/frame_0058_jpg.rf.83d80738b60df6e1f203008b9d6659fe_dup2.jpg",
  "command": 1,
  "waypoints": [
    [
      123.24242239570147,
      219.82065212514576
    ],
    [
      117.63057737703035,
      204.480760603877
    ],
    [
      109.59681780742974,
      190.28713351088223
    ],
    [
      98.14423799864208,
      178.7055178203823
    ],
    [
      83.76805396122914,
      171.03370833584597
    ],
    [
      68.03016777528288,
      166.7152814652374
    ],
    [
      51.85151648953998,
      164.46804390654987
    ],
    [
      35.54718115986656,
      163.40542837731456
    ],
    [
      19.211138451212868,
      163.02442851339313
    ],
    [
      2.870044970067635,
      163.0412288111675
    ]
  ],
  "bboxes": [
    [
      90.68888636235395,
      86.57827208167684,
      81.38384008336878,
      11.35588466279566
    ]
  ],
  "categories": [
    7
  ],
  "control_points": []
}