{
  "image_path": "/home/quynhthu/Documents/AI-project/e2e/data/raw/frame_0152_jpg.rf.04cf16ab3caa689eb50c7955a9b7fa43_dup1.jpg",
  "command": 1,
  "waypoints": [
    [
      116.4288915980241,
      219.82065212514576
    ],
    [
      114.20250845146742,
      195.58393075507595
    ],
    [
      112.35313242833298,
      171.31514773724922
    ],
    [
      110.33125919646713,
      147.06087234816292
    ],
    [
      106.5271259314949,
      123.04115221248813
    ],
    [
      96.09228807531359,
      101.32346322990689
    ],
    [
      75.42542175071046,
      89.06745039043697
    ],
    [
      51.509824702107416,
      84.77113601075126
    ],
    [
      27.208085161290303,
      83.53192012093758
    ],
    [
      2.870044970067635,
      83.55003617159801
    ]
  ],
  "bboxes": [
    [
      48.29358362125022,
      103.23356958711047,
      129.8356146446302,
      21.576180859311734
    ]
  ],
  "categories": [
    7
  ],
  "control_points": [
    [
      116.4288915980241,
      219.82065212514576
    ],
    [
      104.31594795770873,
      102.47651060959076
    ],
    [
      123.24242239570147,
      81.65738872779875
    ],
    [
      2.870044970067635,
      83.55003617159801
    ]
  ]
}