{
  "image_path": "/home/quynhthu/Documents/AI-project/e2e/data/raw/frame_0049_jpg.rf.3ac591a9e97f93eae9b911f8c71eb443.jpg",
  "command": 0,
  "waypoints": [
    [
      56.85626911314984,
      221.60244648318042
    ],
    [
      57.44774715825028,
      205.9143604344296
    ],
    [
      58.05399587529061,
      190.22683796804927
    ],
    [
      58.66897022813449,
      174.53965472651075
    ],
    [
      59.27806875389772,
      158.85224312178303
    ],
    [
      59.846031744302884,
      143.163301164952
    ],
    [
      60.282353244089386,
      127.47025245019371
    ],
    [
      60.34985011209181,
      111.7720350038074
    ],
    [
      59.59011460801493,
      96.09414748966985
    ],
    [
      57.883792048929664,
      80.48929663608563
    ]
  ],
  "bboxes": [],
  "categories": [],
  "control_points": [
    [
      56.85626911314984,
      221.60244648318042
    ],
    [
      60.62385321100917,
      120.22018348623853
    ],
    [
      62.0,
      112.5
    ],
    [
      57.883792048929664,
      80.48929663608563
    ]
  ]
}