{
  "image_path": "/home/quynhthu/Documents/AI-project/e2e/data/raw/frame_0090_jpg.rf.e89d5a6f745d2e24e983dbb500b0857c.jpg",
  "command": 2,
  "waypoints": [
    [
      119.45712750810293,
      223.6059470127443
    ],
    [
      120.78945000163276,
      201.46772108826002
    ],
    [
      122.32206381080701,
      179.34276676095402
    ],
    [
      124.44318573581208,
      157.26810876022438
    ],
    [
      127.92475729957187,
      135.3749862998852
    ],
    [
      134.39921191994557,
      114.21146171060198
    ],
    [
      146.79880009016935,
      95.97212997644756
    ],
    [
      165.77539507209653,
      84.74723749604763
    ],
    [
      187.40536184904215,
      80.10541550087925
    ],
    [
      209.5471458329484,
      79.00768230647977
    ]
  ],
  "bboxes": [
    [
      81.60417863211744,
      82.03591821655858,
      104.09560940896007,
      15.141179550394213
    ]
  ],
  "categories": [
    7
  ],
  "control_points": []
}