{
  "image_path": "/home/quynhthu/Documents/AI-project/e2e/data/raw/frame_0388_jpg.rf.38d7523b2123eba45b292a47e18b50d8.jpg",
  "command": 1,
  "waypoints": [
    [
      123.99948137322119,
      224.0
    ],
    [
      123.83124604488349,
      208.47856612767987
    ],
    [
      123.66301071654577,
      192.95713225535977
    ],
    [
      123.49477538820803,
      177.4356983830397
    ],
    [
      123.32654005987035,
      161.9142645107196
    ],
    [
      123.15830473153264,
      146.3928306383992
    ],
    [
      122.99006940319491,
      130.87139676607876
    ],
    [
      122.82183407485721,
      115.34996289375835
    ],
    [
      122.65359874651949,
      99.8285290214379
    ],
    [
      122.48536341818178,
      84.30709514911773
    ]
  ],
  "bboxes": [
    [
      90.31035687359412,
      104.74768754214989,
      59.05060024653733,
      12.491473129075203
    ]
  ],
  "categories": [
    7
  ],
  "control_points": []
}