{
  "image_path": "/home/quynhthu/Documents/AI-project/e2e/data/raw/frame_0096_jpg.rf.e5e20c4ef6bff206bc8a0f7665aa7940.jpg",
  "command": 1,
  "waypoints": [
    [
      58.13535032900644,
      224.0
    ],
    [
      56.91564419855803,
      208.64680145601747
    ],
    [
      55.6959380681096,
      193.29360291203494
    ],
    [
      54.476231937661176,
      177.94040436805238
    ],
    [
      53.25652580721277,
      162.58720582406985
    ],
    [
      52.036819676764345,
      147.23400728008733
    ],
    [
      50.81711354631592,
      131.88080873610477
    ],
    [
      49.5974074158675,
      116.52761019212224
    ],
    [
      48.37770128541907,
      101.1744116481397
    ],
    [
      47.157995154970656,
      85.82121310415715
    ]
  ],
  "bboxes": [],
  "categories": [],
  "control_points": [
    [
      58.13535032900644,
      224.0
    ],
    [
      54.512823121574634,
      178.40100032437186
    ],
    [
      50.890295914142825,
      132.80200064874373
    ],
    [
      47.157995154970656,
      85.82121310415715
    ]
  ]
}