{
  "image_path": "/home/quynhthu/Documents/AI-project/e2e/data/raw/frame_0044_jpg.rf.33afea6a1427e1f9d1b90a5cce764cdb.jpg",
  "command": 0,
  "waypoints": [
    [
      62.654890728788835,
      223.79793399105063
    ],
    [
      62.97949285183663,
      208.81304740592603
    ],
    [
      63.283795273479335,
      193.82773629328722
    ],
    [
      63.551676645477976,
      178.8417339813176
    ],
    [
      63.75627882571779,
      163.85474666042322
    ],
    [
      63.85002009118915,
      148.86669622121065
    ],
    [
      63.740854629509265,
      133.87890047848262
    ],
    [
      63.23428906400469,
      118.89992930919527
    ],
    [
      61.86930381850095,
      103.97820560564519
    ],
    [
      58.65663125246454,
      89.35645909964627
    ]
  ],
  "bboxes": [],
  "categories": [],
  "control_points": [
    [
      62.654890728788835,
      223.79793399105063
    ],
    [
      64.65402046695098,
      133.3373133392135
    ],
    [
      64.65402046695098,
      108.34819161218664
    ],
    [
      58.65663125246454,
      89.35645909964627
    ]
  ]
}