{
  "image_path": "/home/quynhthu/Documents/AI-project/e2e/data/raw/frame_0987_jpg.rf.e908d7a85a55ae63caad9ee0ab87cb33.jpg",
  "command": 0,
  "waypoints": [
    [
      134.21977756973726,
      224.0
    ],
    [
      135.69183669269228,
      209.6141545939593
    ],
    [
      137.16389581564724,
      195.22830918791863
    ],
    [
      138.6359549386022,
      180.84246378187794
    ],
    [
      140.10801406155727,
      166.45661837583725
    ],
    [
      141.5800731845122,
      152.07077296979656
    ],
    [
      143.05213230746722,
      137.68492756375588
    ],
    [
      144.5241914304222,
      123.29908215771518
    ],
    [
      145.99625055337725,
      108.91323675167452
    ],
    [
      147.4683096763322,
      94.5273913456338
    ]
  ],
  "bboxes": [],
  "categories": [],
  "control_points": [
    [
      134.21977756973726,
      224.0
    ],
    [
      138.59179316491358,
      181.27403914405915
    ],
    [
      142.96380876008993,
      138.54807828811832
    ],
    [
      147.4683096763322,
      94.5273913456338
    ]
  ]
}