{
  "image_path": "/home/quynhthu/Documents/AI-project/e2e/data/raw/frame_0049_jpg.rf.d698d89e371da7033bef1d45ec882616.jpg",
  "command": 0,
  "waypoints": [
    [
      56.85626911314984,
      221.60244648318042
    ],
    [
      57.44774274055927,
      205.91447623007056
    ],
    [
      58.053986844992004,
      190.22706997806392
    ],
    [
      58.66895663303747,
      174.54000307163497
    ],
    [
      59.27805126104885,
      158.85270882034402
    ],
    [
      59.84601273382456,
      143.1638926087064
    ],
    [
      60.28234047856047,
      127.47102928350442
    ],
    [
      60.3498725321996,
      111.77309015045815
    ],
    [
      59.59013976605389,
      96.0944694298221
    ],
    [
      57.883792048929664,
      80.48929663608563
    ]
  ],
  "bboxes": [],
  "categories": [],
  "control_points": []
}