{
  "image_path": "/home/quynhthu/Documents/AI-project/e2e/data/raw/frame_0138_jpg.rf.edcb7fd5935e9358e781e28b79964f1b.jpg",
  "command": 0,
  "waypoints": [
    [
      90.68888636235395,
      223.6059470127443
    ],
    [
      83.01406152623986,
      214.73421194310248
    ],
    [
      75.04242708677384,
      206.12890433282254
    ],
    [
      66.64498750089254,
      197.93980020561145
    ],
    [
      57.72142516713062,
      190.32881246982376
    ],
    [
      48.240592541646016,
      183.42511886841964
    ],
    [
      38.2540619304869,
      177.27503771108047
    ],
    [
      27.86305358539492,
      171.83462747462224
    ],
    [
      17.1747460441286,
      167.00265902677253
    ],
    [
      6.276810368906328,
      162.66269932240766
    ]
  ],
  "bboxes": [],
  "categories": [],
  "control_points": [
    [
      90.68888636235395,
      223.6059470127443
    ],
    [
      66.08446959296339,
      194.4591763782355
    ],
    [
      47.53652464373051,
      178.18240836156173
    ],
    [
      6.276810368906328,
      162.66269932240766
    ]
  ]
}