{
  "image_path": "/home/quynhthu/Documents/AI-project/e2e/data/raw/frame_0061_jpg.rf.f2373c07bde729e99eea247ca69d12fe.jpg",
  "command": 1,
  "waypoints": [
    [
      133.0841891034577,
      224.0
    ],
    [
      131.61212998050271,
      208.10003663891982
    ],
    [
      130.14007085754773,
      192.20007327783966
    ],
    [
      128.6680117345927,
      176.30010991675957
    ],
    [
      127.19595261163775,
      160.40014655567944
    ],
    [
      125.72389348868275,
      144.5001831945994
    ],
    [
      124.25183436572775,
      128.60021983351936
    ],
    [
      122.7797752427728,
      112.70025647243934
    ],
    [
      121.30771611981778,
      96.80029311135931
    ],
    [
      119.83565699686278,
      80.90032975027903
    ]
  ],
  "bboxes": [
    [
      135.73389552477667,
      66.51620917740455,
      29.903829612028545,
      38.610007853505195
    ],
    [
      44.129759244891815,
      121.4029850475835,
      168.44562249813538,
      18.16941546047302
    ],
    [
      80.46859016583788,
      78.25062332896005,
      70.02795542057315,
      12.491473129075203
    ]
  ],
  "categories": [
    2,
    7,
    7
  ],
  "control_points": []
}