{
  "image_path": "/home/quynhthu/Documents/AI-project/e2e/data/raw/frame_0062_jpg.rf.b7f6795aa1daf7ffae3e096a336fede4.jpg",
  "command": 0,
  "waypoints": [
    [
      113.40065568794525,
      224.0
    ],
    [
      113.56889101628296,
      206.8803305084714
    ],
    [
      113.73712634462068,
      189.76066101694283
    ],
    [
      113.90536167295836,
      172.64099152541408
    ],
    [
      114.07359700129612,
      155.52132203388547
    ],
    [
      114.24183232963381,
      138.40165254235708
    ],
    [
      114.41006765797154,
      121.2819830508287
    ],
    [
      114.57830298630925,
      104.16231355930033
    ],
    [
      114.74653831464695,
      87.04264406777175
    ],
    [
      114.91477364298467,
      69.92297457624323
    ]
  ],
  "bboxes": [
    [
      41.858582312332686,
      51.37502962701035,
      38.610007853505195,
      57.9150117802578
    ],
    [
      5.141221902626767,
      128.2165158452609,
      212.7335726830384,
      27.25412319070955
    ],
    [
      71.00535294684151,
      67.27326815492425,
      88.95442985856589,
      12.87000261783507
    ]
  ],
  "categories": [
    2,
    7,
    7
  ],
  "control_points": []
}