{
  "image_path": "/home/quynhthu/Documents/AI-project/e2e/data/raw/frame_1452_jpg.rf.5a605f7c76790c2473cf87bbd3258bda.jpg",
  "command": 0,
  "waypoints": [
    [
      114.15771466546495,
      223.6059470127443
    ],
    [
      107.85089205091455,
      207.4881386039802
    ],
    [
      100.23394450908816,
      191.94951341361167
    ],
    [
      91.00971883084279,
      177.3123860212347
    ],
    [
      79.94019452508066,
      164.02169331279285
    ],
    [
      67.02197436622856,
      152.52260516253753
    ],
    [
      52.57243310885625,
      143.0125090915311
    ],
    [
      37.096300668142895,
      135.27082342653338
    ],
    [
      21.055179973102906,
      128.7679776233906
    ],
    [
      4.762692413866911,
      122.91710300262292
    ]
  ],
  "bboxes": [],
  "categories": [],
  "control_points": [
    [
      114.15771466546495,
      223.6059470127443
    ],
    [
      89.93182738483425,
      154.7135800584507
    ],
    [
      53.592996463888184,
      139.95092999681637
    ],
    [
      4.762692413866911,
      122.91710300262292
    ]
  ]
}