{
  "image_path": "/home/quynhthu/Documents/AI-project/e2e/data/raw/frame_0110_jpg.rf.e9adcfc5839d2a35d2aa20afcf654e70.jpg",
  "command": 0,
  "waypoints": [
    [
      69.11270550304224,
      222.47035854646475
    ],
    [
      64.48623397375512,
      207.9180026452525
    ],
    [
      59.85976244446798,
      193.36564674404028
    ],
    [
      55.23329091518086,
      178.81329084282802
    ],
    [
      50.60681938589372,
      164.26093494161574
    ],
    [
      45.9803478566066,
      149.70857904040358
    ],
    [
      41.3538763273195,
      135.15622313919144
    ],
    [
      36.72740479803241,
      120.60386723797932
    ],
    [
      32.10093326874532,
      106.0515113367672
    ],
    [
      27.4744617394582,
      91.49915543555497
    ]
  ],
  "bboxes": [
    [
      54.3500554414079,
      47.21120525065194,
      12.491473129075203,
      11.355884662795646
    ],
    [
      99.01653511507077,
      32.07002570025775,
      20.440592393032162,
      27.63265267946941
    ]
  ],
  "categories": [
    10,
    11
  ],
  "control_points": []
}