{
  "image_path": "/home/quynhthu/Documents/AI-project/e2e/data/raw/frame_0059_jpg.rf.81ebb9305de2f20a1174876d85bc9580.jpg",
  "command": 3,
  "waypoints": [
    [
      114.15771466546495,
      224.0
    ],
    [
      114.41006765797154,
      206.08121269886732
    ],
    [
      114.6624206504781,
      188.16242539773472
    ],
    [
      114.91477364298464,
      170.24363809660213
    ],
    [
      115.16712663549126,
      152.3248507954695
    ],
    [
      115.4194796279978,
      134.40606349433688
    ],
    [
      115.67183262050439,
      116.48727619320428
    ],
    [
      115.92418561301096,
      98.56848889207167
    ],
    [
      116.17653860551754,
      80.64970159093869
    ],
    [
      116.4288915980241,
      62.73091428980596
    ]
  ],
  "bboxes": [
    [
      6.655339857666183,
      129.35210431154044,
      211.97651370551873,
      26.118534724429992
    ],
    [
      72.51947090188092,
      68.03032713244397,
      81.38384008336881,
      11.734414151555484
    ]
  ],
  "categories": [
    7,
    7
  ],
  "control_points": []
}