{
  "image_path": "/home/quynhthu/Documents/AI-project/e2e/data/raw/frame_0080_jpg.rf.059eaf69751a669892a6412b80110fc5.jpg",
  "command": 0,
  "waypoints": [
    [
      93.33859278367294,
      220.5777111026655
    ],
    [
      87.36623862768411,
      207.665649652746
    ],
    [
      81.39388447169529,
      194.75358820282648
    ],
    [
      75.42153031570646,
      181.841526752907
    ],
    [
      69.44917615971765,
      168.9294653029875
    ],
    [
      63.47682200372879,
      156.01740385306795
    ],
    [
      57.50446784773999,
      143.10534240314846
    ],
    [
      51.53211369175118,
      130.19328095322896
    ],
    [
      45.55975953576234,
      117.28121950330949
    ],
    [
      39.58740537977355,
      104.36915805339002
    ]
  ],
  "bboxes": [],
  "categories": [],
  "control_points": []
}