{
  "image_path": "/home/quynhthu/Documents/AI-project/e2e/data/raw/frame_0063_jpg.rf.58d1b85a5c5aba7009d9c4b1278d9433.jpg",
  "command": 0,
  "waypoints": [
    [
      113.0221261991854,
      218.6850636588662
    ],
    [
      113.65300868045183,
      202.53447213844566
    ],
    [
      114.28389116171824,
      186.3838806180251
    ],
    [
      114.91477364298464,
      170.23328909760463
    ],
    [
      115.54565612425114,
      154.08269757718415
    ],
    [
      116.17653860551754,
      137.93210605676376
    ],
    [
      116.80742108678396,
      121.78151453634337
    ],
    [
      117.43830356805037,
      105.63092301592299
    ],
    [
      118.0691860493168,
      89.48033149550257
    ],
    [
      118.70006853058322,
      73.32973997508194
    ]
  ],
  "bboxes": [
    [
      75.54770681195976,
      72.57268099756222,
      85.16913497096735,
      16.65529750543361
    ]
  ],
  "categories": [
    7
  ],
  "control_points": []
}