{
  "image_path": "/home/quynhthu/Documents/AI-project/e2e/data/raw/frame_0099_jpg.rf.d21f5427da971bdf79bed8170e9d6cd5.jpg",
  "command": 0,
  "waypoints": [
    [
      129.29889421585915,
      218.6850636588662
    ],
    [
      126.84774093971457,
      204.00802326831618
    ],
    [
      125.51786506567085,
      189.18757082646158
    ],
    [
      125.37405308116419,
      174.308776473465
    ],
    [
      126.50844868180614,
      159.47344954223246
    ],
    [
      129.05786191986527,
      144.81636924921906
    ],
    [
      133.22309081529949,
      130.53709574345712
    ],
    [
      139.29907855937896,
      116.96639396635001
    ],
    [
      147.69627714741907,
      104.71052528621414
    ],
    [
      158.82419433912784,
      94.90592083439365
    ]
  ],
  "bboxes": [],
  "categories": [],
  "control_points": [
    [
      129.29889421585915,
      218.6850636588662
    ],
    [
      117.94300955306352,
      163.4197582999274
    ],
    [
      131.57007114841826,
      112.31827731734698
    ],
    [
      158.82419433912784,
      94.90592083439365
    ]
  ]
}