{
  "image_path": "/home/quynhthu/Documents/AI-project/e2e/data/raw/frame_0121_jpg.rf.5bff659d1360b8e6f3272fafa58bb079.jpg",
  "command": 0,
  "waypoints": [
    [
      120.5927159743825,
      220.9562405914253
    ],
    [
      132.4115479153219,
      209.9658478035586
    ],
    [
      143.51937555608836,
      198.25806151333464
    ],
    [
      153.76880194312741,
      185.79316644261323
    ],
    [
      162.93120009319261,
      172.5111729456114
    ],
    [
      170.61155881621764,
      158.32564495500617
    ],
    [
      176.10675189417464,
      143.17109141048667
    ],
    [
      178.0814958657443,
      127.20384104191037
    ],
    [
      174.47918955282216,
      111.59182382311735
    ],
    [
      164.50213667052566,
      99.06974521075206
    ]
  ],
  "bboxes": [],
  "categories": [],
  "control_points": [
    [
      120.5927159743825,
      220.9562405914253
    ],
    [
      169.42302002440377,
      178.18240836156173
    ],
    [
      195.9200842375936,
      124.8097504464222
    ],
    [
      164.50213667052566,
      99.06974521075206
    ]
  ]
}