{
  "image_path": "/home/quynhthu/Documents/AI-project/e2e/data/raw/frame_1406_jpg.rf.12f634c635e19556c667e6fe644fae7e.jpg",
  "command": 0,
  "waypoints": [
    [
      58.13535032900644,
      222.47035854646475
    ],
    [
      57.769702806474214,
      209.6728266456356
    ],
    [
      57.03347530048457,
      196.89217779407832
    ],
    [
      55.54992188618819,
      184.17966282092178
    ],
    [
      52.64546454889695,
      171.72344411094787
    ],
    [
      47.4456326853694,
      160.04996451300727
    ],
    [
      39.68798742123663,
      149.89443303271878
    ],
    [
      30.167816819110865,
      141.35217863159687
    ],
    [
      19.75669863071352,
      133.9076455588321
    ],
    [
      8.926516790225314,
      127.08092737898131
    ]
  ],
  "bboxes": [],
  "categories": [],
  "control_points": []
}