{
  "image_path": "/home/quynhthu/Documents/AI-project/e2e/data/raw/frame_0124_jpg.rf.e0b465778b887829930d9997ea0599e1.jpg",
  "command": 0,
  "waypoints": [
    [
      130.8130121708986,
      219.82065212514576
    ],
    [
      135.31470939953957,
      203.11711400667323
    ],
    [
      138.34469040866145,
      186.08886674104247
    ],
    [
      139.22835673434213,
      168.82431581732038
    ],
    [
      136.95052469972515,
      151.7070136120893
    ],
    [
      130.36618389129276,
      135.77473039251052
    ],
    [
      119.21294160839052,
      122.64015285663747
    ],
    [
      104.77423356330672,
      113.18933907253007
    ],
    [
      88.64059379077163,
      106.99803302897536
    ],
    [
      71.76241192436122,
      103.23356958711047
    ]
  ],
  "bboxes": [],
  "categories": [],
  "control_points": [
    [
      130.8130121708986,
      219.82065212514576
    ],
    [
      150.11801609765118,
      156.98475699100987
    ],
    [
      138.76213143485552,
      114.21092476114626
    ],
    [
      71.76241192436122,
      103.23356958711047
    ]
  ]
}