{
  "image_path": "/home/quynhthu/Documents/AI-project/e2e/data/raw/frame_0043_jpg.rf.917ea14b617145b6f9dbd60c3bf59d88.jpg",
  "command": 0,
  "waypoints": [
    [
      96.64009627754533,
      222.298586687429
    ],
    [
      98.08391219955134,
      205.19492114981952
    ],
    [
      99.52772812155732,
      188.09125561221003
    ],
    [
      100.9715440435633,
      170.9875900746006
    ],
    [
      102.41535996556931,
      153.88392453699115
    ],
    [
      103.85917588757529,
      136.7802589993817
    ],
    [
      105.30299180958129,
      119.67659346177227
    ],
    [
      106.74680773158728,
      102.57292792416283
    ],
    [
      108.19062365359328,
      85.46926238655327
    ],
    [
      109.63443957559929,
      68.36559684894372
    ]
  ],
  "bboxes": [
    [
      62.678899082568805,
      69.87155963302752,
      85.6269113149847,
      11.987767584097867
    ],
    [
      149.67584097859327,
      56.85626911314984,
      46.923547400611625,
      55.14373088685016
    ]
  ],
  "categories": [
    7,
    2
  ],
  "control_points": []
}