{
  "image_path": "/home/quynhthu/Documents/AI-project/e2e/data/raw/frame_0077_jpg.rf.beb7787ff1694cd378da15c594b17451.jpg",
  "command": 2,
  "waypoints": [
    [
      116.80742108678393,
      216.41388672630708
    ],
    [
      117.88964692618794,
      194.95838430547147
    ],
    [
      118.91792706367995,
      173.50024579466321
    ],
    [
      120.10777788628062,
      152.05081592660028
    ],
    [
      121.93361380514345,
      130.64918235748777
    ],
    [
      125.58709725366248,
      109.50810621024047
    ],
    [
      134.35249304202267,
      90.04847277815331
    ],
    [
      151.87927749066446,
      77.97707167678843
    ],
    [
      172.93640532908984,
      74.14297835443686
    ],
    [
      194.4059662825542,
      73.70826946384177
    ]
  ],
  "bboxes": [
    [
      79.71153118831816,
      75.97944639640092,
      90.84707730236516,
      10.598825685275926
    ]
  ],
  "categories": [
    7
  ],
  "control_points": []
}