{
  "image_path": "/home/quynhthu/Documents/AI-project/e2e/data/raw/frame_0063_jpg.rf.19e247e0486cf55a372d00c1bb6441df_dup1.jpg",
  "command": 1,
  "waypoints": [
    [
      57.37829135148673,
      224.0
    ],
    [
      56.717131291514626,
      207.0404731619757
    ],
    [
      55.922532319794584,
      190.08674628228957
    ],
    [
      54.852600857148445,
      173.148442468189
    ],
    [
      53.22870289168567,
      156.2554019586064
    ],
    [
      50.43639971172931,
      139.52155585941944
    ],
    [
      44.96341420692376,
      123.50152331799359
    ],
    [
      34.103690724186315,
      110.68077620983676
    ],
    [
      18.702983484914476,
      103.74420518684752
    ],
    [
      2.112985992547897,
      100.20533367703162
    ]
  ],
  "bboxes": [],
  "categories": [],
  "control_points": [
    [
      57.37829135148673,
      224.0
    ],
    [
      53.592996463888184,
      121.02445555882363
    ],
    [
      50.1862310650495,
      108.15445294098859
    ],
    [
      2.112985992547925,
      100.20533367703162
    ]
  ]
}