{
  "image_path": "/home/quynhthu/Documents/AI-project/e2e/data/raw/frame_0120_jpg.rf.ffac2fc434025fd01402ba4adfb5a406.jpg",
  "command": 0,
  "waypoints": [
    [
      105.83006591274815,
      221.71329956894505
    ],
    [
      103.03386894694381,
      203.66632363618254
    ],
    [
      100.68324028101352,
      185.55409797597082
    ],
    [
      97.97639686918033,
      167.49295855458985
    ],
    [
      94.15974676545288,
      149.63747996092718
    ],
    [
      88.50176877767937,
      132.2846933676211
    ],
    [
      80.38822011692505,
      115.94467315655172
    ],
    [
      69.55812505348707,
      101.27002197775509
    ],
    [
      56.26224958991498,
      88.7829462715781
    ],
    [
      41.101523334812974,
      78.6291528177199
    ]
  ],
  "bboxes": [],
  "categories": [],
  "control_points": [
    [
      105.83006591274815,
      221.71329956894505
    ],
    [
      96.74535818251164,
      172.5044660301639
    ],
    [
      101.66624153638975,
      113.07533629486669
    ],
    [
      41.101523334812974,
      78.6291528177199
    ]
  ]
}