{
  "image_path": "/home/quynhthu/Documents/AI-project/e2e/data/raw/frame_1193_jpg.rf.c3bb544ca870d439d7df142255a660e4.jpg",
  "command": 2,
  "waypoints": [
    [
      109.6153608003467,
      223.22741752398446
    ],
    [
      108.22741934156056,
      210.02094424947396
    ],
    [
      106.83947788277445,
      196.81447097496348
    ],
    [
      105.4515364239883,
      183.60799770045298
    ],
    [
      104.06359496520218,
      170.40152442594248
    ],
    [
      102.67565350641604,
      157.195051151432
    ],
    [
      101.2877120476299,
      143.98857787692154
    ],
    [
      99.89977058884378,
      130.782104602411
    ],
    [
      98.51182913005763,
      117.57563132790055
    ],
    [
      97.1238876712715,
      104.36915805339004
    ]
  ],
  "bboxes": [],
  "categories": [],
  "control_points": [
    [
      109.6153608003467,
      223.22741752398446
    ],
    [
      105.49317466775189,
      184.0041918986883
    ],
    [
      101.37098853515707,
      144.78096627339212
    ],
    [
      97.1238876712715,
      104.36915805339002
    ]
  ]
}