{
  "image_path": "/home/quynhthu/Documents/AI-project/e2e/data/raw/highway_entrance_89_jpg.rf.6d86ee21c279cb67b2ba53c82d26fe82.jpg",
  "command": 0,
  "waypoints": [
    [
      117.3236281181751,
      184.1390227499206
    ],
    [
      116.96804948158038,
      173.15843996335417
    ],
    [
      116.77139509423507,
      162.17410572368595
    ],
    [
      116.13278647511551,
      151.20994022114436
    ],
    [
      114.12678216057894,
      140.42257981075554
    ],
    [
      109.81960329845538,
      130.3428918509928
    ],
    [
      103.14671297857477,
      121.64404493392813
    ],
    [
      94.87887899130111,
      114.42859019121008
    ],
    [
      85.71953392571412,
      108.37201196052096
    ],
    [
      76.06391384335092,
      103.13371215531166
    ]
  ],
  "bboxes": [
    [
      205.52099899922126,
      73.98694152080283,
      12.112943640315365,
      30.66088858954825
    ]
  ],
  "categories": [
    9
  ],
  "control_points": []
}