{
  "image_path": "/home/quynhthu/Documents/AI-project/e2e/data/raw/highway_entrance_79_jpg.rf.0c73a0d38fc1db15fe61a1ccb79830f8.jpg",
  "command": 0,
  "waypoints": [
    [
      123.38009993833278,
      187.5457881487593
    ],
    [
      125.0041635280226,
      177.2820517865904
    ],
    [
      126.29294146177864,
      166.97153413492055
    ],
    [
      127.0140200762269,
      156.6073127434883
    ],
    [
      126.80366015016516,
      146.22373475360095
    ],
    [
      125.13643875803261,
      135.97951052540174
    ],
    [
      121.47896348066956,
      126.27378145209693
    ],
    [
      115.71317284813988,
      117.65255902527637
    ],
    [
      108.31779269537128,
      110.37160605538028
    ],
    [
      99.91127163522177,
      104.26930062159124
    ]
  ],
  "bboxes": [
    [
      179.78099376355115,
      69.06605816692473,
      12.112943640315336,
      22.71176932559129
    ]
  ],
  "categories": [
    9
  ],
  "control_points": []
}