{
  "image_path": "/home/quynhthu/Documents/AI-project/e2e/data/raw/highway_entrance_278_jpg.rf.fe83dd52afe5c03cb3e34eaee3cc90fb.jpg",
  "command": 0,
  "waypoints": [
    [
      162.74716676935765,
      189.4384355925586
    ],
    [
      159.54645698997973,
      178.60339168090715
    ],
    [
      156.02954587667884,
      167.86728091617024
    ],
    [
      152.07101252798884,
      157.2866174219429
    ],
    [
      147.52136598488116,
      146.94734108132846
    ],
    [
      142.21162365517577,
      136.97860720284064
    ],
    [
      135.9800620429938,
      127.56063590242371
    ],
    [
      128.7232701982144,
      118.9099436994814
    ],
    [
      120.44433434898262,
      111.2327253064186
    ],
    [
      111.26715629801741,
      104.64783011035108
    ]
  ],
  "bboxes": [
    [
      128.30098329221087,
      69.82311714444442,
      14.762650061634332,
      19.30500392675262
    ]
  ],
  "categories": [
    9
  ],
  "control_points": []
}