{
  "image_path": "/home/quynhthu/Documents/AI-project/e2e/data/raw/highway_entrance_306_jpg.rf.c065478652e9aee175d06890453f2656.jpg",
  "command": 0,
  "waypoints": [
    [
      90.82656390498525,
      193.98078945767682
    ],
    [
      95.87154679429297,
      184.33018995334206
    ],
    [
      100.80854409539197,
      174.62397388359767
    ],
    [
      105.59134195501946,
      164.84095098431231
    ],
    [
      110.15192050571781,
      154.9525830420557
    ],
    [
      114.38634643541717,
      144.92064233708257
    ],
    [
      118.1394200278862,
      134.69967764205447
    ],
    [
      121.20231737681944,
      124.25232885385593
    ],
    [
      123.35712241897606,
      113.58159300005087
    ],
    [
      124.51568840461233,
      102.75518266655182
    ]
  ],
  "bboxes": [
    [
      94.99038828134366,
      73.60841203204299,
      13.627061595354775,
      27.632652679469402
    ]
  ],
  "categories": [
    9
  ],
  "control_points": []
}