{
  "image_path": "/home/quynhthu/Documents/AI-project/e2e/data/raw/highway_exit_309_jpg.rf.fd01c62c20837775e5afdc20c38d84ef.jpg",
  "command": 0,
  "waypoints": [
    [
      113.15980374181669,
      185.65314070496004
    ],
    [
      114.7334408227181,
      176.5406204530277
    ],
    [
      116.34136372137864,
      167.43409188039593
    ],
    [
      117.98948301714877,
      158.33475456794147
    ],
    [
      119.68393568815594,
      149.24393373568924
    ],
    [
      121.42952237895054,
      140.1627937922268
    ],
    [
      123.22553276530707,
      131.09148846105498
    ],
    [
      125.05763494979502,
      122.02739701092501
    ],
    [
      126.8911464227836,
      112.96359182571781
    ],
    [
      128.67951278097075,
      103.89077113283138
    ]
  ],
  "bboxes": [
    [
      104.45362550034002,
      72.47282356576343,
      16.276768016673756,
      28.01118216822924
    ]
  ],
  "categories": [
    11
  ],
  "control_points": []
}