{
  "image_path": "/home/quynhthu/Documents/AI-project/e2e/data/raw/highway_exit_244_jpg.rf.fd932002ae42e0d313ca522baf92c9a8.jpg",
  "command": 0,
  "waypoints": [
    [
      115.80951016313567,
      184.1390227499206
    ],
    [
      111.0863505551223,
      175.19906013441843
    ],
    [
      106.228411996769,
      166.33172711710694
    ],
    [
      101.18843090262067,
      157.56672552591218
    ],
    [
      95.89917823530818,
      148.950158725559
    ],
    [
      90.26194409004881,
      140.55777409899352
    ],
    [
      84.14470186511188,
      132.5097880583836
    ],
    [
      77.40607932525887,
      124.97592920515169
    ],
    [
      69.99490376007945,
      118.1026042991178
    ],
    [
      62.058322759236276,
      111.83989039678832
    ]
  ],
  "bboxes": [
    [
      97.64009470266264,
      75.12252998708242,
      23.090298814351144,
      35.96030143218621
    ]
  ],
  "categories": [
    11
  ],
  "control_points": []
}