{
  "image_path": "/home/quynhthu/Documents/AI-project/e2e/data/raw/highway_exit_245_jpg.rf.d5b5687a40c3b6bf38ae3bef2874cc05.jpg",
  "command": 0,
  "waypoints": [
    [
      115.05245118561595,
      185.27461121620019
    ],
    [
      109.62206693531536,
      177.00462108422187
    ],
    [
      104.26431628061592,
      168.6874035590101
    ],
    [
      98.95660832511635,
      160.33814201080028
    ],
    [
      93.65134433025594,
      151.98734370141318
    ],
    [
      88.25396534391513,
      143.6960475662062
    ],
    [
      82.57893126523808,
      135.5937354259437
    ],
    [
      76.28219178110857,
      127.97055758486337
    ],
    [
      68.87627851377286,
      121.43402240829008
    ],
    [
      60.16567531543701,
      116.76077375066644
    ]
  ],
  "bboxes": [
    [
      96.88303572514292,
      80.80047231848023,
      24.98294625815042,
      34.06765398838694
    ]
  ],
  "categories": [
    11
  ],
  "control_points": []
}