{
  "image_path": "/home/quynhthu/Documents/AI-project/e2e/data/raw/highway_entrance_296_jpg.rf.9d43f526651509c509089fc95fd6c824.jpg",
  "command": 0,
  "waypoints": [
    [
      128.67951278097075,
      185.65314070496004
    ],
    [
      129.49379523566267,
      176.64830609837534
    ],
    [
      130.3474865251465,
      167.64712343488415
    ],
    [
      131.2190861352396,
      158.6476541835004
    ],
    [
      132.06876163331032,
      149.64610643315854
    ],
    [
      132.82512541076136,
      140.6363432557803
    ],
    [
      133.36280320921603,
      131.61127116695977
    ],
    [
      133.47679917855416,
      122.57193917970459
    ],
    [
      132.88335475517084,
      113.55313433365131
    ],
    [
      131.32921920228972,
      104.64783011035108
    ]
  ],
  "bboxes": [
    [
      120.35186402825393,
      73.98694152080283,
      15.898238527913904,
      26.87559370194971
    ]
  ],
  "categories": [
    9
  ],
  "control_points": []
}