{
  "image_path": "/home/quynhthu/Documents/AI-project/e2e/data/raw/highway_entrance_291_jpg.rf.1d6540b1e76bd74415ac78d47bf8c0ce.jpg",
  "command": 0,
  "waypoints": [
    [
      133.60039613484884,
      190.19549457007827
    ],
    [
      133.4237587654594,
      181.04155658219665
    ],
    [
      133.05910586224613,
      171.89328676075638
    ],
    [
      132.49605114126862,
      162.75510572750326
    ],
    [
      131.7197632778977,
      153.6326004473445
    ],
    [
      130.70942625779793,
      144.53310302016988
    ],
    [
      129.43277941384338,
      135.46724918256473
    ],
    [
      127.83428533869456,
      126.4528574376457
    ],
    [
      125.80156879842453,
      117.52752222331884
    ],
    [
      123.00157044957291,
      108.81165448670949
    ]
  ],
  "bboxes": [
    [
      116.94509862941524,
      78.90782487468095,
      15.519709039154037,
      28.01118216822927
    ]
  ],
  "categories": [
    9
  ],
  "control_points": []
}