{
  "image_path": "/home/quynhthu/Documents/AI-project/e2e/data/raw/highway_entrance_236_jpg.rf.dcfb82ed23e92d6ac3a0f57719d00084.jpg",
  "command": 0,
  "waypoints": [
    [
      130.19363073601014,
      188.302847126279
    ],
    [
      128.53954327089082,
      178.82185053710776
    ],
    [
      126.61894045063829,
      169.39146598018598
    ],
    [
      124.40485328677825,
      160.0257336503934
    ],
    [
      121.86129699844409,
      150.74420980707643
    ],
    [
      118.93793090000459,
      141.5754896749435
    ],
    [
      115.5581607965726,
      132.56556384682912
    ],
    [
      111.59593162230706,
      123.79757856786436
    ],
    [
      106.81837246904365,
      115.45143792524455
    ],
    [
      100.66833061274149,
      108.05459550918978
    ]
  ],
  "bboxes": [
    [
      103.6965665228203,
      69.06605816692473,
      21.19765137055188,
      27.254123190709535
    ]
  ],
  "categories": [
    9
  ],
  "control_points": []
}