{
  "image_path": "/home/quynhthu/Documents/AI-project/e2e/data/raw/highway_exit_239_jpg.rf.824e5aba254bc905a0f88578cb307ccb.jpg",
  "command": 0,
  "waypoints": [
    [
      115.80951016313567,
      184.1390227499206
    ],
    [
      113.0523912266257,
      174.88645002958188
    ],
    [
      110.02305842321853,
      165.71967600302077
    ],
    [
      106.68454865697755,
      156.66107213304556
    ],
    [
      102.99102247015462,
      147.74153655832313
    ],
    [
      98.8921570584492,
      139.00113828503456
    ],
    [
      94.33286459538662,
      130.4922154115768
    ],
    [
      89.26183437352547,
      122.27835910274418
    ],
    [
      83.65589730996354,
      114.41984913728412
    ],
    [
      77.57803179839033,
      106.91900704291022
    ]
  ],
  "bboxes": [
    [
      94.23332930382394,
      69.44458765568459,
      28.38971165698912,
      38.98853734226505
    ]
  ],
  "categories": [
    11
  ],
  "control_points": []
}