{
  "image_path": "/home/quynhthu/Documents/AI-project/e2e/data/raw/highway_exit_310_jpg.rf.0c9c16c5c790b8ec95180e3cc09a5d11.jpg",
  "command": 0,
  "waypoints": [
    [
      107.86039089917871,
      186.7887291712396
    ],
    [
      110.3953511963427,
      177.80310953663889
    ],
    [
      112.90277555326179,
      168.80977201028958
    ],
    [
      115.3675134596982,
      159.80465125291065
    ],
    [
      117.7651241784034,
      150.7814483732832
    ],
    [
      120.05721717072707,
      141.7309213054557
    ],
    [
      122.1831773789679,
      132.64005702939505
    ],
    [
      124.05882890462621,
      123.49446572904144
    ],
    [
      125.59973085509895,
      114.28670375432475
    ],
    [
      126.78686533717146,
      105.02635959911093
    ]
  ],
  "bboxes": [
    [
      103.6965665228203,
      72.85135305452327,
      19.305003926752605,
      31.796477055827808
    ]
  ],
  "categories": [
    11
  ],
  "control_points": []
}