{
  "image_path": "/home/quynhthu/Documents/AI-project/e2e/data/raw/highway_exit_244_jpg.rf.9e77ecac75e43a074876913a1472c98e.jpg",
  "command": 0,
  "waypoints": [
    [
      115.80951016313567,
      184.1390227499206
    ],
    [
      111.11336433139405,
      175.2496447053568
    ],
    [
      106.28363573655047,
      166.43224382113715
    ],
    [
      101.27240353977844,
      157.71686316478892
    ],
    [
      96.01146838781547,
      149.1502119212582
    ],
    [
      90.40015117210515,
      140.80955423767816
    ],
    [
      84.29878420176364,
      132.8217595419498
    ],
    [
      77.55296321079294,
      125.3720692841348
    ],
    [
      70.09286812388213,
      118.63809281241194
    ],
    [
      62.058322759236276,
      112.59694937430804
    ]
  ],
  "bboxes": [
    [
      97.64009470266264,
      74.3654710095627,
      23.090298814351144,
      35.96030143218621
    ]
  ],
  "categories": [
    11
  ],
  "control_points": []
}