{
  "image_path": "/home/quynhthu/Documents/AI-project/e2e/data/raw/highway_exit_245_jpg.rf.df93e8f4726d0ff2a86ef2bdbd460a62.jpg",
  "command": 0,
  "waypoints": [
    [
      115.05245118561595,
      185.27461121620019
    ],
    [
      109.62206693531536,
      177.00462108422187
    ],
    [
      104.26431628061592,
      168.6874035590101
    ],
    [
      98.95660832511635,
      160.33814201080028
    ],
    [
      93.65134433025594,
      151.98734370141318
    ],
    [
      88.25396534391513,
      143.6960475662062
    ],
    [
      82.57893126523808,
      135.5937354259437
    ],
    [
      76.28219178110857,
      127.97055758486337
    ],
    [
      68.87627851377286,
      121.43402240829008
    ],
    [
      60.16567531543701,
      116.76077375066644
    ]
  ],
  "bboxes": [
    [
      99.15421265770206,
      80.04341334096051,
      21.197651370551867,
      32.93206552210738
    ]
  ],
  "categories": [
    11
  ],
  "control_points": []
}