{
  "image_path": "/home/quynhthu/Documents/AI-project/e2e/data/raw/highway_entrance_79_jpg.rf.0122473a4c52342e93c464f047c35ed4.jpg",
  "command": 0,
  "waypoints": [
    [
      123.38009993833278,
      187.5457881487593
    ],
    [
      125.00416352866395,
      177.28205178208623
    ],
    [
      126.29294147044307,
      166.97153404649754
    ],
    [
      127.01402009221185,
      156.60731212527455
    ],
    [
      126.8036598012562,
      146.2237308370055
    ],
    [
      125.13643520058648,
      135.97949705723718
    ],
    [
      121.47895846260377,
      126.273771629039
    ],
    [
      115.71317163526214,
      117.65255755427353
    ],
    [
      108.3177880556224,
      110.37160211778253
    ],
    [
      99.91127163522177,
      104.26930062159124
    ]
  ],
  "bboxes": [
    [
      179.02393478603142,
      69.82311714444442,
      13.24853210659495,
      21.576180859311748
    ]
  ],
  "categories": [
    9
  ],
  "control_points": []
}