{
  "image_path": "/home/quynhthu/Documents/AI-project/e2e/data/raw/highway_exit_240_jpg.rf.8aa5a86365094d0676012b8a77a568cf.jpg",
  "command": 0,
  "waypoints": [
    [
      115.80951016313567,
      184.1390227499206
    ],
    [
      111.31519567974075,
      175.36496114348947
    ],
    [
      106.92847935464196,
      166.53664551398427
    ],
    [
      102.63514790431812,
      157.66251461372025
    ],
    [
      98.39765003895856,
      148.76156114767377
    ],
    [
      94.13102747098286,
      139.87464107581752
    ],
    [
      89.64992305681776,
      131.09494746131995
    ],
    [
      84.572741223817,
      122.65110873199892
    ],
    [
      78.27518929770974,
      115.08687271482438
    ],
    [
      70.38597151195307,
      109.19018397546934
    ]
  ],
  "bboxes": [
    [
      91.2050933937451,
      71.71576458824372,
      26.49706421318983,
      38.98853734226505
    ]
  ],
  "categories": [
    11
  ],
  "control_points": []
}