{
  "image_path": "/home/quynhthu/Documents/AI-project/e2e/data/raw/highway_entrance_278_jpg.rf.39a0868bef942e9f4937a7a0c28de7c1.jpg",
  "command": 0,
  "waypoints": [
    [
      171.8318744995942,
      189.0599061037987
    ],
    [
      168.06808946319637,
      179.35647637044386
    ],
    [
      163.78645040104794,
      169.87027338780769
    ],
    [
      158.9820243083847,
      160.63790804687042
    ],
    [
      153.65381865444593,
      151.6976866384281
    ],
    [
      147.8085781599929,
      143.0867251273873
    ],
    [
      141.45454093059945,
      134.84412534248867
    ],
    [
      134.60668591714642,
      127.00703124317872
    ],
    [
      127.28921788194927,
      119.60641783606133
    ],
    [
      119.59480505073422,
      112.59694937430804
    ]
  ],
  "bboxes": [
    [
      128.30098329221087,
      68.68752867816487,
      13.627061595354775,
      19.683533415512457
    ]
  ],
  "categories": [
    9
  ],
  "control_points": [
    [
      171.8318744995942,
      189.0599061037987
    ],
    [
      155.17657699416057,
      142.50077898633654
    ],
    [
      127.54392431469118,
      119.78900966074528
    ],
    [
      119.59480505073422,
      112.59694937430804
    ]
  ]
}