{
  "image_path": "/home/quynhthu/Documents/AI-project/e2e/data/raw/IMG_5235_jpg.rf.9840ee94df3eb3c9018811051b0950c6.jpg",
  "command": 0,
  "waypoints": [
    [
      118.0698771802447,
      224.0
    ],
    [
      118.18630259123526,
      209.07163319432868
    ],
    [
      117.88024963958505,
      194.1462282476805
    ],
    [
      117.01881129426211,
      179.24306081216778
    ],
    [
      115.4075084649689,
      164.40326032310557
    ],
    [
      112.75522769169923,
      149.71603677188247
    ],
    [
      108.60143303816717,
      135.38660889588547
    ],
    [
      102.25007659181733,
      121.9021414446027
    ],
    [
      92.86434269018666,
      110.3607605338218
    ],
    [
      80.29027679661073,
      102.45330439433707
    ]
  ],
  "bboxes": [],
  "categories": [],
  "control_points": [
    [
      118.0698771802447,
      224.0
    ],
    [
      119.41914862251735,
      155.7495263641064
    ],
    [
      109.97424852660886,
      114.59674737479084
    ],
    [
      80.29027679661073,
      102.45330439433707
    ]
  ]
}