{
  "image_path": "/home/quynhthu/Documents/AI-project/e2e/data/raw/IMG_5005_jpg.rf.8c1b2f04523bf0de96b2388a8f30960d.jpg",
  "command": 0,
  "waypoints": [
    [
      125.62191602582541,
      224.0
    ],
    [
      124.56681977512874,
      205.00080971256958
    ],
    [
      123.51172352443206,
      186.00161942513915
    ],
    [
      122.45662727373532,
      167.00242913770873
    ],
    [
      121.4015310230387,
      148.00323885027828
    ],
    [
      120.34643477234198,
      129.00404856284788
    ],
    [
      119.29133852164529,
      110.00485827541745
    ],
    [
      118.23624227094861,
      91.00566798798701
    ],
    [
      117.18114602025192,
      72.00647770055657
    ],
    [
      116.12604976955522,
      53.00728741312614
    ]
  ],
  "bboxes": [],
  "categories": [],
  "control_points": [
    [
      125.62191602582541,
      224.0
    ],
    [
      122.48828016125626,
      167.5724048463316
    ],
    [
      119.35464429668708,
      111.14480969266324
    ],
    [
      116.12604976955522,
      53.00728741312614
    ]
  ]
}