{
  "image_path": "/home/quynhthu/Documents/AI-project/e2e/data/raw/IMG_5202_jpg.rf.368e276831e50430ec0214b088ad095c.jpg",
  "command": 3,
  "waypoints": [
    [
      207.79642809137536,
      224.0
    ],
    [
      208.396104287941,
      206.14715917427006
    ],
    [
      208.99578048450658,
      188.2943183485401
    ],
    [
      209.5954566810722,
      170.44147752281015
    ],
    [
      210.1951328776379,
      152.58863669708018
    ],
    [
      210.79480907420344,
      134.73579587135023
    ],
    [
      211.39448527076905,
      116.88295504562029
    ],
    [
      211.9941614673347,
      99.03011421989032
    ],
    [
      212.59383766390033,
      81.17727339416042
    ],
    [
      213.1935138604659,
      63.32443256843041
    ]
  ],
  "bboxes": [],
  "categories": [],
  "control_points": [
    [
      207.79642809137536,
      224.0
    ],
    [
      209.57746639517524,
      170.97706274758204
    ],
    [
      211.35850469897514,
      117.95412549516408
    ],
    [
      213.1935138604659,
      63.32443256843044
    ]
  ]
}