{
  "image_path": "/home/quynhthu/Documents/AI-project/e2e/data/raw/IMG_5052_jpg.rf.9f993aaed1705e659c830ffdd50ea5bb.jpg",
  "command": 3,
  "waypoints": [
    [
      83.14040908987978,
      224.0
    ],
    [
      85.91697817066056,
      209.16566333374072
    ],
    [
      88.69354725144132,
      194.33132666748148
    ],
    [
      91.47011633222203,
      179.49699000122214
    ],
    [
      94.24668541300285,
      164.66265333496287
    ],
    [
      97.02325449378358,
      149.82831666870356
    ],
    [
      99.79982357456433,
      134.9939800024443
    ],
    [
      102.5763926553451,
      120.159643336185
    ],
    [
      105.35296173612588,
      105.3253066699257
    ],
    [
      108.12953081690662,
      90.4909700036664
    ]
  ],
  "bboxes": [
    [
      156.10864453279817,
      88.99162270004479,
      67.89135546720183,
      86.9621436100534
    ],
    [
      -1.3228223474709342,
      93.48966461090963,
      53.97650293037797,
      73.4680178774589
    ],
    [
      44.15737919571791,
      62.0033712348558,
      38.983029894161874,
      31.48629337605383
    ],
    [
      93.13605778069052,
      41.01250898415326,
      15.993037905297186,
      13.993908167135025
    ],
    [
      73.64454283360959,
      49.00902793680185,
      24.489339292486292,
      20.99086225070254
    ],
    [
      130.6197403712308,
      44.01120359139648,
      28.487598768810585,
      23.489774423405237
    ]
  ],
  "categories": [
    3,
    3,
    3,
    3,
    3,
    3
  ],
  "control_points": []
}