{
  "image_path": "/home/quynhthu/Documents/AI-project/e2e/data/raw/IMG_5114_jpg.rf.cc1d13ce92ba837b0922e054093d4d30_dup1.jpg",
  "command": 1,
  "waypoints": [
    [
      87.1822444531096,
      223.39146871039617
    ],
    [
      84.25636781611131,
      198.3367566576792
    ],
    [
      81.08154913276647,
      173.31250788756756
    ],
    [
      77.51692685672214,
      148.34108340944047
    ],
    [
      73.3228717618002,
      123.46852615570644
    ],
    [
      68.02736134138249,
      98.81064395437365
    ],
    [
      60.5818428192401,
      74.73616112167821
    ],
    [
      48.29237583507621,
      52.857653777291816
    ],
    [
      27.16025748620931,
      39.52191925582393
    ],
    [
      2.1211126021455358,
      37.25119965990982
    ]
  ],
  "bboxes": [
    [
      0.0,
      58.24031011664122,
      161.74882107570798,
      17.675040384615905
    ],
    [
      172.24337630407368,
      0.0,
      37.00711580528957,
      20.680849299332415
    ]
  ],
  "categories": [
    7,
    0
  ],
  "control_points": []
}