{
  "image_path": "/home/quynhthu/Documents/AI-project/e2e/data/raw/IMG_5005_jpg.rf.87be3691955c0e28cceee3031b25f65b_dup2.jpg",
  "command": 1,
  "waypoints": [
    [
      88.6380158698257,
      220.9341854187465
    ],
    [
      80.23965709318327,
      213.54558314144077
    ],
    [
      71.79200719734288,
      206.21352452529894
    ],
    [
      63.197920845515576,
      199.05464519362252
    ],
    [
      54.232460335445026,
      192.37334448353644
    ],
    [
      44.45039757219188,
      186.98275609822892
    ],
    [
      33.675473793754996,
      184.05514945758395
    ],
    [
      22.538451535533998,
      183.0932724258891
    ],
    [
      11.358229363930047,
      182.75673526729778
    ],
    [
      0.1765249561506741,
      182.45093795912516
    ]
  ],
  "bboxes": [],
  "categories": [],
  "control_points": []
}