{
  "image_path": "/home/quynhthu/Documents/AI-project/e2e/data/raw/IMG_5071_jpg.rf.27462c100080d0b1be1d1109f3534b68.jpg",
  "command": 3,
  "waypoints": [
    [
      116.24912104645311,
      215.22817049079165
    ],
    [
      116.38551679612195,
      198.95161103030995
    ],
    [
      116.52191254579078,
      182.67505156982827
    ],
    [
      116.65830829545962,
      166.39849210934648
    ],
    [
      116.7947040451285,
      150.1219326488647
    ],
    [
      116.9310997947973,
      133.8453731883833
    ],
    [
      117.06749554446614,
      117.56881372790185
    ],
    [
      117.20389129413499,
      101.29225426742042
    ],
    [
      117.34028704380383,
      85.01569480693897
    ],
    [
      117.47668279347266,
      68.73913534645719
    ]
  ],
  "bboxes": [
    [
      7.405312810718582,
      57.69107962328114,
      91.24875652845412,
      21.277736948339083
    ],
    [
      136.70848349677914,
      52.7808326352029,
      44.19222289270425,
      15.95830271125429
    ]
  ],
  "categories": [
    3,
    3
  ],
  "control_points": []
}