{
  "image_path": "/home/quynhthu/Documents/AI-project/e2e/data/raw/IMG_5006_jpg.rf.4e677cc7c3838061d377e12a1d02e1ae_dup2.jpg",
  "command": 3,
  "waypoints": [
    [
      113.62713759685253,
      224.0
    ],
    [
      118.69227269540865,
      205.724790546699
    ],
    [
      123.35522667464382,
      187.34312298604692
    ],
    [
      127.45456281907278,
      168.82808812398844
    ],
    [
      130.79053853953872,
      150.1611802475052
    ],
    [
      133.12398587508068,
      131.34376838469095
    ],
    [
      134.2014826027084,
      112.41425182446613
    ],
    [
      133.79694555123822,
      93.45965393864572
    ],
    [
      131.77248040513885,
      74.60970026775387
    ],
    [
      128.1208281985281,
      56.005982020369366
    ]
  ],
  "bboxes": [],
  "categories": [],
  "control_points": [
    [
      113.62713759685253,
      224.0
    ],
    [
      133.11865254393345,
      155.9624689284767
    ],
    [
      140.61538906204154,
      107.98335521258518
    ],
    [
      128.1208281985281,
      56.005982020369366
    ]
  ]
}