{
  "image_path": "/home/quynhthu/Documents/AI-project/e2e/data/raw/IMG_5114_jpg.rf.c9ed0729f843450e2f4b016207510bd3.jpg",
  "command": 0,
  "waypoints": [
    [
      70.35311887239246,
      218.12112937144678
    ],
    [
      68.96483433200207,
      200.3510872544499
    ],
    [
      67.5765497916117,
      182.58104513745306
    ],
    [
      66.18826525122131,
      164.81100302045624
    ],
    [
      64.79998071083097,
      147.04096090345942
    ],
    [
      63.41169617044057,
      129.27091878646263
    ],
    [
      62.0234116300502,
      111.50087666946582
    ],
    [
      60.63512708965982,
      93.73083455246902
    ],
    [
      59.246842549269424,
      75.96079243547194
    ],
    [
      57.85855800887904,
      58.19075031847505
    ]
  ],
  "bboxes": [
    [
      171.80895308412138,
      -1.7831418263893533,
      30.486728506972725,
      27.987816334270043
    ],
    [
      0.0,
      60.17731035107697,
      161.0620893278306,
      12.275617470195613
    ]
  ],
  "categories": [
    3,
    7
  ],
  "control_points": []
}