{
  "image_path": "/home/quynhthu/Documents/AI-project/e2e/data/raw/IMG_5076_jpg.rf.367e739d0c7ae79246db13647fd16203.jpg",
  "command": 0,
  "waypoints": [
    [
      139.9819814888313,
      214.00060874377206
    ],
    [
      138.43616299258446,
      197.40579253406315
    ],
    [
      136.8903444963376,
      180.81097632435427
    ],
    [
      135.34452600009072,
      164.21616011464536
    ],
    [
      133.7987075038439,
      147.62134390493645
    ],
    [
      132.25288900759702,
      131.02652769522754
    ],
    [
      130.70707051135017,
      114.43171148551868
    ],
    [
      129.16125201510332,
      97.8368952758098
    ],
    [
      127.61543351885646,
      81.24207906610089
    ],
    [
      126.06961502260961,
      64.647262856392
    ]
  ],
  "bboxes": [],
  "categories": [],
  "control_points": [
    [
      139.9819814888313,
      214.00060874377206
    ],
    [
      135.39090055497815,
      164.71400460093665
    ],
    [
      130.79981962112498,
      115.42740045810123
    ],
    [
      126.06961502260961,
      64.647262856392
    ]
  ]
}