{
  "image_path": "/home/quynhthu/Documents/AI-project/e2e/data/raw/IMG_5089_jpg.rf.d923bb86297c1e6699c98f36d9c5a5ae.jpg",
  "command": 0,
  "waypoints": [
    [
      139.32377918836707,
      220.57038663233521
    ],
    [
      137.05302747228797,
      205.65707130781553
    ],
    [
      134.78227575620883,
      190.74375598329587
    ],
    [
      132.51152404012967,
      175.83044065877618
    ],
    [
      130.24077232405057,
      160.9171253342565
    ],
    [
      127.97002060797143,
      146.0038100097368
    ],
    [
      125.6992688918923,
      131.09049468521718
    ],
    [
      123.4285171758132,
      116.17717936069751
    ],
    [
      121.15776545973407,
      101.26386403617781
    ],
    [
      118.88701374365495,
      86.35054871165815
    ]
  ],
  "bboxes": [
    [
      16.512828825209944,
      75.69695087924545,
      60.633015370942225,
      25.825173213549462
    ],
    [
      147.86490484067122,
      61.49595655863432,
      8.686461423007302,
      8.438276810921366
    ],
    [
      77.87684423244106,
      63.97780267949355,
      8.43827681092138,
      7.941907586749522
    ]
  ],
  "categories": [
    3,
    8,
    8
  ],
  "control_points": [
    [
      139.32377918836707,
      220.57038663233521
    ],
    [
      132.57964659161206,
      176.2778401185118
    ],
    [
      125.83551399485707,
      131.98529360468837
    ],
    [
      118.88701374365495,
      86.35054871165815
    ]
  ]
}