{
  "image_path": "/home/quynhthu/Documents/AI-project/e2e/data/raw/IMG_5223_jpg.rf.d8beb324495e22236f92fff08233ed4e.jpg",
  "command": 0,
  "waypoints": [
    [
      114.02206285342676,
      220.51455559319322
    ],
    [
      111.06688614165871,
      198.79887277796092
    ],
    [
      104.3973519679433,
      177.90786019898442
    ],
    [
      95.15098777483874,
      158.01008535303816
    ],
    [
      84.31953433993752,
      138.92182868879496
    ],
    [
      72.63137780877476,
      120.3426928741109
    ],
    [
      60.611388769078125,
      101.97550404677621
    ],
    [
      48.66474308046153,
      83.56068606943384
    ],
    [
      37.13154226822026,
      64.88496079518534
    ],
    [
      26.31941910570506,
      45.78390381888611
    ]
  ],
  "bboxes": [],
  "categories": [],
  "control_points": [
    [
      114.02206285342676,
      220.51455559319322
    ],
    [
      112.0,
      162.5
    ],
    [
      62.0,
      112.5
    ],
    [
      26.31941910570506,
      45.78390381888611
    ]
  ]
}