{
  "image_path": "/home/quynhthu/Documents/AI-project/e2e/data/raw/IMG_5212_jpg.rf.135db41a2db2c62ea6a3eba386597d53.jpg",
  "command": 0,
  "waypoints": [
    [
      127.51477727615318,
      218.49064842978427
    ],
    [
      130.19073657611335,
      198.64709892262402
    ],
    [
      132.88749944446525,
      178.8063605721209
    ],
    [
      135.29622327516017,
      158.92922232861488
    ],
    [
      136.66368145367332,
      138.95881110771708
    ],
    [
      135.10445068813198,
      119.03883630220602
    ],
    [
      127.4444948000985,
      100.67676210486762
    ],
    [
      113.92981501984694,
      85.98689692357627
    ],
    [
      97.88823374589717,
      74.02275010197548
    ],
    [
      80.96491251774705,
      63.32443256843044
    ]
  ],
  "bboxes": [],
  "categories": [],
  "control_points": [
    [
      127.51477727615318,
      218.49064842978427
    ],
    [
      141.00749169887962,
      115.94601881706349
    ],
    [
      149.10312035251545,
      104.47721155774602
    ],
    [
      80.96491251774705,
      63.32443256843044
    ]
  ]
}