{
  "image_path": "/home/quynhthu/Documents/AI-project/e2e/data/raw/IMG_5236_jpg.rf.6143bf8e6f2c956cb4f131ec34c181a1.jpg",
  "command": 0,
  "waypoints": [
    [
      160.57192761183293,
      224.0
    ],
    [
      160.6753481447077,
      208.53121331711498
    ],
    [
      160.25127724509227,
      193.0685172424896
    ],
    [
      159.09587175092457,
      177.64403918865983
    ],
    [
      156.96953561620322,
      162.32470764906319
    ],
    [
      153.53711550978244,
      147.24751537702602
    ],
    [
      148.29635105780895,
      132.7075659855457
    ],
    [
      140.50847838437744,
      119.37868801961788
    ],
    [
      129.4430976790361,
      108.66622619517466
    ],
    [
      115.37133429569941,
      102.45330439433707
    ]
  ],
  "bboxes": [],
  "categories": [],
  "control_points": [
    [
      160.57192761183293,
      224.0
    ],
    [
      161.24656333296923,
      187.45740525751347
    ],
    [
      160.57192761183293,
      113.24747593251819
    ],
    [
      115.37133429569941,
      102.45330439433707
    ]
  ]
}