{
  "image_path": "/home/quynhthu/Documents/AI-project/e2e/data/raw/IMG_5078_jpg.rf.c07a6e6488f9ec68d53c95313fc362d5.jpg",
  "command": 1,
  "waypoints": [
    [
      145.3014157259161,
      218.09248123383728
    ],
    [
      144.3011802283446,
      201.45219977423875
    ],
    [
      143.3009447307731,
      184.81191831464025
    ],
    [
      142.30070923320156,
      168.17163685504175
    ],
    [
      141.30047373563013,
      151.53135539544326
    ],
    [
      140.30023823805863,
      134.89107393584476
    ],
    [
      139.30000274048712,
      118.25079247624627
    ],
    [
      138.2997672429156,
      101.61051101664778
    ],
    [
      137.29953174534415,
      84.97022955704922
    ],
    [
      136.29929624777265,
      68.32994809745068
    ]
  ],
  "bboxes": [
    [
      174.35371040537905,
      44.59708765507248,
      47.46572088475642,
      27.824732932443418
    ],
    [
      71.64771090474234,
      51.55327088818332,
      33.55335441853471,
      17.18586445827387
    ],
    [
      0.03994232860120872,
      67.51157359943764,
      46.64734638674337,
      55.64946586488682
    ],
    [
      154.71272245306605,
      40.09602791600075,
      7.365370482117385,
      7.774557731123885
    ],
    [
      104.79187807427053,
      43.36952590805292,
      6.546995984104328,
      8.592932229136927
    ]
  ],
  "categories": [
    3,
    3,
    3,
    8,
    8
  ],
  "control_points": []
}