{
  "image_path": "/home/quynhthu/Documents/AI-project/e2e/data/raw/IMG_5079_jpg.rf.b8bac1e89e14c0bef7f501b8c377c717.jpg",
  "command": 0,
  "waypoints": [
    [
      135.07173450075308,
      223.00272822191556
    ],
    [
      134.1624295029608,
      205.49860701441446
    ],
    [
      133.25312450516856,
      187.99448580691333
    ],
    [
      132.34381950737622,
      170.4903645994123
    ],
    [
      131.43451450958403,
      152.98624339191116
    ],
    [
      130.5252095117917,
      135.48212218440983
    ],
    [
      129.61590451399945,
      117.97800097690852
    ],
    [
      128.70659951620718,
      100.47387976940718
    ],
    [
      127.7972945184149,
      82.96975856190609
    ],
    [
      126.88798952062264,
      65.465637354405
    ]
  ],
  "bboxes": [
    [
      146.30329849584442,
      42.1246770682943,
      6.737001707882456,
      5.838734813498135
    ],
    [
      96.4494858575141,
      45.268611198639455,
      8.084402049458987,
      6.73700170788247
    ],
    [
      168.00694348417022,
      43.534901332021356,
      45.480201543188855,
      30.48672850697273
    ],
    [
      64.55197953427911,
      52.530985153751026,
      33.98520554875651,
      16.992602774378234
    ],
    [
      -1.4193018250717386,
      71.52271766629143,
      40.482377197783485,
      52.47715562675636
    ]
  ],
  "categories": [
    8,
    8,
    3,
    3,
    3
  ],
  "control_points": []
}