{
  "image_path": "/home/quynhthu/Documents/AI-project/e2e/data/raw/IMG_5091_jpg.rf.9cca105a457c225ad50cafb76b70588b.jpg",
  "command": 0,
  "waypoints": [
    [
      53.771238221959806,
      217.6880673563193
    ],
    [
      49.10660216624813,
      203.97181609726238
    ],
    [
      44.44196611053648,
      190.25556483820546
    ],
    [
      39.77733005482481,
      176.5393135791485
    ],
    [
      35.11269399911312,
      162.82306232009157
    ],
    [
      30.44805794340144,
      149.1068110610346
    ],
    [
      25.783421887689762,
      135.39055980197762
    ],
    [
      21.11878583197807,
      121.67430854292063
    ],
    [
      16.454149776266387,
      107.95805728386365
    ],
    [
      11.789513720554723,
      94.24180602480673
    ]
  ],
  "bboxes": [
    [
      33.54742548400033,
      58.54259225000946,
      10.609667940713017,
      9.700267831509038
    ],
    [
      80.83623116260691,
      70.97106040913042,
      118.71428341616615,
      61.98333948987968
    ]
  ],
  "categories": [
    8,
    3
  ],
  "control_points": []
}