{
  "image_path": "/home/quynhthu/Documents/AI-project/e2e/data/raw/IMG_5227_jpg.rf.42936dbae017cbffdd1a48bf624ff9df.jpg",
  "command": 0,
  "waypoints": [
    [
      142.35676314115224,
      222.53846275660217
    ],
    [
      140.63340073438974,
      205.55677215251794
    ],
    [
      139.08661932307814,
      188.55784156755735
    ],
    [
      137.41591895815836,
      171.57084698102773
    ],
    [
      135.26155146377826,
      154.63939995342687
    ],
    [
      132.15023121406801,
      137.8602096954287
    ],
    [
      127.40638313855942,
      121.47518561973023
    ],
    [
      120.10866181853345,
      106.07650765942286
    ],
    [
      109.33189631632038,
      92.91407749596378
    ],
    [
      95.13226266160979,
      83.56350420252008
    ]
  ],
  "bboxes": [],
  "categories": [],
  "control_points": [
    [
      142.35676314115224,
      222.53846275660217
    ],
    [
      135.61040592978904,
      162.4958835754696
    ],
    [
      137.63431309319802,
      103.12794011547336
    ],
    [
      95.13226266160979,
      83.56350420252008
    ]
  ]
}