{
  "image_path": "/home/quynhthu/Documents/AI-project/e2e/data/raw/IMG_5059_jpg.rf.2d57d453aaaf18340038deed14a08e72.jpg",
  "command": 0,
  "waypoints": [
    [
      99.13344699517697,
      224.0
    ],
    [
      112.57204134615586,
      214.77433287691784
    ],
    [
      126.01063569713475,
      205.54866575383568
    ],
    [
      139.44923004811358,
      196.3229986307535
    ],
    [
      152.8878243990925,
      187.09733150767147
    ],
    [
      166.32641875007133,
      177.87166438458925
    ],
    [
      179.76501310105022,
      168.6459972615071
    ],
    [
      193.2036074520291,
      159.420330138425
    ],
    [
      206.64220180300796,
      150.19466301534283
    ],
    [
      220.08079615398688,
      140.9689958922606
    ]
  ],
  "bboxes": [
    [
      -2.8221696510925427,
      73.99814966382868,
      126.94473837329633,
      89.46105578275609
    ],
    [
      147.61234314560903,
      52.00772254404506,
      76.38765685439097,
      41.48194206686457
    ]
  ],
  "categories": [
    3,
    3
  ],
  "control_points": []
}