{
  "image_path": "/home/quynhthu/Documents/AI-project/e2e/data/raw/IMG_5220_jpg.rf.d9c11f3f16b3a014a266db7526aaee51.jpg",
  "command": 3,
  "waypoints": [
    [
      101.87861987297299,
      223.88773419887482
    ],
    [
      104.23643105337399,
      204.54221186114412
    ],
    [
      106.76496604333957,
      185.21829285688133
    ],
    [
      109.51328309758453,
      165.92446214146554
    ],
    [
      112.54916271308484,
      146.67389581989502
    ],
    [
      115.97543433850123,
      127.48918635568788
    ],
    [
      119.94552788443886,
      108.41006358907029
    ],
    [
      124.6745650080767,
      89.5056341372517
    ],
    [
      130.37524658797727,
      70.87189153399936
    ],
    [
      136.9596773720617,
      52.53026103024932
    ]
  ],
  "bboxes": [],
  "categories": [],
  "control_points": [
    [
      101.87861987297299,
      223.88773419887482
    ],
    [
      114.69669857456309,
      115.27138309592713
    ],
    [
      124.8162343916079,
      84.91277564479273
    ],
    [
      136.9596773720617,
      52.53026103024932
    ]
  ]
}