{
  "image_path": "/home/quynhthu/Documents/AI-project/e2e/data/raw/IMG_5091_jpg.rf.321539ccc7c4ece68f8a0cfc411cf473.jpg",
  "command": 0,
  "waypoints": [
    [
      53.94013599737676,
      220.26684705701442
    ],
    [
      48.72354421719495,
      205.84450507651178
    ],
    [
      43.50695243701314,
      191.42216309600914
    ],
    [
      38.290360656831346,
      176.9998211155065
    ],
    [
      33.073768876649524,
      162.5774791350038
    ],
    [
      27.85717709646778,
      148.15513715450135
    ],
    [
      22.640585316286042,
      133.73279517399888
    ],
    [
      17.42399353610429,
      119.31045319349641
    ],
    [
      12.207401755922552,
      104.88811121299396
    ],
    [
      6.990809975740738,
      90.46576923249131
    ]
  ],
  "bboxes": [
    [
      82.6620766223776,
      73.34307385989466,
      121.5159026442344,
      65.17671141827118
    ],
    [
      32.88337011762172,
      58.521048949293956,
      13.699173553719007,
      10.73719008264463
    ]
  ],
  "categories": [
    3,
    8
  ],
  "control_points": []
}