{
  "image_path": "/home/quynhthu/Documents/AI-project/e2e/data/raw/IMG_5006_jpg.rf.a2be9a8df86c0df8bf8cbe00a5f9b925.jpg",
  "command": 0,
  "waypoints": [
    [
      113.62713759685253,
      224.0
    ],
    [
      118.79395043450863,
      205.31477402876902
    ],
    [
      123.49070274310169,
      186.5063538607133
    ],
    [
      127.4830486307864,
      167.53676627651993
    ],
    [
      130.47222227506828,
      148.3848931968868
    ],
    [
      132.1124084898468,
      129.07275351583448
    ],
    [
      132.05850929397354,
      109.69347831561456
    ],
    [
      130.0562410489787,
      90.41940116028974
    ],
    [
      126.0330696090119,
      71.46383772043167
    ],
    [
      120.1243092458795,
      53.00728741312614
    ]
  ],
  "bboxes": [],
  "categories": [],
  "control_points": [
    [
      113.62713759685253,
      224.0
    ],
    [
      133.11865254393345,
      155.9624689284767
    ],
    [
      140.61538906204154,
      107.98335521258518
    ],
    [
      120.1243092458795,
      53.00728741312614
    ]
  ]
}