{
  "image_path": "/home/quynhthu/Documents/AI-project/e2e/data/raw/IMG_5087_jpg.rf.533ea1338363c6e8c3d89c4e0aeef89a.jpg",
  "command": 0,
  "waypoints": [
    [
      166.28131873885067,
      220.2185850740562
    ],
    [
      162.69897159310085,
      204.9867497824869
    ],
    [
      159.11662444735103,
      189.7549144909176
    ],
    [
      155.53427730160124,
      174.52307919934836
    ],
    [
      151.9519301558515,
      159.29124390777912
    ],
    [
      148.3695830101016,
      144.05940861620977
    ],
    [
      144.7872358643518,
      128.8275733246404
    ],
    [
      141.20488871860195,
      113.59573803307103
    ],
    [
      137.62254157285216,
      98.36390274150163
    ],
    [
      134.04019442710234,
      83.13206744993236
    ]
  ],
  "bboxes": [
    [
      160.1419974700142,
      55.826813299987926,
      11.378996963906559,
      10.15981871777371
    ],
    [
      91.66481931221944,
      62.329097279363104,
      9.347033220351804,
      7.721462225508013
    ],
    [
      35.89124101621684,
      73.55639286256053,
      52.90995617497805,
      27.133310858963114
    ]
  ],
  "categories": [
    8,
    8,
    3
  ],
  "control_points": []
}