{
  "image_path": "/home/quynhthu/Documents/AI-project/e2e/data/raw/IMG_5074_jpg.rf.6d0fc321598f79e51238dced869d585f.jpg",
  "command": 0,
  "waypoints": [
    [
      101.51838008221837,
      217.27410673582426
    ],
    [
      101.9730325811145,
      200.31556852699848
    ],
    [
      102.42768508001063,
      183.35703031817263
    ],
    [
      102.88233757890674,
      166.39849210934682
    ],
    [
      103.33699007780292,
      149.439953900521
    ],
    [
      103.79164257669903,
      132.48141569169516
    ],
    [
      104.24629507559516,
      115.52287748286933
    ],
    [
      104.70094757449131,
      98.5643392740435
    ],
    [
      105.15560007338742,
      81.60580106521782
    ],
    [
      105.61025257228356,
      64.647262856392
    ]
  ],
  "bboxes": [
    [
      0.4491295776077309,
      46.233836651098564,
      88.793633034415,
      25.36960943840429
    ],
    [
      126.06961502260961,
      42.96033865904639,
      42.555473896678166,
      18.004238956286926
    ]
  ],
  "categories": [
    3,
    3
  ],
  "control_points": []
}