{
  "image_path": "/home/quynhthu/Documents/AI-project/e2e/data/raw/IMG_5079_jpg.rf.a757fe04f30373e0d25b6af6fa6f2b4e.jpg",
  "command": 1,
  "waypoints": [
    [
      135.07173450075308,
      223.00272822191556
    ],
    [
      134.1624295029608,
      205.49860701441446
    ],
    [
      133.25312450516856,
      187.99448580691333
    ],
    [
      132.34381950737622,
      170.4903645994123
    ],
    [
      131.43451450958403,
      152.98624339191116
    ],
    [
      130.5252095117917,
      135.48212218440983
    ],
    [
      129.61590451399945,
      117.97800097690852
    ],
    [
      128.70659951620718,
      100.47387976940718
    ],
    [
      127.7972945184149,
      82.96975856190609
    ],
    [
      126.88798952062264,
      65.465637354405
    ]
  ],
  "bboxes": [
    [
      166.57915267425517,
      45.415462153085514,
      51.148406125815086,
      28.643107430456467
    ],
    [
      62.23640417759236,
      54.41758163122898,
      34.37172891654775,
      13.912366466221705
    ],
    [
      1.2675040756207714,
      72.8310078365224,
      32.73497992052166,
      43.78303564369773
    ],
    [
      146.0977604640223,
      41.53398541615335,
      6.9720675038971365,
      6.66893413416247
    ],
    [
      95.77762108806911,
      44.565319113499925,
      7.578334243366442,
      7.578334243366442
    ]
  ],
  "categories": [
    3,
    3,
    3,
    8,
    8
  ],
  "control_points": []
}