{
  "image_path": "/home/quynhthu/Documents/AI-project/e2e/data/raw/IMG_4996_jpg.rf.bf008331e60d5001e5f64893a1909d08.jpg",
  "command": 0,
  "waypoints": [
    [
      121.12387411496059,
      224.0
    ],
    [
      121.29046825980743,
      206.6112197794224
    ],
    [
      121.4570624046543,
      189.22243955884483
    ],
    [
      121.62365654950109,
      171.8336593382672
    ],
    [
      121.79025069434799,
      154.44487911768962
    ],
    [
      121.95684483919482,
      137.05609889711207
    ],
    [
      122.12343898404167,
      119.66731867653449
    ],
    [
      122.29003312888851,
      102.2785384559569
    ],
    [
      122.45662727373535,
      84.88975823537929
    ],
    [
      122.62322141858219,
      67.50097801480172
    ]
  ],
  "bboxes": [],
  "categories": [],
  "control_points": [
    [
      121.12387411496059,
      224.0
    ],
    [
      121.61865872515571,
      172.35532274488457
    ],
    [
      122.11344333535085,
      120.71064548976913
    ],
    [
      122.62322141858219,
      67.50097801480172
    ]
  ]
}