{
  "image_path": "/home/quynhthu/Documents/AI-project/e2e/data/raw/IMG_5190_jpg.rf.6474567916c1b4b7ae1c06fbeb523e36.jpg",
  "command": 0,
  "waypoints": [
    [
      91.60100454926358,
      222.83912369837694
    ],
    [
      78.02243714923783,
      209.28042356224807
    ],
    [
      65.95593526572235,
      194.36968433384587
    ],
    [
      55.89017479846182,
      178.04768821070698
    ],
    [
      48.505910962734845,
      160.35886974043453
    ],
    [
      44.62467975446864,
      141.59807730322277
    ],
    [
      45.033248632944364,
      122.45325609359537
    ],
    [
      50.04634581180785,
      103.97399555529576
    ],
    [
      59.25049808454824,
      87.17667845311482
    ],
    [
      71.71658411657069,
      72.60128042914165
    ]
  ],
  "bboxes": [
    [
      158.7694138800432,
      57.2293007522102,
      22.33661508773301,
      25.31483043276412
    ],
    [
      123.03082973967035,
      34.892685664477185,
      14.3947075009835,
      10.175569095522818
    ]
  ],
  "categories": [
    11,
    10
  ],
  "control_points": []
}