{
  "image_path": "/home/quynhthu/Documents/AI-project/e2e/data/raw/IMG_5064_jpg.rf.a22f30e3b2314dfbb7c59210e6c5a8c5.jpg",
  "command": 0,
  "waypoints": [
    [
      1.6766913246272916,
      206.6352382616547
    ],
    [
      8.76927030740698,
      193.26845479410838
    ],
    [
      15.861849290186644,
      179.90167132656208
    ],
    [
      22.954428272966304,
      166.53488785901575
    ],
    [
      30.04700725574605,
      153.16810439146946
    ],
    [
      37.13958623852574,
      139.80132092392302
    ],
    [
      44.23216522130549,
      126.43453745637657
    ],
    [
      51.324744204085185,
      113.06775398883022
    ],
    [
      58.41732318686488,
      99.70097052128389
    ],
    [
      65.50990216964453,
      86.3341870537376
    ]
  ],
  "bboxes": [
    [
      101.51838008221837,
      57.69107962328114,
      54.01271686886072,
      29.870669177476017
    ],
    [
      38.50354373521416,
      58.50945412129418,
      25.369609438404282,
      14.73074096423474
    ],
    [
      -0.3692449204053115,
      68.32994809745068,
      31.91660542250862,
      24.551234940391254
    ]
  ],
  "categories": [
    3,
    3,
    3
  ],
  "control_points": []
}