{
  "image_path": "/home/quynhthu/Documents/AI-project/e2e/data/raw/IMG_5064_jpg.rf.7e93717e829626a7345467a8cf975341.jpg",
  "command": 0,
  "waypoints": [
    [
      12.724747047803353,
      202.54336577158952
    ],
    [
      19.04441678245962,
      189.8130958024978
    ],
    [
      25.36408651711586,
      177.08282583340605
    ],
    [
      31.6837562517721,
      164.3525558643143
    ],
    [
      38.0034259864284,
      151.62228589522255
    ],
    [
      44.32309572108467,
      138.89201592613074
    ],
    [
      50.642765455740914,
      126.161745957039
    ],
    [
      56.962435190397194,
      113.43147598794724
    ],
    [
      63.28210492505347,
      100.70120601885544
    ],
    [
      69.60177465970973,
      87.97093604976368
    ]
  ],
  "bboxes": [
    [
      101.51838008221837,
      58.10026687228766,
      54.42190411786727,
      29.870669177476017
    ],
    [
      39.73110548223372,
      59.32782861930722,
      24.960422189397768,
      13.093991968208677
    ],
    [
      -1.187619418418354,
      69.14832259546372,
      29.87066917747602,
      21.686924197345604
    ]
  ],
  "categories": [
    3,
    3,
    3
  ],
  "control_points": []
}