{
  "image_path": "/home/quynhthu/Documents/AI-project/e2e/data/raw/IMG_5053_jpg.rf.b9421d6a71f53b161f0d621c70c3bf64.jpg",
  "command": 0,
  "waypoints": [
    [
      94.13562264977159,
      224.0
    ],
    [
      96.3568779143962,
      209.33225747858756
    ],
    [
      98.57813317902082,
      194.66451495717513
    ],
    [
      100.79938844364538,
      179.99677243576267
    ],
    [
      103.02064370827006,
      165.32902991435023
    ],
    [
      105.24189897289463,
      150.6612873929378
    ],
    [
      107.46315423751925,
      135.99354487152536
    ],
    [
      109.68440950214385,
      121.32580235011292
    ],
    [
      111.90566476676845,
      106.65805982870047
    ],
    [
      114.12692003139307,
      91.99031730728801
    ]
  ],
  "bboxes": [
    [
      165.10472835452782,
      96.98814165269337,
      58.89527164547218,
      84.96301387189126
    ],
    [
      134.11821741301455,
      43.011638722315396,
      25.488904161567376,
      25.488904161567376
    ],
    [
      98.13388212609588,
      42.012073853234334,
      12.994343298053963,
      15.493255470756637
    ],
    [
      77.14301987539335,
      52.00772254404506,
      23.989556857945757,
      20.99086225070254
    ],
    [
      48.15563867204221,
      67.00119558026117,
      43.481071805026694,
      33.485423114215976
    ],
    [
      0.6763073906912151,
      102.48574843263928,
      58.474544841242796,
      68.47019353205353
    ]
  ],
  "categories": [
    3,
    3,
    3,
    3,
    3,
    3
  ],
  "control_points": [
    [
      94.13562264977159,
      224.0
    ],
    [
      100.73275078570668,
      180.43680471140505
    ],
    [
      107.32987892164176,
      136.8736094228101
    ],
    [
      114.12692003139307,
      91.99031730728801
    ]
  ]
}