{
  "image_path": "/home/quynhthu/Documents/AI-project/e2e/data/raw/IMG_5087_jpg.rf.fee90be96d4bfffd0d44d630c8525e68.jpg",
  "command": 3,
  "waypoints": [
    [
      166.28131873885067,
      220.2185850740562
    ],
    [
      162.69897159310085,
      204.9867497824869
    ],
    [
      159.11662444735103,
      189.75491449091757
    ],
    [
      155.5342773016012,
      174.52307919934825
    ],
    [
      151.95193015585144,
      159.29124390777892
    ],
    [
      148.36958301010156,
      144.05940861620962
    ],
    [
      144.78723586435177,
      128.8275733246403
    ],
    [
      141.20488871860195,
      113.59573803307097
    ],
    [
      137.62254157285216,
      98.36390274150166
    ],
    [
      134.04019442710234,
      83.13206744993236
    ]
  ],
  "bboxes": [
    [
      35.18331095123769,
      75.29935693089293,
      54.976067799459045,
      22.989991988864688
    ],
    [
      162.29627528072982,
      56.21827418266117,
      7.578334243366442,
      10.003401201243697
    ],
    [
      91.05993339308529,
      63.19034168655829,
      9.397134461774385,
      6.062667394693143
    ]
  ],
  "categories": [
    3,
    8,
    8
  ],
  "control_points": [
    [
      166.28131873885067,
      220.2185850740562
    ],
    [
      155.6417477159737,
      174.98003425809532
    ],
    [
      145.00217669309677,
      129.74148344213447
    ],
    [
      134.04019442710234,
      83.13206744993236
    ]
  ]
}