{
  "image_path": "/home/quynhthu/Documents/AI-project/e2e/data/raw/IMG_5052_jpg.rf.368b8effe84400d9c346a25c1cb19358.jpg",
  "command": 0,
  "waypoints": [
    [
      83.14040908987978,
      224.0
    ],
    [
      85.91697817066056,
      209.16566333374072
    ],
    [
      88.69354725144132,
      194.33132666748148
    ],
    [
      91.47011633222203,
      179.49699000122214
    ],
    [
      94.24668541300285,
      164.66265333496287
    ],
    [
      97.02325449378358,
      149.82831666870356
    ],
    [
      99.79982357456433,
      134.9939800024443
    ],
    [
      102.5763926553451,
      120.159643336185
    ],
    [
      105.35296173612588,
      105.3253066699257
    ],
    [
      108.12953081690662,
      90.4909700036664
    ]
  ],
  "bboxes": [
    [
      154.109514794636,
      87.49227539642318,
      68.47019353205354,
      92.95953282453986
    ],
    [
      130.11995793669024,
      42.012073853234334,
      26.988251465188995,
      24.989121727026834
    ],
    [
      94.13562264977159,
      40.512726549612715,
      14.993473036216116,
      13.993908167135032
    ],
    [
      73.64454283360959,
      51.008157674963996,
      23.489774423405223,
      19.991297381621465
    ],
    [
      45.15694406479899,
      63.00293610393688,
      39.98259476324294,
      29.98694607243221
    ],
    [
      1.6758722597722873,
      93.98944704545015,
      51.977373192215836,
      73.96780031199945
    ]
  ],
  "categories": [
    3,
    3,
    3,
    3,
    3,
    3
  ],
  "control_points": []
}