{
  "image_path": "/home/quynhthu/Documents/AI-project/e2e/data/raw/values_1_mp4-18_jpg.rf.42777d21d44d89aa87669c319467c22b.jpg",
  "command": 0,
  "waypoints": [
    [
      123.75862942709263,
      224.0
    ],
    [
      123.00157044957292,
      206.44864691742725
    ],
    [
      122.24451147205322,
      188.89729383485448
    ],
    [
      121.48745249453347,
      171.34594075228165
    ],
    [
      120.7303935170138,
      153.79458766970893
    ],
    [
      119.97333453949406,
      136.2432345871364
    ],
    [
      119.21627556197437,
      118.6918815045639
    ],
    [
      118.45921658445467,
      101.14052842199139
    ],
    [
      117.70215760693496,
      83.58917533941863
    ],
    [
      116.94509862941524,
      66.03782225684589
    ]
  ],
  "bboxes": [
    [
      143.4421628426051,
      39.540758043656055,
      43.53089120738332,
      16.6552975054336
    ],
    [
      141.92804488756565,
      34.61987468977794,
      10.977355174035807,
      9.841766707756229
    ]
  ],
  "categories": [
    3,
    8
  ],
  "control_points": []
}