{
  "image_path": "/home/quynhthu/Documents/AI-project/e2e/data/raw/values_3_mp4-10_jpg.rf.ada4a55d94ed006946f5e9c8566b7689.jpg",
  "command": 0,
  "waypoints": [
    [
      60.09444876593268,
      222.4480681790806
    ],
    [
      59.71591927717283,
      207.1807121324332
    ],
    [
      59.337389788412985,
      191.91335608578584
    ],
    [
      58.958860299653125,
      176.6460000391383
    ],
    [
      58.58033081089328,
      161.37864399249077
    ],
    [
      58.201801322133406,
      146.11128794584323
    ],
    [
      57.82327183337356,
      130.8439318991957
    ],
    [
      57.44474234461371,
      115.57657585254816
    ],
    [
      57.06621285585385,
      100.30921980590063
    ],
    [
      56.687683367093996,
      85.04186375925332
    ]
  ],
  "bboxes": [
    [
      30.19061915390416,
      68.00803676505986,
      57.15795280273806,
      4.920883353878111
    ]
  ],
  "categories": [
    7
  ],
  "control_points": []
}