{
  "image_path": "/home/quynhthu/Documents/AI-project/e2e/data/raw/values_1_mp4-102_jpg.rf.1ac629b714d8d61e6bf5a07dd8dc9f42.jpg",
  "command": 0,
  "waypoints": [
    [
      112.02421527553712,
      224.0
    ],
    [
      112.06627410762155,
      206.53276458159618
    ],
    [
      112.10833293970597,
      189.0655291631924
    ],
    [
      112.15039177179038,
      171.5982937447886
    ],
    [
      112.19245060387486,
      154.13105832638485
    ],
    [
      112.23450943595925,
      136.66382290798106
    ],
    [
      112.27656826804368,
      119.19658748957727
    ],
    [
      112.31862710012811,
      101.7293520711735
    ],
    [
      112.36068593221255,
      84.26211665276945
    ],
    [
      112.40274476429697,
      66.7948812343656
    ]
  ],
  "bboxes": [
    [
      79.4706792421896,
      75.87958896460212,
      63.21442462289575,
      6.813530797677373
    ],
    [
      146.09186926392405,
      31.591638779699096,
      14.76265006163436,
      20.06206290427231
    ]
  ],
  "categories": [
    7,
    5
  ],
  "control_points": []
}