{
  "image_path": "/home/quynhthu/Documents/AI-project/e2e/data/raw/values_3_mp4-24_jpg.rf.9e026b53a01caffbb7c97b3b885b278c.jpg",
  "command": 0,
  "waypoints": [
    [
      84.69886553532324,
      224.0
    ],
    [
      86.33915998661595,
      208.68638358061474
    ],
    [
      87.97945443790864,
      193.37276716122946
    ],
    [
      89.61974888920135,
      178.05915074184415
    ],
    [
      91.26004334049411,
      162.74553432245884
    ],
    [
      92.90033779178675,
      147.43191790307364
    ],
    [
      94.54063224307947,
      132.11830148368847
    ],
    [
      96.18092669437218,
      116.80468506430334
    ],
    [
      97.82122114566488,
      101.4910686449182
    ],
    [
      99.46151559695757,
      86.17745222553287
    ]
  ],
  "bboxes": [
    [
      69.9362154736889,
      71.79333165265841,
      63.21442462289575,
      9.084707730236502
    ],
    [
      136.37660068724202,
      30.132860861959642,
      15.141179550394156,
      18.547944949232885
    ]
  ],
  "categories": [
    7,
    0
  ],
  "control_points": []
}