{
  "image_path": "/home/quynhthu/Documents/AI-project/e2e/data/raw/values_1_mp4-40_jpg.rf.627422f370197d94cd8372868702e1e5.jpg",
  "command": 3,
  "waypoints": [
    [
      103.24681048455614,
      221.6910092015609
    ],
    [
      103.87769296582256,
      204.6151233752831
    ],
    [
      104.50857544708897,
      187.53923754900535
    ],
    [
      105.13945792835537,
      170.4633517227276
    ],
    [
      105.77034040962184,
      153.3874658964498
    ],
    [
      106.40122289088825,
      136.31158007017174
    ],
    [
      107.03210537215469,
      119.2356942438937
    ],
    [
      107.6629878534211,
      102.15980841761564
    ],
    [
      108.29387033468753,
      85.08392259133772
    ],
    [
      108.92475281595395,
      68.00803676505986
    ]
  ],
  "bboxes": [
    [
      165.70417612993214,
      32.42626482163351,
      17.033826994193504,
      25.740005235670125
    ],
    [
      128.6082862314664,
      34.31891226543278,
      8.327648752716811,
      9.463237218996376
    ],
    [
      151.32005555705766,
      42.64656101814959,
      63.592954111655644,
      28.389711656989114
    ]
  ],
  "categories": [
    8,
    8,
    3
  ],
  "control_points": []
}