{
  "image_path": "/home/quynhthu/Documents/AI-project/e2e/data/raw/values_1_mp4-42_jpg.rf.03372279f6c8da293e445b2d291afcc2.jpg",
  "command": 1,
  "waypoints": [
    [
      103.24681048455614,
      224.0
    ],
    [
      103.625339973316,
      206.45726548014008
    ],
    [
      104.00386946207584,
      188.91453096028013
    ],
    [
      104.38239895083568,
      171.3717964404202
    ],
    [
      104.76092843959557,
      153.82906192056026
    ],
    [
      105.1394579283554,
      136.28632740070034
    ],
    [
      105.51798741711525,
      118.7435928808404
    ],
    [
      105.8965169058751,
      101.20085836098048
    ],
    [
      106.27504639463497,
      83.6581238411205
    ],
    [
      106.65357588339481,
      66.11538932126058
    ]
  ],
  "bboxes": [
    [
      172.8962364163694,
      33.561853287913074,
      21.19765137055188,
      28.76824114574896
    ],
    [
      130.87946316402554,
      34.69744175419264,
      6.435001308917521,
      10.598825685275933
    ],
    [
      152.0771145345774,
      42.26803152938973,
      63.97148360041547,
      31.41794756706794
    ]
  ],
  "categories": [
    8,
    8,
    3
  ],
  "control_points": [
    [
      103.24681048455614,
      224.0
    ],
    [
      104.3710430661729,
      171.898078476016
    ],
    [
      105.49527564778965,
      119.79615695203198
    ],
    [
      106.65357588339481,
      66.11538932126058
    ]
  ]
}