{
  "image_path": "/home/quynhthu/Documents/AI-project/e2e/data/raw/values_3_mp4-28_jpg.rf.f1ef815b8946978c669828d8035d115e.jpg",
  "command": 0,
  "waypoints": [
    [
      99.75777092065547,
      224.0
    ],
    [
      100.45500389167454,
      209.21973087879735
    ],
    [
      101.1522368626936,
      194.43946175759473
    ],
    [
      101.84946983371263,
      179.659192636392
    ],
    [
      102.54670280473174,
      164.87892351518929
    ],
    [
      103.24393577575078,
      150.09865439398675
    ],
    [
      103.94116874676983,
      135.31838527278433
    ],
    [
      104.63840171778888,
      120.5381161515819
    ],
    [
      105.33563468880794,
      105.7578470303795
    ],
    [
      106.03286765982699,
      90.97757790917686
    ]
  ],
  "bboxes": [
    [
      74.239044181358,
      73.40730703949663,
      73.209461957001,
      12.131853695731579
    ],
    [
      149.12186526880473,
      31.991668560964634,
      17.151931087068817,
      17.15193108706881
    ]
  ],
  "categories": [
    7,
    0
  ],
  "control_points": []
}