{
  "image_path": "/home/quynhthu/Documents/AI-project/e2e/data/raw/values_1_mp4-93_jpg.rf.ceefd4a4c8757f16f1249517240c82d9.jpg",
  "command": 1,
  "waypoints": [
    [
      110.43887077099338,
      222.06953869032074
    ],
    [
      110.90151792392209,
      204.32071155069195
    ],
    [
      111.36416507685081,
      186.57188441106314
    ],
    [
      111.82681222977949,
      168.82305727143446
    ],
    [
      112.28945938270824,
      151.0742301318058
    ],
    [
      112.75210653563693,
      133.32540299217712
    ],
    [
      113.21475368856564,
      115.57657585254844
    ],
    [
      113.67740084149436,
      97.82774871291977
    ],
    [
      114.14004799442307,
      80.07892157329081
    ],
    [
      114.60269514735178,
      62.33009443366203
    ]
  ],
  "bboxes": [
    [
      88.86268991168164,
      68.00803676505986,
      48.073245072501564,
      4.920883353878111
    ]
  ],
  "categories": [
    7
  ],
  "control_points": []
}