{
  "image_path": "/home/quynhthu/Documents/AI-project/e2e/data/raw/values_1_mp4-17_jpg.rf.7c893f81f60178176a60b6e20607ed6e.jpg",
  "command": 0,
  "waypoints": [
    [
      132.08627817980943,
      222.7490306034258
    ],
    [
      130.4039248964323,
      205.33667412047245
    ],
    [
      128.72157161305518,
      187.92431763751907
    ],
    [
      127.03921832967798,
      170.51196115456577
    ],
    [
      125.35686504630091,
      153.09960467161244
    ],
    [
      123.67451176292377,
      135.68724818865917
    ],
    [
      121.99215847954663,
      118.27489170570588
    ],
    [
      120.30980519616949,
      100.86253522275258
    ],
    [
      118.62745191279238,
      83.4501787397992
    ],
    [
      116.94509862941524,
      66.03782225684589
    ]
  ],
  "bboxes": [
    [
      140.7924564212861,
      38.02664008861663,
      46.55912711746214,
      17.790885971713188
    ],
    [
      141.5495153988058,
      32.34869775721881,
      10.977355174035807,
      13.248532106594922
    ]
  ],
  "categories": [
    3,
    8
  ],
  "control_points": []
}