{
  "image_path": "/home/quynhthu/Documents/AI-project/e2e/data/raw/values_2_mp4-128_jpg.rf.6e370d60b7077c993d9636ad3a76951e.jpg",
  "command": 0,
  "waypoints": [
    [
      124.06593236634814,
      222.4480681790806
    ],
    [
      126.88387411600485,
      206.0451236661535
    ],
    [
      129.70181586566156,
      189.6421791532264
    ],
    [
      132.5197576153182,
      173.23923464029932
    ],
    [
      135.33769936497498,
      156.83629012737225
    ],
    [
      138.15564111463163,
      140.43334561444524
    ],
    [
      140.97358286428835,
      124.03040110151827
    ],
    [
      143.79152461394503,
      107.6274565885913
    ],
    [
      146.6094663636017,
      91.22451207566424
    ],
    [
      149.42740811325842,
      74.82156756273723
    ]
  ],
  "bboxes": [
    [
      128.6082862314664,
      62.70862392242189,
      48.83030405002128,
      6.056471820157668
    ]
  ],
  "categories": [
    7
  ],
  "control_points": []
}