{
  "image_path": "/home/quynhthu/Documents/AI-project/e2e/data/raw/values_2_mp4-127_jpg.rf.46000e5c3fb8827ee7b3c88ea445222b.jpg",
  "command": 0,
  "waypoints": [
    [
      113.4671066810722,
      223.96218613412
    ],
    [
      117.71504872159946,
      207.39100629285528
    ],
    [
      121.96299076212672,
      190.81982645159053
    ],
    [
      126.21093280265393,
      174.24864661032578
    ],
    [
      130.45887484318126,
      157.67746676906106
    ],
    [
      134.70681688370848,
      141.1062869277963
    ],
    [
      138.95475892423573,
      124.53510708653151
    ],
    [
      143.202700964763,
      107.96392724526675
    ],
    [
      147.4506430052903,
      91.39274740400194
    ],
    [
      151.69858504581754,
      74.82156756273723
    ]
  ],
  "bboxes": [
    [
      131.2579926527854,
      61.57303545614232,
      46.937656606221964,
      7.19206028643724
    ]
  ],
  "categories": [
    7
  ],
  "control_points": []
}