{
  "image_path": "/home/quynhthu/Documents/AI-project/e2e/data/raw/values_1_mp4-117_jpg.rf.348926354828a52614a909df9403755a.jpg",
  "command": 0,
  "waypoints": [
    [
      106.72480243289915,
      221.9919716259061
    ],
    [
      107.35568491416558,
      204.7478504712904
    ],
    [
      107.986567395432,
      187.50372931667468
    ],
    [
      108.61744987669842,
      170.25960816205895
    ],
    [
      109.24833235796488,
      153.01548700744328
    ],
    [
      109.87921483923128,
      135.77136585282784
    ],
    [
      110.51009732049769,
      118.52724469821244
    ],
    [
      111.14097980176412,
      101.283123543597
    ],
    [
      111.77186228303056,
      84.03900238898137
    ],
    [
      112.40274476429697,
      66.7948812343656
    ]
  ],
  "bboxes": [
    [
      58.65155736039759,
      103.89077113283138,
      102.20296196516082,
      14.38412057287448
    ],
    [
      175.9956988759526,
      30.834579802179388,
      24.2258872806307,
      31.0394180783081
    ]
  ],
  "categories": [
    7,
    5
  ],
  "control_points": []
}