{
  "image_path": "/home/quynhthu/Documents/AI-project/e2e/data/raw/values_1_mp4-17_jpg.rf.ee82c1f97276746af9dde20e1bfb7a94.jpg",
  "command": 0,
  "waypoints": [
    [
      123.75862942709263,
      224.0
    ],
    [
      123.00157044957292,
      206.44864691742725
    ],
    [
      122.24451147205322,
      188.89729383485448
    ],
    [
      121.48745249453347,
      171.34594075228165
    ],
    [
      120.7303935170138,
      153.79458766970893
    ],
    [
      119.97333453949406,
      136.2432345871364
    ],
    [
      119.21627556197437,
      118.6918815045639
    ],
    [
      118.45921658445467,
      101.14052842199139
    ],
    [
      117.70215760693496,
      83.58917533941863
    ],
    [
      116.94509862941524,
      66.03782225684589
    ]
  ],
  "bboxes": [
    [
      141.5495153988058,
      31.970168268458956,
      11.35588466279566,
      12.870002617835063
    ],
    [
      141.5495153988058,
      37.64811059985677,
      42.77383222986359,
      20.81912188179203
    ]
  ],
  "categories": [
    8,
    3
  ],
  "control_points": []
}