{
  "image_path": "/home/quynhthu/Documents/AI-project/e2e/data/raw/values_2_mp4-155_jpg.rf.91c44fd2f58fefc3f36e11f11657a5e4.jpg",
  "command": 0,
  "waypoints": [
    [
      117.25240156867076,
      223.20512715660033
    ],
    [
      117.04210740824861,
      206.80218264367332
    ],
    [
      116.83181324782649,
      190.39923813074626
    ],
    [
      116.62151908740431,
      173.9962936178192
    ],
    [
      116.4112249269822,
      157.59334910489213
    ],
    [
      116.20093076656005,
      141.19040459196506
    ],
    [
      115.99063660613788,
      124.78746007903801
    ],
    [
      115.78034244571575,
      108.38451556611095
    ],
    [
      115.57004828529362,
      91.98157105318396
    ],
    [
      115.35975412487147,
      75.57862654025692
    ]
  ],
  "bboxes": [
    [
      60.472978254692535,
      108.13216257360448,
      109.77355174035789,
      12.491473129075203
    ],
    [
      173.65329539388912,
      30.533617377834236,
      24.225887280630673,
      29.903829612028527
    ]
  ],
  "categories": [
    7,
    5
  ],
  "control_points": []
}