{
  "image_path": "/home/quynhthu/Documents/AI-project/e2e/data/raw/Video_19700101_085820_output_frame_002700.jpg",
  "command": 0,
  "waypoints": [
    [
      146.5229748891148,
      190.54487709119573
    ],
    [
      146.4460160718731,
      180.14848357083906
    ],
    [
      146.16840990841024,
      169.7556460165234
    ],
    [
      145.58663927056867,
      159.37570806226014
    ],
    [
      144.5484499095289,
      149.0321330580601
    ],
    [
      142.86273811875355,
      138.77520074846342
    ],
    [
      140.41006783520663,
      128.67442123495385
    ],
    [
      137.2992764150907,
      118.75521452232402
    ],
    [
      133.8230942376535,
      108.95700525498555
    ],
    [
      130.24298837373692,
      99.1960638660199
    ]
  ],
  "bboxes": [],
  "categories": [],
  "control_points": [
    [
      146.5229748891148,
      190.54487709119573
    ],
    [
      146.5229748891148,
      141.25269569741275
    ],
    [
      142.00075641262094,
      131.30381504912626
    ],
    [
      130.24298837373692,
      99.1960638660199
    ]
  ]
}