{
  "image_path": "/home/quynhthu/Documents/AI-project/e2e/data/raw/Video_19700101_085820_output_frame_002560.jpg",
  "command": 3,
  "waypoints": [
    [
      174.94237413047168,
      200.86965554038235
    ],
    [
      172.57083458892518,
      188.45780403923644
    ],
    [
      170.22643732849056,
      176.0407992900421
    ],
    [
      167.91442940289463,
      163.61772441812357
    ],
    [
      165.6420218441107,
      151.1873474071099
    ],
    [
      163.4194591611461,
      138.74796579801716
    ],
    [
      161.26118796563085,
      126.2972759312826
    ],
    [
      159.18589567326342,
      113.83248998777171
    ],
    [
      157.18870178687504,
      101.35500491663484
    ],
    [
      154.95107674885023,
      88.91839020330208
    ]
  ],
  "bboxes": [
    [
      99.49190273357874,
      121.3549344008398,
      123.90878625593157,
      36.62996965960019
    ]
  ],
  "categories": [
    7
  ],
  "control_points": []
}