{
  "image_path": "/home/quynhthu/Documents/AI-project/e2e/data/raw/Video_19700101_085820_output_frame_001900.jpg",
  "command": 0,
  "waypoints": [
    [
      160.22551822694845,
      205.75063396357476
    ],
    [
      163.04741042158003,
      195.76091849728832
    ],
    [
      165.58544132738754,
      185.69555145992422
    ],
    [
      167.84216256219992,
      175.5633731715426
    ],
    [
      169.83687541258345,
      165.3763064903433
    ],
    [
      171.61008064899275,
      155.1482656138428
    ],
    [
      173.2207925196765,
      144.8932924280041
    ],
    [
      174.7424106466068,
      134.62466672179545
    ],
    [
      176.2519152047602,
      124.35424444865622
    ],
    [
      177.8205699342288,
      114.09269018611411
    ]
  ],
  "bboxes": [
    [
      131.58241079649198,
      100.18032371989241,
      89.20282028342154,
      22.096111446352126
    ]
  ],
  "categories": [
    7
  ],
  "control_points": []
}