{
  "image_path": "/home/quynhthu/Documents/AI-project/e2e/data/raw/Video_19700101_085820_output_frame_000990.jpg",
  "command": 2,
  "waypoints": [
    [
      119.73925071329576,
      209.25057043967945
    ],
    [
      123.07719178120706,
      193.02677288345234
    ],
    [
      128.17227510487774,
      177.2739348913716
    ],
    [
      135.36781944156493,
      162.3689551809899
    ],
    [
      144.93560605985905,
      148.8714896974588
    ],
    [
      156.9166642621045,
      137.46907274834953
    ],
    [
      170.97429584166835,
      128.75517376109875
    ],
    [
      186.4649436195968,
      122.94681011623858
    ],
    [
      202.72382361799885,
      119.85526397840917
    ],
    [
      219.2666516920766,
      119.06715861574041
    ]
  ],
  "bboxes": [
    [
      123.37243681604355,
      68.71343960747595,
      5.183471074380179,
      16.290909090909096
    ]
  ],
  "categories": [
    12
  ],
  "control_points": []
}