{
  "image_path": "/home/quynhthu/Documents/AI-project/e2e/data/raw/Video_19700101_085820_output_frame_001960.jpg",
  "command": 2,
  "waypoints": [
    [
      69.34414061420075,
      202.62172016372648
    ],
    [
      74.10803658377023,
      186.55584486413414
    ],
    [
      80.44777931266349,
      171.04681851720233
    ],
    [
      88.58329424818953,
      156.40361767660232
    ],
    [
      98.68065325780107,
      143.04295083729602
    ],
    [
      110.7793310484562,
      131.46972265548249
    ],
    [
      124.7276582340842,
      122.21476654707563
    ],
    [
      140.15958574781789,
      115.7343212992617
    ],
    [
      156.554918720099,
      112.38057879800847
    ],
    [
      173.277701861857,
      112.6005253822919
    ]
  ],
  "bboxes": [],
  "categories": [],
  "control_points": [
    [
      69.34414061420075,
      202.62172016372648
    ],
    [
      88.98512856651374,
      123.64858110546795
    ],
    [
      143.81621993338752,
      108.50865289222669
    ],
    [
      173.277701861857,
      112.6005253822919
    ]
  ]
}