{
  "image_path": "/home/quynhthu/Documents/AI-project/e2e/data/raw/Video_19700101_085820_output_frame_001920.jpg",
  "command": 2,
  "waypoints": [
    [
      119.26498499299629,
      224.0
    ],
    [
      120.24511588526255,
      203.32351219715082
    ],
    [
      122.0630690173523,
      182.7056094064505
    ],
    [
      125.17008789068971,
      162.24630052014416
    ],
    [
      130.42438157048002,
      142.2467125518812
    ],
    [
      139.63453413571892,
      123.79826208336232
    ],
    [
      155.28842133694138,
      110.49339468288609
    ],
    [
      175.2971981298911,
      105.6154622074113
    ],
    [
      195.97572053394282,
      105.47792469895052
    ],
    [
      216.65155025654823,
      106.46271664719409
    ]
  ],
  "bboxes": [
    [
      73.43601310426597,
      112.6005253822919,
      108.43462098672798,
      18.004238956286898
    ]
  ],
  "categories": [
    7
  ],
  "control_points": []
}