{
  "image_path": "/home/quynhthu/Documents/AI-project/e2e/data/raw/Video_20260119_140111_output_frame_000800.jpg",
  "command": 0,
  "waypoints": [
    [
      163.70740509979146,
      210.4426383877687
    ],
    [
      160.02734951483887,
      196.46481162401955
    ],
    [
      156.16616249477292,
      182.53597390173678
    ],
    [
      152.08796456724315,
      168.66917602337048
    ],
    [
      147.75625606436523,
      154.8795268314356
    ],
    [
      143.14553674356281,
      141.18067033556255
    ],
    [
      138.26543905000054,
      127.57538376138551
    ],
    [
      133.19006842975008,
      114.04158513320098
    ],
    [
      128.05532600471633,
      100.53013675773745
    ],
    [
      123.00743881134677,
      86.9860739794865
    ]
  ],
  "bboxes": [],
  "categories": [],
  "control_points": [
    [
      163.70740509979146,
      210.4426383877687
    ],
    [
      147.42741858441357,
      147.13157971685476
    ],
    [
      136.57409424082832,
      124.06826548673611
    ],
    [
      123.00743881134677,
      86.9860739794865
    ]
  ]
}