{
  "image_path": "/home/quynhthu/Documents/AI-project/e2e/data/raw/Video_19700101_085820_output_frame_003340.jpg",
  "command": 0,
  "waypoints": [
    [
      92.70857501883795,
      184.2137712241043
    ],
    [
      92.311050398116,
      176.05896260171298
    ],
    [
      91.8642082138815,
      167.90670348047985
    ],
    [
      91.3854850722476,
      159.75624561009758
    ],
    [
      90.92284287686458,
      151.60487472513753
    ],
    [
      90.58429657945982,
      143.44760794971276
    ],
    [
      90.55101239733435,
      135.28402596966475
    ],
    [
      90.98869186195203,
      127.13259501223239
    ],
    [
      91.9007820235485,
      119.02012271873134
    ],
    [
      93.16079686648735,
      110.95383190490392
    ]
  ],
  "bboxes": [
    [
      58.79193644513407,
      109.59716636195579,
      67.83327714740778,
      9.044436952987681
    ],
    [
      130.24298837373692,
      65.73164713996539,
      11.757768038884024,
      14.923320972429721
    ]
  ],
  "categories": [
    7,
    4
  ],
  "control_points": [
    [
      92.70857501883795,
      184.2137712241043
    ],
    [
      90.89968762824041,
      144.41824863095846
    ],
    [
      88.6385783899935,
      137.18269906856827
    ],
    [
      93.16079686648735,
      110.95383190490392
    ]
  ]
}