{
  "image_path": "/home/quynhthu/Documents/AI-project/e2e/data/raw/Video_19700101_085820_output_frame_001440_dup2.jpg",
  "command": 2,
  "waypoints": [
    [
      121.58246523072948,
      180.372243627177
    ],
    [
      125.32944746600765,
      170.39216501617432
    ],
    [
      128.83870107184583,
      160.32558465740362
    ],
    [
      132.34630996101367,
      150.25844199177652
    ],
    [
      136.16833414853932,
      140.30755135963147
    ],
    [
      140.72260611795676,
      130.6736082946956
    ],
    [
      146.50587544882447,
      121.73241399989614
    ],
    [
      153.91246557786718,
      114.09555340070837
    ],
    [
      162.874346018504,
      108.36677438996344
    ],
    [
      172.85905932906604,
      104.6782237677278
    ]
  ],
  "bboxes": [],
  "categories": [],
  "control_points": [
    [
      121.58246523072948,
      180.372243627177
    ],
    [
      135.62248504336927,
      144.96697627356363
    ],
    [
      138.67466326350834,
      113.83475842814504
    ],
    [
      172.85905932906604,
      104.6782237677278
    ]
  ]
}