{
  "image_path": "/home/quynhthu/Documents/AI-project/e2e/data/raw/Video_19700101_085820_output_frame_000520.jpg",
  "command": 0,
  "waypoints": [
    [
      96.92966360856269,
      216.1223241590214
    ],
    [
      95.11691583647449,
      202.12499229682948
    ],
    [
      92.84709660372461,
      188.19485138580353
    ],
    [
      89.96986758502275,
      174.37811143419268
    ],
    [
      86.25548187285024,
      160.7642000552088
    ],
    [
      81.33013884299905,
      147.544551921783
    ],
    [
      74.59818189152591,
      135.15989206527658
    ],
    [
      65.32432195069806,
      124.57523682569536
    ],
    [
      53.49204790176137,
      116.95804512679777
    ],
    [
      40.41590214067278,
      111.65749235474006
    ]
  ],
  "bboxes": [],
  "categories": [],
  "control_points": [
    [
      96.92966360856269,
      216.1223241590214
    ],
    [
      86.65443425076452,
      127.07033639143731
    ],
    [
      64.04892966360856,
      120.56269113149847
    ],
    [
      40.41590214067278,
      111.65749235474006
    ]
  ]
}