{
  "image_path": "/home/quynhthu/Documents/AI-project/e2e/data/raw/Video_19700101_085820_output_frame_001040_dup2.jpg",
  "command": 3,
  "waypoints": [
    [
      107.45177565901876,
      208.6671586157404
    ],
    [
      105.25596260117689,
      196.46040777204536
    ],
    [
      103.63513711162466,
      184.1647020782766
    ],
    [
      102.5437891528881,
      171.81058054692747
    ],
    [
      101.9457141891953,
      159.422661417235
    ],
    [
      101.81068183484925,
      147.02096553069833
    ],
    [
      102.1170713637069,
      134.62226752766435
    ],
    [
      102.85145432153527,
      122.24152306497808
    ],
    [
      104.01033734248063,
      109.89328664538822
    ],
    [
      105.60053598959728,
      97.59277845045115
    ]
  ],
  "bboxes": [
    [
      126.33442028711794,
      67.23244787193876,
      8.515702479338827,
      19.252892561983472
    ]
  ],
  "categories": [
    12
  ],
  "control_points": []
}