{
  "image_path": "/home/quynhthu/Documents/AI-project/e2e/data/raw/Video_19700101_085820_output_frame_001930_dup3.jpg",
  "command": 3,
  "waypoints": [
    [
      95.9413117996246,
      221.44433361802643
    ],
    [
      96.7618889486692,
      206.85990285767164
    ],
    [
      97.54697330865842,
      192.27352124833126
    ],
    [
      98.29107072512583,
      177.68499291575768
    ],
    [
      98.98649827856822,
      163.09406608474202
    ],
    [
      99.62295087765798,
      148.50045227135521
    ],
    [
      100.18529104212757,
      133.90380309187552
    ],
    [
      100.65094581923331,
      119.30376616512733
    ],
    [
      100.98554555212617,
      104.7001285568854
    ],
    [
      101.26074603670938,
      90.09522668693324
    ]
  ],
  "bboxes": [
    [
      37.42753519169213,
      122.83020660745491,
      120.30105120791711,
      11.048055723176063
    ]
  ],
  "categories": [
    7
  ],
  "control_points": []
}