{
  "image_path": "/home/quynhthu/Documents/AI-project/e2e/data/raw/Video_19700101_085820_output_frame_001160_dup2.jpg",
  "command": 2,
  "waypoints": [
    [
      107.21811322820223,
      203.64599154107117
    ],
    [
      108.32766022020878,
      186.75725110315224
    ],
    [
      111.90708188473889,
      170.23073886820106
    ],
    [
      118.6968335510537,
      154.7595273543441
    ],
    [
      129.1093926595192,
      141.46723946789885
    ],
    [
      142.64115816274708,
      131.3616352702155
    ],
    [
      158.12514061934218,
      124.58305132521018
    ],
    [
      174.55632980122635,
      120.56433606251396
    ],
    [
      191.36504160617807,
      118.60008889923604
    ],
    [
      208.28736373281285,
      118.12585649870834
    ]
  ],
  "bboxes": [
    [
      115.82740200752204,
      73.1150580502711,
      2.78791336646006,
      5.129760594286481
    ]
  ],
  "categories": [
    8
  ],
  "control_points": []
}