{
  "image_path": "/home/quynhthu/Documents/AI-project/e2e/data/raw/Video_19700101_085820_output_frame_001290.jpg",
  "command": 0,
  "waypoints": [
    [
      114.02213701813523,
      209.7621288609635
    ],
    [
      112.08172501585182,
      197.21795697103232
    ],
    [
      110.35454392267283,
      184.64275317118427
    ],
    [
      108.85087697970643,
      172.0388625319228
    ],
    [
      107.55196066930137,
      159.41218254423603
    ],
    [
      106.40552901048608,
      146.77068483436233
    ],
    [
      105.33671614622267,
      134.12234960356713
    ],
    [
      104.2719030227021,
      121.47367201921897
    ],
    [
      103.15699265265674,
      108.82932314472549
    ],
    [
      101.96162637509063,
      96.19232030562695
    ]
  ],
  "bboxes": [
    [
      79.56300268031984,
      98.79973274647163,
      46.96585186768753,
      4.666478871468954
    ]
  ],
  "categories": [
    7
  ],
  "control_points": []
}