{
  "image_path": "/home/quynhthu/Documents/AI-project/e2e/data/raw/Video_19700101_085820_output_frame_002300.jpg",
  "command": 1,
  "waypoints": [
    [
      152.55784684512622,
      207.83541071656546
    ],
    [
      149.6861765110758,
      186.51854642549145
    ],
    [
      144.10597187242544,
      165.7580666332973
    ],
    [
      134.6984730508958,
      146.45611559911234
    ],
    [
      120.66650447034618,
      130.23852368198263
    ],
    [
      102.67482527588403,
      118.54879211092226
    ],
    [
      82.4836798398628,
      111.19740491651885
    ],
    [
      61.40202565581405,
      106.94040674812298
    ],
    [
      40.01315995702473,
      104.61429430945871
    ],
    [
      18.528094779010523,
      103.42549336119357
    ]
  ],
  "bboxes": [],
  "categories": [],
  "control_points": [
    [
      152.55784684512622,
      207.83541071656546
    ],
    [
      145.15288816744027,
      120.45689831987126
    ],
    [
      97.3909046963659,
      106.38747683226796
    ],
    [
      18.528094779010523,
      103.42549336119357
    ]
  ]
}