{
  "image_path": "/home/quynhthu/Documents/AI-project/e2e/data/raw/Video_19700101_085820_output_frame_002480.jpg",
  "command": 1,
  "waypoints": [
    [
      124.96413067641801,
      183.37727033146356
    ],
    [
      113.78269430465134,
      177.37182006923354
    ],
    [
      102.5831676146664,
      171.40018438875495
    ],
    [
      91.35629060534549,
      165.48014476413488
    ],
    [
      80.09568858099648,
      159.6245148176227
    ],
    [
      68.80394760032712,
      153.82914411435365
    ],
    [
      57.49100503425273,
      148.07525368526822
    ],
    [
      46.16687955487985,
      142.34339664334183
    ],
    [
      34.83811862192254,
      136.6207051275831
    ],
    [
      23.508296464689035,
      130.9001147047072
    ]
  ],
  "bboxes": [],
  "categories": [],
  "control_points": [
    [
      124.96413067641801,
      183.37727033146356
    ],
    [
      85.98110078225614,
      162.38640808076102
    ],
    [
      73.98632235328326,
      156.38901886627457
    ],
    [
      23.508296464689035,
      130.9001147047072
    ]
  ]
}