{
  "image_path": "/home/quynhthu/Documents/AI-project/e2e/data/raw/Video_20260119_140111_output_frame_000570.jpg",
  "command": 0,
  "waypoints": [
    [
      98.13523719063059,
      184.2137712241043
    ],
    [
      97.8578710570692,
      173.02417711705877
    ],
    [
      97.38148002284005,
      161.8413510776819
    ],
    [
      96.66261390673561,
      150.671577948463
    ],
    [
      95.65275299669283,
      139.52445321032303
    ],
    [
      94.30958798301123,
      128.4126422707992
    ],
    [
      92.62901998114847,
      117.34675931258218
    ],
    [
      90.69272602513507,
      106.3224834211682
    ],
    [
      88.6875041852052,
      95.31042130131046
    ],
    [
      86.82969099939595,
      84.2727428935902
    ]
  ],
  "bboxes": [],
  "categories": [],
  "control_points": [
    [
      98.13523719063059,
      184.2137712241043
    ],
    [
      97.23079349533181,
      130.85159320147687
    ],
    [
      91.3519094758898,
      113.21494114315085
    ],
    [
      86.82969099939595,
      84.2727428935902
    ]
  ]
}