{
  "image_path": "/home/quynhthu/Documents/AI-project/e2e/data/raw/Video_20260119_140111_output_frame_000330.jpg",
  "command": 0,
  "waypoints": [
    [
      112.60633631541091,
      192.3537644817933
    ],
    [
      112.74255414032126,
      180.64620790815465
    ],
    [
      112.90694543527702,
      168.9390120110011
    ],
    [
      113.09117387892027,
      157.23210985189482
    ],
    [
      113.27964497742953,
      145.52527471857846
    ],
    [
      113.44937154778927,
      133.81815631914463
    ],
    [
      113.57401386241848,
      122.11047931142716
    ],
    [
      113.63167014100745,
      110.40228902454527
    ],
    [
      113.61071810904681,
      98.6939787553658
    ],
    [
      113.51078001070967,
      86.9860739794865
    ]
  ],
  "bboxes": [],
  "categories": [],
  "control_points": [
    [
      112.60633631541091,
      192.3537644817933
    ],
    [
      113.0585581630603,
      148.4882452598029
    ],
    [
      113.96300185835906,
      125.42493102968426
    ],
    [
      113.51078001070967,
      86.9860739794865
    ]
  ]
}