{
  "image_path": "/home/quynhthu/Documents/AI-project/e2e/data/raw/Video_19700101_085820_output_frame_000560_dup1.jpg",
  "command": 1,
  "waypoints": [
    [
      91.79204892966361,
      222.2874617737003
    ],
    [
      91.83893156016532,
      209.43446068101113
    ],
    [
      91.60942835334122,
      196.58355329122108
    ],
    [
      91.02222129257551,
      183.74424235129078
    ],
    [
      89.96427536365039,
      170.9355481275279
    ],
    [
      88.27686754063144,
      158.1953049909112
    ],
    [
      85.72074476865093,
      145.60236171097546
    ],
    [
      81.94209602548703,
      133.32497708907619
    ],
    [
      76.4115599668351,
      121.74146088623827
    ],
    [
      68.50152905198776,
      111.65749235474006
    ]
  ],
  "bboxes": [],
  "categories": [],
  "control_points": [
    [
      91.79204892966361,
      222.2874617737003
    ],
    [
      92.47706422018348,
      168.5137614678899
    ],
    [
      87.3394495412844,
      129.81039755351682
    ],
    [
      68.50152905198776,
      111.65749235474006
    ]
  ]
}