{
  "image_path": "/home/quynhthu/Documents/AI-project/e2e/data/raw/Video_19700101_085820_output_frame_001560_dup1.jpg",
  "command": 0,
  "waypoints": [
    [
      135.60060093580077,
      189.6594671768701
    ],
    [
      136.6785834923812,
      179.54593307165888
    ],
    [
      137.74975684518287,
      169.43167557867145
    ],
    [
      138.81301256133392,
      159.3165827916781
    ],
    [
      139.8666781259702,
      149.20048667083591
    ],
    [
      140.90844926183337,
      139.08315900183902
    ],
    [
      141.93491654467135,
      128.96426773506684
    ],
    [
      142.94071639648914,
      118.8433024017639
    ],
    [
      143.91926208734765,
      108.719666539915
    ],
    [
      145.07641684325088,
      98.61798690511569
    ]
  ],
  "bboxes": [
    [
      117.08041994357367,
      96.90201584778546,
      61.44015709243942,
      10.148597376876168
    ]
  ],
  "categories": [
    7
  ],
  "control_points": [
    [
      135.60060093580077,
      189.6594671768701
    ],
    [
      144.94963277970635,
      102.19925007532208
    ],
    [
      144.04518908440758,
      104.46035931356901
    ],
    [
      145.07641684325088,
      98.6179869051157
    ]
  ]
}