{
  "image_path": "/home/quynhthu/Documents/AI-project/e2e/data/raw/Video_20260119_140111_output_frame_000610.jpg",
  "command": 0,
  "waypoints": [
    [
      125.72076989724309,
      196.42376111063777
    ],
    [
      124.8037935367595,
      183.91549497936532
    ],
    [
      123.85704987792806,
      171.40944970620706
    ],
    [
      122.86133370885753,
      158.90721649792349
    ],
    [
      121.78525455828732,
      146.41166546679727
    ],
    [
      120.57866749051371,
      133.92809490599757
    ],
    [
      119.17397059264721,
      121.46535949932178
    ],
    [
      117.51206112215418,
      109.03437228370024
    ],
    [
      115.59811498974749,
      96.63960609226174
    ],
    [
      113.51078001070967,
      84.2727428935902
    ]
  ],
  "bboxes": [],
  "categories": [],
  "control_points": [
    [
      125.72076989724309,
      196.42376111063777
    ],
    [
      121.19855142074924,
      134.01714613502259
    ],
    [
      119.38966403015169,
      118.18938146729408
    ],
    [
      113.51078001070967,
      84.2727428935902
    ]
  ]
}