{
  "image_path": "/home/quynhthu/Documents/AI-project/e2e/data/raw/Video_19700101_085820_output_frame_000890_dup1.jpg",
  "command": 3,
  "waypoints": [
    [
      149.67584097859327,
      219.88990825688072
    ],
    [
      142.62970448424997,
      208.74621189086722
    ],
    [
      136.00295264834259,
      197.3486884879417
    ],
    [
      129.81325544488084,
      185.70808519726205
    ],
    [
      124.09025796773851,
      173.83121420065586
    ],
    [
      118.88869329060884,
      161.71719832321216
    ],
    [
      114.30730651188715,
      149.3559454048733
    ],
    [
      110.52936008610247,
      136.72773597336916
    ],
    [
      107.96471888431174,
      123.80685529518325
    ],
    [
      107.88990825688073,
      110.62996941896024
    ]
  ],
  "bboxes": [
    [
      103.16000610526747,
      93.5134029308528,
      33.90825688073393,
      7.1926605504587116
    ]
  ],
  "categories": [
    7
  ],
  "control_points": []
}