{
  "image_path": "/home/quynhthu/Documents/AI-project/e2e/data/raw/Video_19700101_085820_output_frame_001310_dup1.jpg",
  "command": 3,
  "waypoints": [
    [
      116.61486924911429,
      203.8663789757352
    ],
    [
      115.54916218115807,
      192.93078427298096
    ],
    [
      114.51410334401413,
      181.992248044547
    ],
    [
      113.50697104486835,
      171.051104456467
    ],
    [
      112.52310735652763,
      160.10784298780234
    ],
    [
      111.5562013584188,
      149.16306931749637
    ],
    [
      110.59933442736086,
      138.21741286822578
    ],
    [
      109.64594059274408,
      127.27145317642987
    ],
    [
      108.69051631316374,
      116.32567058126071
    ],
    [
      107.72891883589116,
      105.38042856251207
    ]
  ],
  "bboxes": [
    [
      153.98116520629708,
      67.84708221748582,
      8.502878883328663,
      16.457184935474842
    ],
    [
      78.82668733429526,
      106.79575323144294,
      61.988729923621946,
      5.485728311824957
    ]
  ],
  "categories": [
    8,
    7
  ],
  "control_points": []
}