{
  "image_path": "/home/quynhthu/Documents/AI-project/e2e/data/raw/Video_19700101_085820_output_frame_002320.jpg",
  "command": 1,
  "waypoints": [
    [
      137.95847397447196,
      135.89793905011254
    ],
    [
      124.21683119390737,
      133.53837435029578
    ],
    [
      110.46717040470048,
      131.22570107584673
    ],
    [
      96.7237989395984,
      128.87599620358156
    ],
    [
      82.99152108114828,
      126.46233067261355
    ],
    [
      69.27173447650412,
      123.97864690968028
    ],
    [
      55.56447530327805,
      121.42672314717191
    ],
    [
      41.86927046600126,
      118.81087108214848
    ],
    [
      28.18540879102615,
      116.13630564712405
    ],
    [
      14.512212642959375,
      113.40772949578839
    ]
  ],
  "bboxes": [],
  "categories": [],
  "control_points": [
    [
      137.95847397447196,
      135.89793905011254
    ],
    [
      115.46826442014782,
      131.89967957378823
    ],
    [
      81.48305887139131,
      126.90185522838287
    ],
    [
      14.512212642959375,
      113.40772949578839
    ]
  ]
}