{
  "image_path": "/home/quynhthu/Documents/AI-project/e2e/data/raw/Video_19700101_085820_output_frame_000480.jpg",
  "command": 0,
  "waypoints": [
    [
      113.71253822629969,
      222.62996941896023
    ],
    [
      112.55756250344402,
      208.31256383691127
    ],
    [
      110.86453602098553,
      194.04949522653777
    ],
    [
      108.52023222582044,
      179.87944834340078
    ],
    [
      105.37446704921942,
      165.86650315104347
    ],
    [
      101.2143714880099,
      152.12243855935492
    ],
    [
      95.73936524341067,
      138.8514077880201
    ],
    [
      88.5227527703276,
      126.4510273772642
    ],
    [
      79.01734924682837,
      115.72994371719469
    ],
    [
      66.78899082568807,
      108.23241590214067
    ]
  ],
  "bboxes": [],
  "categories": [],
  "control_points": []
}