{
  "image_path": "/home/quynhthu/Documents/AI-project/e2e/data/raw/Video_19700101_085820_output_frame_001630_dup1.jpg",
  "command": 2,
  "waypoints": [
    [
      59.15512156326919,
      186.38789370204998
    ],
    [
      65.05028049587347,
      170.22072620992338
    ],
    [
      72.96917432028647,
      154.95636471518802
    ],
    [
      83.7982230841185,
      141.62784104587732
    ],
    [
      97.66568074008336,
      131.50973306797596
    ],
    [
      113.48742087988535,
      124.79085412521606
    ],
    [
      130.14905349538614,
      120.49554572116163
    ],
    [
      147.11974645870586,
      117.61939050880669
    ],
    [
      164.20578799410643,
      115.51889961933608
    ],
    [
      181.3369397450873,
      113.81929866072768
    ]
  ],
  "bboxes": [],
  "categories": [],
  "control_points": [
    [
      59.15512156326919,
      186.38789370204998
    ],
    [
      77.29727032359976,
      128.62921601609958
    ],
    [
      105.06586536492206,
      120.85400940452934
    ],
    [
      181.33693974508734,
      113.81929866072768
    ]
  ]
}