{
  "image_path": "/home/quynhthu/Documents/AI-project/e2e/data/raw/Video_19700101_085820_output_frame_002570.jpg",
  "command": 2,
  "waypoints": [
    [
      170.03851096688285,
      200.94597958713163
    ],
    [
      168.06276553278389,
      186.80309561586046
    ],
    [
      166.17883399440765,
      172.64773486584855
    ],
    [
      164.494768495508,
      158.46739598245577
    ],
    [
      163.23805956200198,
      144.24371195681707
    ],
    [
      162.98234753067402,
      129.97277108016786
    ],
    [
      165.73922963773947,
      116.04838433416921
    ],
    [
      176.4291099312993,
      107.36757963194712
    ],
    [
      190.61989348292002,
      106.29226519729116
    ],
    [
      204.8595932358855,
      107.33605712370885
    ]
  ],
  "bboxes": [],
  "categories": [],
  "control_points": [
    [
      170.03851096688285,
      200.94597958713163
    ],
    [
      156.92407738505068,
      108.24050081900761
    ],
    [
      158.28074292799883,
      102.813838647215
    ],
    [
      204.8595932358855,
      107.33605712370885
    ]
  ]
}