{
  "image_path": "/home/quynhthu/Documents/AI-project/e2e/data/raw/Video_19700101_085820_output_frame_002500.jpg",
  "command": 0,
  "waypoints": [
    [
      76.98501696052647,
      196.87139606405802
    ],
    [
      71.6390171017224,
      188.215961984913
    ],
    [
      66.40083225156314,
      179.49511069462017
    ],
    [
      61.473934937422975,
      170.5955593796483
    ],
    [
      57.08277705249364,
      161.42094646316866
    ],
    [
      53.36510295221638,
      151.95370541162316
    ],
    [
      50.31129922969477,
      142.2513907641326
    ],
    [
      47.814369021880225,
      132.39035748779872
    ],
    [
      45.74671752358752,
      122.42997608208053
    ],
    [
      43.99937628085104,
      112.40816462670732
    ]
  ],
  "bboxes": [],
  "categories": [],
  "control_points": [
    [
      76.98501696052647,
      196.87139606405802
    ],
    [
      59.992414186148224,
      169.3833621643285
    ],
    [
      50.99633036441856,
      155.889236431734
    ],
    [
      43.99937628085104,
      112.40816462670732
    ]
  ]
}