{
  "image_path": "/home/quynhthu/Documents/AI-project/e2e/data/raw/Video_19700101_085820_output_frame_000930_dup1.jpg",
  "command": 3,
  "waypoints": [
    [
      107.08374865175823,
      219.34804909597884
    ],
    [
      108.92146816263437,
      204.57886404201554
    ],
    [
      110.96063920658422,
      189.83629122932604
    ],
    [
      113.30969895670368,
      175.14016520780305
    ],
    [
      116.12408687084992,
      160.52651216464335
    ],
    [
      119.59471290303547,
      146.05535143555255
    ],
    [
      123.87236125400847,
      131.802284103225
    ],
    [
      128.95702803693985,
      117.81640857629884
    ],
    [
      134.67143622844284,
      104.07497797028694
    ],
    [
      140.7763106352293,
      90.50176810424331
    ]
  ],
  "bboxes": [
    [
      105.2505711882407,
      104.29793674678864,
      57.69540210991944,
      12.275617470195627
    ]
  ],
  "categories": [
    7
  ],
  "control_points": []
}