{
  "image_path": "/home/quynhthu/Documents/AI-project/e2e/data/raw/Video_19700101_085820_output_frame_001840_dup1.jpg",
  "command": 2,
  "waypoints": [
    [
      118.1090909090909,
      195.12066115702478
    ],
    [
      123.95173690664622,
      181.32880470086226
    ],
    [
      131.03794703768534,
      168.13616236074648
    ],
    [
      139.6610013499336,
      155.89840458981504
    ],
    [
      150.0462022176609,
      145.12383783986695
    ],
    [
      162.1588081767199,
      136.34118595374332
    ],
    [
      175.63344797161773,
      129.83144355188836
    ],
    [
      189.94150598594695,
      125.42515880401864
    ],
    [
      204.66265250767387,
      122.67011032606278
    ],
    [
      219.55702479338842,
      121.07107438016529
    ]
  ],
  "bboxes": [],
  "categories": [],
  "control_points": [
    [
      118.1090909090909,
      195.12066115702478
    ],
    [
      139.58347107438016,
      138.47272727272727
    ],
    [
      172.16528925619835,
      124.77355371900826
    ],
    [
      219.55702479338842,
      121.07107438016529
    ]
  ]
}