{
  "image_path": "/home/quynhthu/Documents/AI-project/e2e/data/raw/Video_19700101_085820_output_frame_000870.jpg",
  "command": 0,
  "waypoints": [
    [
      191.4617737003058,
      206.18960244648318
    ],
    [
      184.07883112470267,
      195.41963982330952
    ],
    [
      176.69588854909952,
      184.64967720013593
    ],
    [
      169.3129459734964,
      173.87971457696227
    ],
    [
      161.9300033978933,
      163.10975195378865
    ],
    [
      154.54706082229015,
      152.33978933061502
    ],
    [
      147.16411824668705,
      141.56982670744136
    ],
    [
      139.78117567108393,
      130.79986408426774
    ],
    [
      132.39823309548078,
      120.02990146109411
    ],
    [
      125.01529051987767,
      109.25993883792049
    ]
  ],
  "bboxes": [],
  "categories": [],
  "control_points": [
    [
      191.4617737003058,
      206.18960244648318
    ],
    [
      169.53443425076452,
      174.2028134556575
    ],
    [
      147.60709480122324,
      142.2160244648318
    ],
    [
      125.01529051987767,
      109.25993883792049
    ]
  ]
}