{
  "image_path": "/home/quynhthu/Documents/AI-project/e2e/data/raw/Video_19700101_085820_output_frame_000430.jpg",
  "command": 0,
  "waypoints": [
    [
      116.79510703363914,
      221.94495412844034
    ],
    [
      116.76029708949635,
      208.31478717065636
    ],
    [
      116.43223276498532,
      194.68873127414508
    ],
    [
      115.67868904018279,
      181.08000289144312
    ],
    [
      114.30747357633487,
      167.52048908827422
    ],
    [
      112.04096612406909,
      154.08355822566315
    ],
    [
      108.49366494321507,
      140.9306593183175
    ],
    [
      103.19971464458274,
      128.38567415579246
    ],
    [
      95.79292932540153,
      116.96822146141042
    ],
    [
      86.31192660550458,
      107.20489296636084
    ]
  ],
  "bboxes": [],
  "categories": [],
  "control_points": [
    [
      116.79510703363914,
      221.94495412844034
    ],
    [
      117.13761467889907,
      162.348623853211
    ],
    [
      111.65749235474006,
      128.782874617737
    ],
    [
      86.31192660550458,
      107.20489296636084
    ]
  ]
}