{
  "image_path": "/home/quynhthu/Documents/AI-project/e2e/data/raw/Video_19700101_085820_output_frame_002780.jpg",
  "command": 0,
  "waypoints": [
    [
      123.00743881134677,
      187.83154600529943
    ],
    [
      119.6433401597009,
      174.63219632361753
    ],
    [
      114.91549832999209,
      161.86790951390114
    ],
    [
      107.61827328267131,
      150.4172493503874
    ],
    [
      97.06626383199854,
      141.90016992856292
    ],
    [
      84.59799539400593,
      136.46128766085855
    ],
    [
      71.51176965317107,
      132.68319134758752
    ],
    [
      58.25208622693752,
      129.554357081743
    ],
    [
      44.95136794148633,
      126.60300644709119
    ],
    [
      31.65862558617095,
      123.61604363908671
    ]
  ],
  "bboxes": [],
  "categories": [],
  "control_points": [
    [
      123.00743881134677,
      187.83154600529943
    ],
    [
      111.70189262011213,
      136.73047722091889
    ],
    [
      96.77857164768243,
      138.53936461151642
    ],
    [
      31.65862558617095,
      123.61604363908671
    ]
  ]
}