{
  "image_path": "/home/quynhthu/Documents/AI-project/e2e/data/raw/Video_19700101_085820_output_frame_001570.jpg",
  "command": 2,
  "waypoints": [
    [
      112.90989994597685,
      185.26640707186408
    ],
    [
      115.58255052696475,
      171.85794066383588
    ],
    [
      118.39904314767497,
      158.4790216752337
    ],
    [
      121.4642317308343,
      145.1551244619484
    ],
    [
      124.98211278111161,
      131.94449569938533
    ],
    [
      129.42434388916897,
      119.02054405621988
    ],
    [
      136.08039895814522,
      107.13207309377324
    ],
    [
      147.26811847314704,
      99.67783692229878
    ],
    [
      160.82647446651706,
      98.29928901711172
    ],
    [
      174.49465763433767,
      98.6179869051157
    ]
  ],
  "bboxes": [
    [
      97.77584988616758,
      100.80455193676079,
      63.98316958867426,
      9.009124453577698
    ]
  ],
  "categories": [
    7
  ],
  "control_points": [
    [
      112.90989994597685,
      185.26640707186408
    ],
    [
      130.8529130718183,
      93.43931687310304
    ],
    [
      136.18484387087452,
      97.66808957580278
    ],
    [
      174.49465763433767,
      98.6179869051157
    ]
  ]
}