{
  "image_path": "/home/quynhthu/Documents/AI-project/e2e/data/raw/Video_19700101_085820_output_frame_002560_dup1.jpg",
  "command": 1,
  "waypoints": [
    [
      174.94237413047168,
      200.86965554038235
    ],
    [
      172.4044748467414,
      185.21285157231182
    ],
    [
      169.79193075782644,
      169.56840431934123
    ],
    [
      166.93728571789606,
      153.96677594178774
    ],
    [
      163.48680601339981,
      138.48868228724288
    ],
    [
      158.61827255303493,
      123.41305720327284
    ],
    [
      150.4427132331006,
      109.90628146897684
    ],
    [
      137.38610606263066,
      101.0735163509616
    ],
    [
      122.04739694120296,
      97.20527443807723
    ],
    [
      106.27523044831952,
      95.57828908482483
    ]
  ],
  "bboxes": [
    [
      93.16079686648735,
      121.80715624848918,
      130.83920313351265,
      36.17774781195081
    ]
  ],
  "categories": [
    7
  ],
  "control_points": []
}