{
  "image_path": "/home/quynhthu/Documents/AI-project/e2e/data/raw/Video_19700101_085820_output_frame_000910.jpg",
  "command": 0,
  "waypoints": [
    [
      116.17529662514514,
      219.55621638651027
    ],
    [
      114.09030880630836,
      207.117640462464
    ],
    [
      112.05116867084033,
      194.6714864295313
    ],
    [
      110.12218932486185,
      182.20786294231397
    ],
    [
      108.41741002032295,
      169.71188744332983
    ],
    [
      107.1474963005932,
      157.1653078002363
    ],
    [
      106.71766147083216,
      144.56554544741826
    ],
    [
      107.85182402206408,
      132.01856033521685
    ],
    [
      111.43926779778636,
      119.95082977889639
    ],
    [
      117.5453272061849,
      108.92624696755004
    ]
  ],
  "bboxes": [
    [
      103.5025137505274,
      98.99352525501182,
      44.86850152905201,
      9.932721712538225
    ]
  ],
  "categories": [
    7
  ],
  "control_points": []
}