{
  "image_path": "/home/quynhthu/Documents/AI-project/e2e/data/raw/Video_19700101_085820_output_frame_002330.jpg",
  "command": 1,
  "waypoints": [
    [
      143.9558631889584,
      144.39424043730165
    ],
    [
      129.52817797298306,
      140.47160891145504
    ],
    [
      115.1007770062395,
      136.54792735719343
    ],
    [
      100.65685258534671,
      132.6855788527121
    ],
    [
      86.18852122004849,
      128.9157230050416
    ],
    [
      71.6946124849591,
      125.24542992182451
    ],
    [
      57.17713676326976,
      121.66947220594326
    ],
    [
      42.63907706447644,
      118.17811890414016
    ],
    [
      28.083373255575008,
      114.76105162104011
    ],
    [
      13.512647773878301,
      111.40859975762623
    ]
  ],
  "bboxes": [],
  "categories": [],
  "control_points": [
    [
      143.9558631889584,
      144.39424043730165
    ],
    [
      112.4695698129046,
      135.89793905011254
    ],
    [
      81.48305887139131,
      126.90185522838287
    ],
    [
      13.512647773878301,
      111.40859975762623
    ]
  ]
}