{
  "image_path": "/home/quynhthu/Documents/AI-project/e2e/data/raw/Video_19700101_085820_output_frame_002550_dup1.jpg",
  "command": 2,
  "waypoints": [
    [
      142.95629831987733,
      196.3716136295175
    ],
    [
      142.55531680761266,
      181.36497273588768
    ],
    [
      142.0644023114219,
      166.36100438841927
    ],
    [
      141.59558528340733,
      151.35641381962543
    ],
    [
      141.41051575037406,
      136.34690847833593
    ],
    [
      142.22776313029954,
      121.37457289883108
    ],
    [
      146.60557142260504,
      107.15401228423333
    ],
    [
      159.0530304638483,
      99.15261148450448
    ],
    [
      173.9559309466649,
      98.01214007929019
    ],
    [
      188.93628229760674,
      98.9140388941128
    ]
  ],
  "bboxes": [
    [
      91.97848999674257,
      115.90664166849108,
      100.95605177718845,
      18.491950077999874
    ]
  ],
  "categories": [
    7
  ],
  "control_points": []
}