{
  "image_path": "/home/quynhthu/Documents/AI-project/e2e/data/raw/Video_19700101_085820_output_frame_000640.jpg",
  "command": 2,
  "waypoints": [
    [
      106.51987767584097,
      221.94495412844034
    ],
    [
      106.97604394263675,
      209.45383177462867
    ],
    [
      107.1683988314418,
      196.95605156680125
    ],
    [
      107.04723807119585,
      184.45750388950344
    ],
    [
      106.54489544933794,
      171.96868062521852
    ],
    [
      105.56702478312374,
      159.50846146377066
    ],
    [
      103.97434621953401,
      147.112627449832
    ],
    [
      101.5485188591297,
      134.85446860350388
    ],
    [
      97.93004874006267,
      122.89930477759827
    ],
    [
      92.47706422018348,
      111.65749235474006
    ]
  ],
  "bboxes": [
    [
      122.96024464831804,
      67.47400611620795,
      11.302752293577967,
      17.81039755351682
    ],
    [
      55.14373088685015,
      80.83180428134555,
      14.727828746177366,
      11.645259938837924
    ]
  ],
  "categories": [
    11,
    3
  ],
  "control_points": []
}