{
  "image_path": "/home/quynhthu/Documents/AI-project/e2e/data/raw/Video_19700101_085820_output_frame_001040.jpg",
  "command": 3,
  "waypoints": [
    [
      107.45177565901876,
      211.99939002069908
    ],
    [
      105.92308418105775,
      199.59445219924936
    ],
    [
      104.60711811535013,
      187.16525995787575
    ],
    [
      103.52891965414142,
      174.71323060946932
    ],
    [
      102.71610302937619,
      162.24111854011292
    ],
    [
      102.19990508260555,
      149.7532761360042
    ],
    [
      102.0135022556653,
      137.25623376449744
    ],
    [
      102.19148972935675,
      124.75914679622993
    ],
    [
      102.76384660737533,
      112.27396910073082
    ],
    [
      103.74929632017579,
      99.81426605375695
    ]
  ],
  "bboxes": [
    [
      126.33442028711794,
      66.49195200417016,
      8.145454545454541,
      20.73388429752066
    ]
  ],
  "categories": [
    12
  ],
  "control_points": []
}