{
  "image_path": "/home/quynhthu/Documents/AI-project/e2e/data/raw/Video_19700101_085820_output_frame_001300.jpg",
  "command": 3,
  "waypoints": [
    [
      112.68208028001915,
      210.76717141455052
    ],
    [
      111.19507787420943,
      197.95270901097294
    ],
    [
      110.04914823092983,
      185.10349453550586
    ],
    [
      109.25124240227005,
      172.22794605115715
    ],
    [
      108.76180729619017,
      159.3368632796326
    ],
    [
      108.48976139433036,
      146.43921946964542
    ],
    [
      108.31163560655463,
      133.53986170978567
    ],
    [
      108.1087192022679,
      120.64087796306518
    ],
    [
      107.79465471042907,
      107.74416318316617
    ],
    [
      107.32185332755489,
      94.85226356751089
    ]
  ],
  "bboxes": [
    [
      141.10449763908505,
      68.30866080714615,
      10.779202732611964,
      15.49510392812968
    ],
    [
      79.34864865016242,
      102.21823607015457,
      52.77318004507934,
      4.940467919113814
    ]
  ],
  "categories": [
    8,
    7
  ],
  "control_points": []
}