{
  "image_path": "/home/quynhthu/Documents/AI-project/e2e/data/raw/Video_19700101_085820_output_frame_000930_dup3.jpg",
  "command": 2,
  "waypoints": [
    [
      111.27692988435913,
      202.4575622392532
    ],
    [
      114.18776287918067,
      185.35319667404423
    ],
    [
      117.22477373874366,
      168.2709047040148
    ],
    [
      120.64488937390897,
      151.26195103749885
    ],
    [
      125.05370962616948,
      134.48732814101842
    ],
    [
      132.04555096866616,
      118.65949016282158
    ],
    [
      144.66080398134713,
      107.08342984428695
    ],
    [
      161.39771921218903,
      102.88127985260374
    ],
    [
      178.73233929491465,
      102.4427614990414
    ],
    [
      196.0637067438633,
      103.23111595826147
    ]
  ],
  "bboxes": [],
  "categories": [],
  "control_points": [
    [
      111.27692988435913,
      202.4575622392532
    ],
    [
      127.56783897526823,
      106.19309942933585
    ],
    [
      128.67858277692113,
      99.15838868553419
    ],
    [
      196.0637067438633,
      103.23111595826147
    ]
  ]
}