{
  "image_path": "/home/quynhthu/Documents/AI-project/e2e/data/raw/Video_19700101_085820_output_frame_000860.jpg",
  "command": 2,
  "waypoints": [
    [
      203.44954128440367,
      198.99694189602445
    ],
    [
      196.21882432891607,
      188.98810737342845
    ],
    [
      188.98810737342848,
      178.97927285083244
    ],
    [
      181.75739041794085,
      168.9704383282365
    ],
    [
      174.5266734624533,
      158.96160380564046
    ],
    [
      167.29595650696564,
      148.95276928304446
    ],
    [
      160.06523955147807,
      138.94393476044849
    ],
    [
      152.83452259599045,
      128.93510023785248
    ],
    [
      145.60380564050288,
      118.9262657152565
    ],
    [
      138.3730886850153,
      108.91743119266054
    ]
  ],
  "bboxes": [],
  "categories": [],
  "control_points": [
    [
      203.44954128440367,
      198.99694189602445
    ],
    [
      181.9743119266055,
      169.27070336391435
    ],
    [
      160.49908256880735,
      139.54446483180428
    ],
    [
      138.3730886850153,
      108.91743119266054
    ]
  ]
}