{
  "image_path": "/home/quynhthu/Documents/AI-project/e2e/data/raw/Video_19700101_085820_output_frame_001170_dup2.jpg",
  "command": 1,
  "waypoints": [
    [
      107.21811322820223,
      203.64599154107117
    ],
    [
      105.50935275262955,
      185.32501893710378
    ],
    [
      102.9103031911599,
      167.1140852936955
    ],
    [
      98.21867724872658,
      149.3504334656299
    ],
    [
      89.18180447757287,
      133.41639234068188
    ],
    [
      74.62194241594494,
      122.32831908090245
    ],
    [
      57.21203832681919,
      116.52461126094649
    ],
    [
      39.026548387277806,
      113.80724253337499
    ],
    [
      20.66242657699673,
      112.7003837511492
    ],
    [
      2.2631955938950825,
      112.48473845750003
    ]
  ],
  "bboxes": [
    [
      119.84199725522451,
      73.78415725822151,
      3.122462970435251,
      4.237628317019272
    ]
  ],
  "categories": [
    8
  ],
  "control_points": []
}