{
  "image_path": "/home/quynhthu/Documents/AI-project/e2e/data/raw/Video_19700101_085820_output_frame_001930_dup1.jpg",
  "command": 2,
  "waypoints": [
    [
      95.9413117996246,
      221.44433361802643
    ],
    [
      96.78486613403416,
      203.1089058202738
    ],
    [
      98.20460873153884,
      184.80998337865393
    ],
    [
      100.48087919002876,
      166.59956625969198
    ],
    [
      104.13465649978026,
      148.6213485474985
    ],
    [
      110.25928393959127,
      131.35733419527656
    ],
    [
      121.03259596329647,
      116.6297185831859
    ],
    [
      137.29110023503966,
      108.36396462642145
    ],
    [
      155.4017398398808,
      105.59413675753562
    ],
    [
      173.68688911086358,
      104.00759315315496
    ]
  ],
  "bboxes": [
    [
      41.51940768175734,
      121.19345761142883,
      117.84592771387801,
      12.275617470195627
    ]
  ],
  "categories": [
    7
  ],
  "control_points": []
}