{
  "image_path": "/home/quynhthu/Documents/AI-project/e2e/data/raw/Video_19700101_085820_output_frame_001900_dup1.jpg",
  "command": 3,
  "waypoints": [
    [
      160.22551822694845,
      205.75063396357476
    ],
    [
      163.83049916000246,
      192.71228628544992
    ],
    [
      166.8626377668867,
      179.52965319262768
    ],
    [
      169.29709422026397,
      166.22356402552927
    ],
    [
      171.20900032601688,
      152.832064718413
    ],
    [
      172.72755901394953,
      139.38995373235122
    ],
    [
      173.98186406417835,
      125.92041686980126
    ],
    [
      175.07043731178612,
      112.43638117446964
    ],
    [
      176.06235214135125,
      98.94485305539956
    ],
    [
      177.0021954362158,
      85.44958275565766
    ]
  ],
  "bboxes": [
    [
      131.9915980454985,
      100.99869821790546,
      88.79363303441502,
      23.32367319337169
    ]
  ],
  "categories": [
    7
  ],
  "control_points": []
}