{
  "image_path": "/home/quynhthu/Documents/AI-project/e2e/data/raw/Video_19700101_085820_output_frame_001270.jpg",
  "command": 0,
  "waypoints": [
    [
      133.88024136840795,
      200.52421540014657
    ],
    [
      131.06506168437278,
      188.33957962742465
    ],
    [
      128.2280166264851,
      176.16001764017906
    ],
    [
      125.42634096204105,
      163.9722957716926
    ],
    [
      122.74784974371472,
      151.75698484223923
    ],
    [
      120.2763168979248,
      139.4982001158766
    ],
    [
      118.04398620413696,
      127.19361428714508
    ],
    [
      116.0278011149861,
      114.85171949431934
    ],
    [
      114.18254876845188,
      102.4830601699977
    ],
    [
      112.46398415142387,
      90.09610710720176
    ]
  ],
  "bboxes": [
    [
      136.36822993303625,
      68.76647670174414,
      8.686461423007273,
      11.664676768038362
    ]
  ],
  "categories": [
    8
  ],
  "control_points": []
}