{
  "image_path": "/home/quynhthu/Documents/AI-project/e2e/data/raw/Video_19700101_085820_output_frame_000540.jpg",
  "command": 0,
  "waypoints": [
    [
      79.11926605504587,
      217.49235474006116
    ],
    [
      79.46511715267019,
      203.52800702367293
    ],
    [
      78.96876763342135,
      189.56911076660762
    ],
    [
      77.43027105820329,
      175.68781992936533
    ],
    [
      74.58830544440826,
      162.0163348917717
    ],
    [
      70.12501434978698,
      148.78966339105278
    ],
    [
      63.69478013459542,
      136.40664598183292
    ],
    [
      55.055536463551356,
      125.45929458754807
    ],
    [
      44.282538114155365,
      116.6097295249457
    ],
    [
      31.85321100917431,
      110.2874617737003
    ]
  ],
  "bboxes": [],
  "categories": [],
  "control_points": [
    [
      79.11926605504587,
      217.49235474006116
    ],
    [
      82.54434250764525,
      150.70336391437309
    ],
    [
      60.281345565749234,
      121.24770642201834
    ],
    [
      31.85321100917431,
      110.2874617737003
    ]
  ]
}