{
  "image_path": "/home/quynhthu/Documents/AI-project/e2e/data/raw/Video_19700101_085820_output_frame_002580_dup1.jpg",
  "command": 2,
  "waypoints": [
    [
      153.30630260385558,
      204.56375436832667
    ],
    [
      152.17697034342638,
      189.51743661728804
    ],
    [
      151.21412496359844,
      174.45966356732075
    ],
    [
      150.58494514200046,
      159.384711623711
    ],
    [
      150.64259532724353,
      144.29887100770017
    ],
    [
      152.2999439755411,
      129.31883251933294
    ],
    [
      158.39622052334198,
      115.70294976247978
    ],
    [
      171.6253111715251,
      109.09810392449792
    ],
    [
      186.67598865650103,
      108.61856431408656
    ],
    [
      201.69404030233977,
      110.04938820960515
    ]
  ],
  "bboxes": [],
  "categories": [],
  "control_points": [
    [
      153.30630260385558,
      204.56375436832667
    ],
    [
      146.07075304146542,
      112.31049744785207
    ],
    [
      149.6885278226605,
      103.71828234251376
    ],
    [
      201.69404030233977,
      110.04938820960515
    ]
  ]
}