{
  "image_path": "/home/quynhthu/Documents/AI-project/e2e/data/raw/Video_19700101_085820_output_frame_000580.jpg",
  "command": 0,
  "waypoints": [
    [
      92.81957186544342,
      223.65749235474004
    ],
    [
      92.95769137022191,
      211.23442919170978
    ],
    [
      92.8918221239408,
      198.81089664988176
    ],
    [
      92.57070641923256,
      186.39144706768823
    ],
    [
      91.92445374467428,
      173.9848595686286
    ],
    [
      90.8535429821885,
      161.6080728892839
    ],
    [
      89.20877596839807,
      149.2952033952925
    ],
    [
      86.76230148037504,
      137.11815286304758
    ],
    [
      83.14253089477164,
      125.2419704360598
    ],
    [
      77.74923547400611,
      114.05504587155963
    ]
  ],
  "bboxes": [
    [
      5.82262996941896,
      79.11926605504587,
      17.46788990825688,
      11.302752293577981
    ]
  ],
  "categories": [
    3
  ],
  "control_points": []
}