{
  "image_path": "/home/quynhthu/Documents/AI-project/e2e/data/raw/Video_20260119_140111_output_frame_000310.jpg",
  "command": 0,
  "waypoints": [
    [
      115.7718892489566,
      192.3537644817933
    ],
    [
      116.86069571926707,
      180.93393331326558
    ],
    [
      117.78545333863666,
      169.4996734070372
    ],
    [
      118.52717517281008,
      158.05210849184445
    ],
    [
      119.06924045838937,
      146.59337386904517
    ],
    [
      119.40133653219341,
      135.12664027322725
    ],
    [
      119.52562107913504,
      123.65575744754855
    ],
    [
      119.46138857358696,
      112.18434049270321
    ],
    [
      119.24711815855495,
      100.71469281453513
    ],
    [
      118.93744218250231,
      89.24718321773344
    ]
  ],
  "bboxes": [],
  "categories": [],
  "control_points": [
    [
      115.7718892489566,
      192.3537644817933
    ],
    [
      120.29410772545046,
      148.03602341215353
    ],
    [
      119.84188587780106,
      119.99826885789165
    ],
    [
      118.93744218250231,
      89.24718321773344
    ]
  ]
}