{
  "image_path": "/home/quynhthu/Documents/AI-project/e2e/data/raw/Video_19700101_085820_output_frame_002290.jpg",
  "command": 1,
  "waypoints": [
    [
      143.67189643190306,
      201.1709479066481
    ],
    [
      143.92201640402635,
      180.52180355784276
    ],
    [
      142.07321587992604,
      159.97051770668725
    ],
    [
      136.2866528668904,
      140.20616765390935
    ],
    [
      124.40851654241621,
      123.43511546366959
    ],
    [
      107.24750797024113,
      112.09112781833238
    ],
    [
      87.74177049704537,
      105.40637585251595
    ],
    [
      67.46015506192738,
      101.56137669461049
    ],
    [
      46.92494067085111,
      99.3847116936895
    ],
    [
      26.30330139058077,
      98.24202228681341
    ]
  ],
  "bboxes": [
    [
      81.98284130593184,
      134.39859174649095,
      140.43886410589084,
      32.98564067967544
    ]
  ],
  "categories": [
    7
  ],
  "control_points": []
}