{
  "image_path": "/home/quynhthu/Documents/AI-project/e2e/data/raw/Video_19700101_085820_output_frame_001120_dup1.jpg",
  "command": 1,
  "waypoints": [
    [
      113.45273277576611,
      187.61769360736986
    ],
    [
      113.99462239171535,
      171.83621893134352
    ],
    [
      114.06017578980116,
      156.0464896891708
    ],
    [
      113.31153460756317,
      140.27724183455388
    ],
    [
      110.99294154614205,
      124.67702972525115
    ],
    [
      105.17263136677079,
      110.09425359841356
    ],
    [
      93.0332419474688,
      100.23242134172786
    ],
    [
      77.6667886186881,
      96.90781296433387
    ],
    [
      61.902632206113005,
      96.1333557345927
    ],
    [
      46.11488168543383,
      95.82380704641938
    ]
  ],
  "bboxes": [
    [
      160.01970442529938,
      57.63219001011152,
      16.080680857392792,
      44.22187235783016
    ],
    [
      80.95635687645154,
      112.5745162728702,
      72.69807804279654,
      6.0302553215223185
    ]
  ],
  "categories": [
    12,
    7
  ],
  "control_points": []
}