{
  "image_path": "/home/quynhthu/Documents/AI-project/e2e/data/raw/Video_19700101_085820_output_frame_001520_dup1.jpg",
  "command": 0,
  "waypoints": [
    [
      87.9780034570113,
      184.30314736207728
    ],
    [
      99.61090401342378,
      172.17833700234075
    ],
    [
      112.66458103711567,
      161.61184368593393
    ],
    [
      127.18754864279617,
      153.17869897378253
    ],
    [
      142.67311662344045,
      146.6573455937294
    ],
    [
      158.6091999598543,
      141.3141251096133
    ],
    [
      174.7280764303785,
      136.5452339089181
    ],
    [
      190.91337214539942,
      132.0056756196761
    ],
    [
      207.1131231101139,
      127.5178273878683
    ],
    [
      223.30253140172687,
      122.99285102794086
    ]
  ],
  "bboxes": [],
  "categories": [],
  "control_points": [
    [
      87.9780034570113,
      184.30314736207728
    ],
    [
      118.90932413008913,
      148.9530665928455
    ],
    [
      141.00312461085903,
      146.19134153274925
    ],
    [
      223.30253140172687,
      122.99285102794086
    ]
  ]
}