{
  "image_path": "/home/quynhthu/Documents/AI-project/e2e/data/raw/Video_19700101_085820_output_frame_000410.jpg",
  "command": 0,
  "waypoints": [
    [
      116.79510703363914,
      221.94495412844034
    ],
    [
      116.85450772997247,
      208.79253229749952
    ],
    [
      116.84746758603303,
      195.64000717399495
    ],
    [
      116.7052582299945,
      182.48832902914688
    ],
    [
      116.32616495994954,
      169.3415585715994
    ],
    [
      115.55350736122028,
      156.21259870304982
    ],
    [
      114.13703672474428,
      143.13894648324444
    ],
    [
      111.6666748161777,
      130.2271991072215
    ],
    [
      107.47894236144806,
      117.77740639806635
    ],
    [
      100.69724770642203,
      106.51987767584099
    ]
  ],
  "bboxes": [
    [
      162.69113149847095,
      64.73394495412843,
      11.302752293577981,
      23.290519877675848
    ]
  ],
  "categories": [
    9
  ],
  "control_points": []
}