{
  "image_path": "/home/quynhthu/Documents/AI-project/e2e/data/raw/Video_19700101_085820_output_frame_000880.jpg",
  "command": 0,
  "waypoints": [
    [
      173.30886850152905,
      209.27217125382262
    ],
    [
      166.23037716615698,
      198.4641522256201
    ],
    [
      159.1518858307849,
      187.6561331974176
    ],
    [
      152.07339449541283,
      176.8481141692151
    ],
    [
      144.99490316004076,
      166.04009514101256
    ],
    [
      137.9164118246687,
      155.23207611281006
    ],
    [
      130.83792048929664,
      144.42405708460754
    ],
    [
      123.75942915392454,
      133.61603805640502
    ],
    [
      116.68093781855248,
      122.8080190282025
    ],
    [
      109.60244648318042,
      112.0
    ]
  ],
  "bboxes": [],
  "categories": [],
  "control_points": [
    [
      173.30886850152905,
      209.27217125382262
    ],
    [
      152.285749235474,
      177.17235474006117
    ],
    [
      131.26262996941895,
      145.07253822629968
    ],
    [
      109.60244648318042,
      112.0
    ]
  ]
}