{
  "image_path": "/home/quynhthu/Documents/AI-project/e2e/data/raw/Video_19700101_085820_output_frame_003720.jpg",
  "command": 0,
  "waypoints": [
    [
      110.34522707716398,
      176.5259998140648
    ],
    [
      104.34755488324733,
      166.1852576828413
    ],
    [
      97.62732516105524,
      156.30122635857396
    ],
    [
      89.90479689266499,
      147.1847284031248
    ],
    [
      80.88810052639452,
      139.35820898487214
    ],
    [
      70.51267678374192,
      133.46242396183038
    ],
    [
      59.16505865068699,
      129.75066486754812
    ],
    [
      47.380200826994646,
      127.77648906144019
    ],
    [
      35.464075170151894,
      126.82387664616182
    ],
    [
      23.51863232848203,
      126.32937472498303
    ]
  ],
  "bboxes": [],
  "categories": [],
  "control_points": [
    [
      110.34522707716398,
      176.5259998140648
    ],
    [
      85.02080360879842,
      129.9471495061781
    ],
    [
      64.21859861692668,
      127.68604026793118
    ],
    [
      23.518632328482017,
      126.32937472498303
    ]
  ]
}