{
  "image_path": "/home/quynhthu/Documents/AI-project/e2e/data/raw/Video_19700101_085820_output_frame_002110.jpg",
  "command": 2,
  "waypoints": [
    [
      21.87841972944434,
      211.62383964186992
    ],
    [
      31.721807051736082,
      196.03104222029683
    ],
    [
      42.417147590528266,
      181.01144235255055
    ],
    [
      54.182080539213054,
      166.8171683448476
    ],
    [
      67.26870444528659,
      153.8373510089029
    ],
    [
      81.89621311740694,
      142.63289229663422
    ],
    [
      98.09124910079805,
      133.85674998099074
    ],
    [
      115.52384762293691,
      127.90243986258182
    ],
    [
      133.63793131795669,
      124.50403583210522
    ],
    [
      151.99996491351794,
      122.83020660745491
    ]
  ],
  "bboxes": [],
  "categories": [],
  "control_points": [
    [
      21.87841972944434,
      211.62383964186992
    ],
    [
      67.70739161817467,
      135.10582407765054
    ],
    [
      105.76180577578111,
      125.69451735050056
    ],
    [
      151.99996491351794,
      122.83020660745491
    ]
  ]
}