{
  "image_path": "/home/quynhthu/Documents/AI-project/e2e/data/raw/Video_19700101_085820_output_frame_002920.jpg",
  "command": 3,
  "waypoints": [
    [
      148.33186227971234,
      163.4115662322326
    ],
    [
      151.63715230438962,
      156.70757614602505
    ],
    [
      154.7128436205128,
      149.89533038087774
    ],
    [
      157.5066055865233,
      142.96291323860706
    ],
    [
      159.9518525009349,
      135.9003915303777
    ],
    [
      161.95086646253006,
      128.69943900291315
    ],
    [
      163.36723049252748,
      121.36270341998822
    ],
    [
      164.00422900059752,
      113.91969103020332
    ],
    [
      163.598720026094,
      106.46385230893587
    ],
    [
      161.8985177091939,
      99.1960638660199
    ]
  ],
  "bboxes": [],
  "categories": [],
  "control_points": [
    [
      148.33186227971234,
      163.4115662322326
    ],
    [
      167.32517988098652,
      126.32937472498303
    ],
    [
      165.0640706427396,
      108.692722666657
    ],
    [
      161.8985177091939,
      99.1960638660199
    ]
  ]
}