{
  "image_path": "/home/quynhthu/Documents/AI-project/e2e/data/raw/Video_19700101_085820_output_frame_000550.jpg",
  "command": 0,
  "waypoints": [
    [
      80.48929663608563,
      219.88990825688072
    ],
    [
      81.1218938729805,
      206.32698465041076
    ],
    [
      81.32257056048013,
      192.7511229916999
    ],
    [
      80.95594753354172,
      179.17932660248073
    ],
    [
      79.8059060518363,
      165.65268877572834
    ],
    [
      77.54016109061627,
      152.27084259923438
    ],
    [
      73.62919949403206,
      139.2821556345192
    ],
    [
      67.37715621526667,
      127.2607291658781
    ],
    [
      58.441135863389384,
      117.08315112574499
    ],
    [
      47.608562691131496,
      108.91743119266054
    ]
  ],
  "bboxes": [],
  "categories": [],
  "control_points": [
    [
      80.48929663608563,
      219.88990825688072
    ],
    [
      85.28440366972477,
      140.085626911315
    ],
    [
      68.8440366972477,
      122.96024464831804
    ],
    [
      47.608562691131496,
      108.91743119266054
    ]
  ]
}