{
  "image_path": "/home/quynhthu/Documents/AI-project/e2e/data/raw/Video_20260119_140111_output_frame_000240.jpg",
  "command": 0,
  "waypoints": [
    [
      97.6830153429812,
      190.54487709119573
    ],
    [
      99.1472603561851,
      179.65384669411117
    ],
    [
      100.47065864255353,
      168.7448463192203
    ],
    [
      101.61321390116917,
      157.81548387753494
    ],
    [
      102.53505763605764,
      146.86535672562385
    ],
    [
      103.2131792491765,
      135.89744758030076
    ],
    [
      103.66839460590147,
      124.91794677675664
    ],
    [
      103.97143467188855,
      113.93309005924144
    ],
    [
      104.21335149493812,
      102.94667571292298
    ],
    [
      104.46634305772199,
      91.96051430362975
    ]
  ],
  "bboxes": [],
  "categories": [],
  "control_points": [
    [
      97.6830153429812,
      190.54487709119573
    ],
    [
      104.01412121007259,
      145.3226923262572
    ],
    [
      103.5618993624232,
      128.13826211558057
    ],
    [
      104.46634305772199,
      91.96051430362975
    ]
  ]
}