{
  "image_path": "/home/quynhthu/Documents/AI-project/e2e/data/raw/Video_19700101_085820_output_frame_001010_dup2.jpg",
  "command": 1,
  "waypoints": [
    [
      112.0,
      212.5
    ],
    [
      109.37797320582112,
      195.93768242460263
    ],
    [
      105.51503939249488,
      179.625822342258
    ],
    [
      99.68032857787043,
      163.92373382474892
    ],
    [
      90.8110891330167,
      149.7415913639412
    ],
    [
      78.22597029441414,
      138.7495882409218
    ],
    [
      62.92726254546729,
      131.99368883366492
    ],
    [
      46.51968221207615,
      128.62606680543382
    ],
    [
      29.806935537438292,
      127.3267771980272
    ],
    [
      13.038552518522897,
      127.21261316119495
    ]
  ],
  "bboxes": [
    [
      114.11623846893612,
      67.60269580582306,
      7.40495867768594,
      16.290909090909082
    ]
  ],
  "categories": [
    12
  ],
  "control_points": []
}