{
  "image_path": "/home/quynhthu/Documents/AI-project/e2e/data/raw/Video_19700101_085820_output_frame_000720.jpg",
  "command": 0,
  "waypoints": [
    [
      105.49235474006116,
      224.0
    ],
    [
      105.49235474006116,
      210.8324838600068
    ],
    [
      105.49235474006115,
      197.66496772001358
    ],
    [
      105.49235474006113,
      184.4974515800204
    ],
    [
      105.49235474006119,
      171.32993544002719
    ],
    [
      105.49235474006116,
      158.16241930003397
    ],
    [
      105.49235474006116,
      144.9949031600408
    ],
    [
      105.49235474006116,
      131.82738702004758
    ],
    [
      105.49235474006117,
      118.65987088005437
    ],
    [
      105.49235474006116,
      105.49235474006116
    ]
  ],
  "bboxes": [
    [
      97.61467889908256,
      78.43425076452598,
      19.522935779816507,
      20.550458715596335
    ]
  ],
  "categories": [
    3
  ],
  "control_points": [
    [
      105.49235474006116,
      224.0
    ],
    [
      105.49235474006116,
      184.89247706422017
    ],
    [
      105.49235474006116,
      145.78495412844035
    ],
    [
      105.49235474006116,
      105.49235474006116
    ]
  ]
}