{
  "image_path": "/home/quynhthu/Documents/AI-project/e2e/data/raw/Video_19700101_085820_output_frame_000850.jpg",
  "command": 2,
  "waypoints": [
    [
      210.64220183486236,
      193.1743119266055
    ],
    [
      203.7539925246347,
      183.35575942915392
    ],
    [
      196.86578321440706,
      173.53720693170234
    ],
    [
      189.97757390417937,
      163.71865443425077
    ],
    [
      183.08936459395176,
      153.9001019367992
    ],
    [
      176.2011552837241,
      144.08154943934758
    ],
    [
      169.31294597349643,
      134.26299694189603
    ],
    [
      162.4247366632688,
      124.44444444444444
    ],
    [
      155.5365273530411,
      114.62589194699287
    ],
    [
      148.64831804281346,
      104.80733944954127
    ]
  ],
  "bboxes": [],
  "categories": [],
  "control_points": [
    [
      210.64220183486236,
      193.1743119266055
    ],
    [
      190.18422018348622,
      164.0132110091743
    ],
    [
      169.72623853211007,
      134.8521100917431
    ],
    [
      148.64831804281346,
      104.80733944954127
    ]
  ]
}