{
  "image_path": "/home/quynhthu/Documents/AI-project/e2e/data/raw/Video_19700101_085820_output_frame_003280.jpg",
  "command": 3,
  "waypoints": [
    [
      133.40854130728263,
      190.9970989388451
    ],
    [
      134.00231912192731,
      180.43827873184526
    ],
    [
      134.62211945587396,
      169.88095506314855
    ],
    [
      135.2727515519374,
      159.3254879402015
    ],
    [
      135.95971342657285,
      148.77232458334854
    ],
    [
      136.68826615335806,
      138.22195231283322
    ],
    [
      137.45972752617647,
      127.67462965479577
    ],
    [
      138.26037152287648,
      117.12947646471474
    ],
    [
      139.04401369471194,
      106.5830565481702
    ],
    [
      139.73964717437403,
      96.03051093247421
    ]
  ],
  "bboxes": [],
  "categories": [],
  "control_points": [
    [
      133.40854130728263,
      190.9970989388451
    ],
    [
      136.57409424082832,
      133.56492428737317
    ],
    [
      138.38298163142588,
      118.64160331494347
    ],
    [
      139.73964717437403,
      96.03051093247421
    ]
  ]
}