{
  "image_path": "/home/quynhthu/Documents/AI-project/e2e/data/raw/Video_19700101_085820_output_frame_002050.jpg",
  "command": 0,
  "waypoints": [
    [
      119.26498499299629,
      221.03514636901988
    ],
    [
      118.66381264292725,
      208.8541051455242
    ],
    [
      118.1788889012147,
      196.6678976554002
    ],
    [
      117.8150091478289,
      184.4774626818564
    ],
    [
      117.52174512910526,
      172.2850857725062
    ],
    [
      117.1939307592594,
      160.09361257103126
    ],
    [
      116.7534924611897,
      147.9057194493251
    ],
    [
      116.18810875433068,
      135.72297389438995
    ],
    [
      115.51719229547027,
      123.54556684959257
    ],
    [
      114.76392525392455,
      111.37296363527233
    ]
  ],
  "bboxes": [],
  "categories": [],
  "control_points": [
    [
      119.26498499299629,
      221.03514636901988
    ],
    [
      116.80986149895716,
      175.20617448028955
    ],
    [
      118.44661049498325,
      168.24999124717874
    ],
    [
      114.76392525392455,
      111.37296363527233
    ]
  ]
}