{
  "image_path": "/home/quynhthu/Documents/AI-project/e2e/data/raw/Video_19700101_085820_output_frame_002830.jpg",
  "command": 0,
  "waypoints": [
    [
      81.40302882760332,
      198.23264850123525
    ],
    [
      76.14478778145477,
      189.51054408964268
    ],
    [
      70.89768439444883,
      180.7819384488309
    ],
    [
      65.93067151683505,
      171.8914819164449
    ],
    [
      61.36437092746443,
      162.78896298645967
    ],
    [
      57.21110910766228,
      153.4906304167657
    ],
    [
      53.43427116508992,
      144.03294945489122
    ],
    [
      49.982911145527666,
      134.45152286404164
    ],
    [
      46.808177034344915,
      124.77478823973323
    ],
    [
      43.86861547270435,
      115.0238285337484
    ]
  ],
  "bboxes": [
    [
      96.77857164768243,
      67.54053453056295,
      12.209989886533407,
      16.732208363027254
    ]
  ],
  "categories": [
    10
  ],
  "control_points": []
}