{
  "image_path": "/home/quynhthu/Documents/AI-project/e2e/data/raw/Video_19700101_085820_output_frame_001930_dup2.jpg",
  "command": 1,
  "waypoints": [
    [
      95.9413117996246,
      221.44433361802643
    ],
    [
      96.94311045636172,
      203.8430191795582
    ],
    [
      97.86049764000462,
      186.23717207483767
    ],
    [
      98.52901804644378,
      168.6204728274894
    ],
    [
      98.63055066333662,
      150.993147143614
    ],
    [
      97.45201789762478,
      133.41599753408602
    ],
    [
      93.10177877537775,
      116.41649831139887
    ],
    [
      81.43483899594224,
      103.47187837700564
    ],
    [
      64.4383948500368,
      99.32918458065556
    ],
    [
      46.83884191884211,
      99.91572066308974
    ]
  ],
  "bboxes": [
    [
      43.15615667778342,
      122.01183210944188,
      112.93568072579973,
      9.820493976156484
    ]
  ],
  "categories": [
    7
  ],
  "control_points": []
}