{
  "image_path": "/home/quynhthu/Documents/AI-project/e2e/data/raw/Video_19700101_085820_output_frame_001590.jpg",
  "command": 0,
  "waypoints": [
    [
      53.925947169519965,
      201.14984792035833
    ],
    [
      57.061681614683074,
      190.6574797385974
    ],
    [
      60.20285780111453,
      180.16673982605778
    ],
    [
      63.35829702012808,
      169.68028251610681
    ],
    [
      66.53942394644304,
      159.20159239373208
    ],
    [
      69.76212808014941,
      148.73562211393585
    ],
    [
      73.04966112672953,
      138.28985328927232
    ],
    [
      76.43973426861892,
      127.87696613400608
    ],
    [
      80.00168110199488,
      117.52183224224423
    ],
    [
      83.89726932284499,
      107.28743293265462
    ]
  ],
  "bboxes": [
    [
      43.428523309014196,
      110.03895078167959,
      87.85735267841659,
      8.686461423007273
    ]
  ],
  "categories": [
    7
  ],
  "control_points": []
}