{
  "image_path": "/home/quynhthu/Documents/AI-project/e2e/data/raw/Video_19700101_085820_output_frame_002590_dup1.jpg",
  "command": 1,
  "waypoints": [
    [
      136.57409424082832,
      186.9271023100006
    ],
    [
      135.56563995797978,
      171.9614741171147
    ],
    [
      134.43987795107807,
      157.0044414407227
    ],
    [
      132.7003363702276,
      142.1092848469758
    ],
    [
      128.9657694151824,
      127.61568287312825
    ],
    [
      120.05472310777422,
      115.7995883124997
    ],
    [
      106.31280982638121,
      110.0447907103789
    ],
    [
      91.4799646162248,
      107.9022940271515
    ],
    [
      76.50263537049354,
      107.12144142550876
    ],
    [
      61.50526753103038,
      106.88383527605946
    ]
  ],
  "bboxes": [],
  "categories": [],
  "control_points": [
    [
      136.57409424082832,
      186.9271023100006
    ],
    [
      131.5996539166851,
      114.571606686099
    ],
    [
      134.3129850025814,
      107.33605712370885
    ],
    [
      61.50526753103038,
      106.88383527605946
    ]
  ]
}