{
  "image_path": "/home/quynhthu/Documents/AI-project/e2e/data/raw/Video_19700101_085820_output_frame_000660.jpg",
  "command": 0,
  "waypoints": [
    [
      116.79510703363914,
      224.0
    ],
    [
      116.40297981707727,
      211.08737501685184
    ],
    [
      115.77142739950271,
      198.18443316778826
    ],
    [
      114.8149701177458,
      185.3017330354459
    ],
    [
      113.40986940076827,
      172.46069115907784
    ],
    [
      111.37777656542372,
      159.70482917127399
    ],
    [
      108.45842487476509,
      147.12443804319483
    ],
    [
      104.29340798807623,
      134.90384160833844
    ],
    [
      98.47845821140217,
      123.38254937867937
    ],
    [
      90.7645259938838,
      113.02752293577981
    ]
  ],
  "bboxes": [
    [
      143.85321100917432,
      63.70642201834862,
      14.385321100917423,
      22.26299694189602
    ],
    [
      63.36391437308868,
      78.43425076452598,
      12.672782874617731,
      14.042813455657495
    ]
  ],
  "categories": [
    11,
    3
  ],
  "control_points": []
}