{
  "image_path": "/home/quynhthu/Documents/AI-project/e2e/data/raw/Video_19700101_085820_output_frame_001920_dup2.jpg",
  "command": 3,
  "waypoints": [
    [
      120.49254674001585,
      223.49026986305904
    ],
    [
      120.74996241135148,
      208.61890163497063
    ],
    [
      121.02466872215795,
      193.74784344289003
    ],
    [
      121.32006370219109,
      178.87718230170793
    ],
    [
      121.64085965847134,
      164.00704826289538
    ],
    [
      121.99362941662875,
      149.1376400416717
    ],
    [
      122.38925395888032,
      134.2693142842352
    ],
    [
      122.84732829383488,
      119.40279426560339
    ],
    [
      123.4114908234867,
      104.5399705740079
    ],
    [
      124.17523198107453,
      89.68603943792674
    ]
  ],
  "bboxes": [
    [
      73.84520035327247,
      113.00971263129841,
      107.61624648871495,
      15.139928213241262
    ]
  ],
  "categories": [
    7
  ],
  "control_points": []
}