{
  "image_path": "/home/quynhthu/Documents/AI-project/e2e/data/raw/Video_19700101_085820_output_frame_001070.jpg",
  "command": 0,
  "waypoints": [
    [
      98.93607317967992,
      206.8159189463189
    ],
    [
      99.72877634266327,
      194.74651089755233
    ],
    [
      100.77042219032789,
      182.69614600754
    ],
    [
      102.03559339636197,
      170.6671617321141
    ],
    [
      103.50688514064376,
      158.66162514366488
    ],
    [
      105.17320017802697,
      146.68158881938024
    ],
    [
      107.02874681867648,
      134.72939580468153
    ],
    [
      109.07257526893991,
      122.8079582896205
    ],
    [
      111.30857899819547,
      110.92107659913782
    ],
    [
      113.74599053505182,
      99.07377018598834
    ]
  ],
  "bboxes": [
    [
      141.14433764248983,
      65.01096026863297,
      7.404958677685954,
      22.95537190082645
    ]
  ],
  "categories": [
    12
  ],
  "control_points": []
}