{
  "image_path": "/home/quynhthu/Documents/AI-project/e2e/data/raw/Video_19700101_085820_output_frame_000970.jpg",
  "command": 1,
  "waypoints": [
    [
      139.50508760050772,
      210.92564136232454
    ],
    [
      135.8278584996845,
      192.16515392208206
    ],
    [
      131.1290060775768,
      173.63754029622643
    ],
    [
      124.80868045973364,
      155.606752422534
    ],
    [
      115.83480804539712,
      138.76287097280817
    ],
    [
      102.96072803659358,
      124.71483312051815
    ],
    [
      86.34566576419776,
      115.38306732291197
    ],
    [
      67.92948720077875,
      110.3573972081008
    ],
    [
      49.00184501678218,
      107.71414891900284
    ],
    [
      29.955449259519384,
      106.0662016047424
    ]
  ],
  "bboxes": [
    [
      69.15210884941428,
      134.54240728970882,
      125.29530501385213,
      22.7809645479731
    ]
  ],
  "categories": [
    7
  ],
  "control_points": []
}