{
  "image_path": "/home/quynhthu/Documents/AI-project/e2e/data/raw/Video_19700101_085820_output_frame_002110_dup1.jpg",
  "command": 3,
  "waypoints": [
    [
      21.87841972944434,
      211.62383964186992
    ],
    [
      25.677860613379607,
      198.4501398028061
    ],
    [
      29.477380238940665,
      185.27646282868193
    ],
    [
      33.30356823534188,
      172.1105150017369
    ],
    [
      37.22233808605629,
      158.97189597649313
    ],
    [
      41.39911082881093,
      145.91347472265983
    ],
    [
      46.154572570057496,
      133.0560351303905
    ],
    [
      51.65548051707949,
      120.49894022756901
    ],
    [
      57.58044179080894,
      108.13481382853145
    ],
    [
      63.61551912810946,
      95.82384817302453
    ]
  ],
  "bboxes": [],
  "categories": [],
  "control_points": [
    [
      21.87841972944434,
      211.62383964186992
    ],
    [
      43.974531175796464,
      135.10582407765054
    ],
    [
      41.92859493076386,
      140.0160710657288
    ],
    [
      63.61551912810946,
      95.82384817302453
    ]
  ]
}