{
  "image_path": "/home/quynhthu/Documents/AI-project/e2e/data/raw/Video_19700101_085820_output_frame_002730.jpg",
  "command": 0,
  "waypoints": [
    [
      132.50409761198387,
      190.54487709119573
    ],
    [
      131.80732862067472,
      179.36856391540164
    ],
    [
      130.80793183096407,
      168.21551003389672
    ],
    [
      129.36645774619095,
      157.11153167752664
    ],
    [
      127.26839573120829,
      146.11410916980742
    ],
    [
      124.17801318234712,
      135.35693561078995
    ],
    [
      119.6032495867343,
      125.1513669159215
    ],
    [
      112.99852780229801,
      116.14348109494603
    ],
    [
      104.26363222242153,
      109.19225402787735
    ],
    [
      94.06524056178613,
      104.62272603781254
    ]
  ],
  "bboxes": [],
  "categories": [],
  "control_points": [
    [
      132.50409761198387,
      190.54487709119573
    ],
    [
      129.79076652608757,
      138.08714276386704
    ],
    [
      121.65077326839862,
      113.66716299080025
    ],
    [
      94.06524056178613,
      104.62272603781254
    ]
  ]
}