{
  "image_path": "/home/quynhthu/Documents/AI-project/e2e/data/raw/Video_19700101_085820_output_frame_000830.jpg",
  "command": 0,
  "waypoints": [
    [
      88.36697247706421,
      202.76452599388378
    ],
    [
      90.91675161399932,
      191.80428134556573
    ],
    [
      93.46653075093441,
      180.8440366972477
    ],
    [
      96.01630988786948,
      169.88379204892965
    ],
    [
      98.56608902480464,
      158.92354740061162
    ],
    [
      101.11586816173971,
      147.96330275229357
    ],
    [
      103.66564729867481,
      137.00305810397552
    ],
    [
      106.21542643560991,
      126.04281345565748
    ],
    [
      108.76520557254503,
      115.08256880733944
    ],
    [
      111.31498470948011,
      104.1223241590214
    ]
  ],
  "bboxes": [],
  "categories": [],
  "control_points": [
    [
      88.36697247706421,
      202.76452599388378
    ],
    [
      95.93981651376146,
      170.2125993883792
    ],
    [
      103.5126605504587,
      137.6606727828746
    ],
    [
      111.31498470948011,
      104.1223241590214
    ]
  ]
}