{
  "image_path": "/home/quynhthu/Documents/AI-project/e2e/data/raw/Video_19700101_085820_output_frame_002740.jpg",
  "command": 0,
  "waypoints": [
    [
      132.50409761198387,
      190.54487709119573
    ],
    [
      131.54788748169298,
      178.60899380260295
    ],
    [
      129.78285659665823,
      166.7670103407042
    ],
    [
      126.95546766873515,
      155.13543539337633
    ],
    [
      122.73474155249941,
      143.93877873969097
    ],
    [
      116.76535052253674,
      133.57630662975384
    ],
    [
      108.8542790558982,
      124.61636508631472
    ],
    [
      99.20596784799743,
      117.56003147241019
    ],
    [
      88.36788641993562,
      112.50159697956866
    ],
    [
      76.88081035110947,
      109.14494451430639
    ]
  ],
  "bboxes": [],
  "categories": [],
  "control_points": [
    [
      132.50409761198387,
      190.54487709119573
    ],
    [
      129.79076652608757,
      138.08714276386704
    ],
    [
      110.79744892481337,
      116.83271592434593
    ],
    [
      76.88081035110947,
      109.14494451430639
    ]
  ]
}