{
  "image_path": "/home/quynhthu/Documents/AI-project/e2e/data/raw/Video_19700101_085820_output_frame_002380.jpg",
  "command": 0,
  "waypoints": [
    [
      106.97196303295868,
      172.8818392061123
    ],
    [
      105.48675701634123,
      164.56628643587896
    ],
    [
      103.98565537137353,
      156.25361536863454
    ],
    [
      102.31922673520553,
      147.97281891430785
    ],
    [
      100.30604520765968,
      139.77006098269538
    ],
    [
      97.82271393153906,
      131.69757306603233
    ],
    [
      94.86485801215528,
      123.78640721690776
    ],
    [
      91.51049190241746,
      116.03459878471863
    ],
    [
      87.85610942239788,
      108.41928295269847
    ],
    [
      83.98197104409398,
      100.91316863227497
    ]
  ],
  "bboxes": [],
  "categories": [],
  "control_points": [
    [
      106.97196303295868,
      172.8818392061123
    ],
    [
      101.9741386875533,
      145.39380530638275
    ],
    [
      100.97457381847224,
      132.89924444286933
    ],
    [
      83.98197104409398,
      100.91316863227497
    ]
  ]
}