{
  "image_path": "/home/quynhthu/Documents/AI-project/e2e/data/raw/Video_19700101_085820_output_frame_000730.jpg",
  "command": 0,
  "waypoints": [
    [
      127.75535168195718,
      223.31498470948011
    ],
    [
      127.41284403669725,
      210.18552497451589
    ],
    [
      127.07033639143731,
      197.05606523955166
    ],
    [
      126.72782874617734,
      183.92660550458737
    ],
    [
      126.38532110091742,
      170.79714576962303
    ],
    [
      126.04281345565748,
      157.66768603465863
    ],
    [
      125.70030581039754,
      144.53822629969426
    ],
    [
      125.35779816513761,
      131.4087665647299
    ],
    [
      125.01529051987767,
      118.27930682976549
    ],
    [
      124.67278287461772,
      105.14984709480122
    ]
  ],
  "bboxes": [
    [
      113.71253822629969,
      78.77675840978593,
      18.152905198776764,
      21.92048929663609
    ]
  ],
  "categories": [
    3
  ],
  "control_points": []
}