{
  "image_path": "/home/quynhthu/Documents/AI-project/e2e/data/raw/Video_19700101_085820_output_frame_001110_dup2.jpg",
  "command": 3,
  "waypoints": [
    [
      113.45273277576611,
      187.61769360736986
    ],
    [
      113.90095020981349,
      176.6771430092474
    ],
    [
      114.34019239887634,
      165.7362286960144
    ],
    [
      114.76756788203673,
      154.79484475662815
    ],
    [
      115.17882279351197,
      143.8528437983663
    ],
    [
      115.56663954184553,
      132.90998912453315
    ],
    [
      115.91739452346671,
      121.96589102376495
    ],
    [
      116.20121250369652,
      111.01989049646438
    ],
    [
      116.33483466817732,
      100.07122156787369
    ],
    [
      116.13284625199826,
      89.12352335583907
    ]
  ],
  "bboxes": [
    [
      89.66672567420595,
      106.2092467668189,
      58.96249647710688,
      7.035297875109336
    ],
    [
      159.34967605624135,
      60.31230348634365,
      11.390482273986578,
      36.8515602981918
    ]
  ],
  "categories": [
    7,
    12
  ],
  "control_points": []
}