{
  "image_path": "/home/quynhthu/Documents/AI-project/e2e/data/raw/Video_20260119_140111_output_frame_000460.jpg",
  "command": 0,
  "waypoints": [
    [
      109.4407833818652,
      194.16265187239085
    ],
    [
      110.908660206827,
      182.55680586527026
    ],
    [
      112.32627066442934,
      170.94473126860268
    ],
    [
      113.63339585468879,
      159.31976259980001
    ],
    [
      114.74230175944355,
      147.67435883321733
    ],
    [
      115.54733260136817,
      136.00424083245244
    ],
    [
      115.9595229710662,
      124.3138349446354
    ],
    [
      115.9499574586702,
      112.61613854198352
    ],
    [
      115.55900594745165,
      100.9247905670335
    ],
    [
      114.86744555365784,
      89.24718321773344
    ]
  ],
  "bboxes": [],
  "categories": [],
  "control_points": [
    [
      109.4407833818652,
      194.16265187239085
    ],
    [
      115.31966740130723,
      148.03602341215353
    ],
    [
      117.58077663955416,
      128.13826211558057
    ],
    [
      114.86744555365784,
      89.24718321773344
    ]
  ]
}