{
  "image_path": "/home/quynhthu/Documents/AI-project/e2e/data/raw/Video_19700101_085820_output_frame_000500.jpg",
  "command": 0,
  "waypoints": [
    [
      113.37003058103974,
      221.60244648318042
    ],
    [
      111.91857296404206,
      207.09927573381358
    ],
    [
      109.94934675019316,
      192.6576552227565
    ],
    [
      107.33893877186036,
      178.31867785395187
    ],
    [
      103.90730234114916,
      164.15492883325555
    ],
    [
      99.38831240455865,
      150.30222141049688
    ],
    [
      93.37749975793552,
      137.03481770194347
    ],
    [
      85.28043949744718,
      124.94451342658897
    ],
    [
      74.43355045475039,
      115.29352422950294
    ],
    [
      60.96636085626911,
      109.94495412844036
    ]
  ],
  "bboxes": [],
  "categories": [],
  "control_points": [
    [
      113.37003058103974,
      221.60244648318042
    ],
    [
      106.17737003058103,
      136.31804281345566
    ],
    [
      82.20183486238531,
      114.05504587155963
    ],
    [
      60.96636085626911,
      109.94495412844036
    ]
  ]
}