{
  "image_path": "/home/quynhthu/Documents/AI-project/e2e/data/raw/Video_19700101_085820_output_frame_001130_dup1.jpg",
  "command": 3,
  "waypoints": [
    [
      110.77261929953399,
      185.27259431566674
    ],
    [
      110.49129062910254,
      174.62857344263824
    ],
    [
      110.22323875963366,
      163.98421105690565
    ],
    [
      109.97868442406201,
      153.33928503228867
    ],
    [
      109.76987418419385,
      142.69360162916666
    ],
    [
      109.61089964256587,
      132.04706315613706
    ],
    [
      109.51692080841103,
      121.39976029648759
    ],
    [
      109.50310163081411,
      110.75206063571855
    ],
    [
      109.58312493468549,
      100.10466151457715
    ],
    [
      109.76757674594693,
      89.45853754036807
    ]
  ],
  "bboxes": [
    [
      167.39001648493775,
      53.27700561123431,
      15.745666672863763,
      50.25212767935245
    ],
    [
      71.57595970963908,
      118.60477159439252,
      85.09360287037015,
      10.720453904928505
    ]
  ],
  "categories": [
    12,
    7
  ],
  "control_points": []
}