{
  "image_path": "/home/quynhthu/Documents/AI-project/e2e/data/raw/Video_19700101_085820_output_frame_001430.jpg",
  "command": 0,
  "waypoints": [
    [
      117.30941572253477,
      186.47660006745514
    ],
    [
      121.24141226319716,
      175.3030000464954
    ],
    [
      125.6005462215223,
      164.28939241335428
    ],
    [
      130.49459713312208,
      153.50349834159417
    ],
    [
      136.06547463051487,
      143.05238551020176
    ],
    [
      142.50387654200932,
      133.11482240465
    ],
    [
      150.05112613525256,
      123.99658412573713
    ],
    [
      158.9596863500828,
      116.21570851869372
    ],
    [
      169.32392839742394,
      110.54066822418186
    ],
    [
      180.79472270142765,
      107.73040198786688
    ]
  ],
  "bboxes": [],
  "categories": [],
  "control_points": [
    [
      117.30941572253477,
      186.47660006745514
    ],
    [
      132.57030682323017,
      140.69392676536896
    ],
    [
      152.10424743212027,
      110.78258020800597
    ],
    [
      180.79472270142765,
      107.73040198786688
    ]
  ]
}