{
  "image_path": "/home/quynhthu/Documents/AI-project/e2e/data/raw/Video_19700101_085820_output_frame_000960_dup3.jpg",
  "command": 1,
  "waypoints": [
    [
      134.8148890171015,
      214.94581157667275
    ],
    [
      135.33273683601078,
      195.41859551868527
    ],
    [
      134.82975752008917,
      175.89282807123593
    ],
    [
      132.7721663700399,
      156.4742724475959
    ],
    [
      128.1377661838715,
      137.52259707208273
    ],
    [
      119.00173678641521,
      120.35862001919548
    ],
    [
      103.77469079932362,
      108.40836946058977
    ],
    [
      85.01168975888189,
      103.22974289534702
    ],
    [
      65.54957664996971,
      101.6287492430876
    ],
    [
      46.03613011691214,
      100.70597465227816
    ]
  ],
  "bboxes": [
    [
      88.91794573662624,
      124.49198175383832,
      97.48912769794377,
      19.09580851815393
    ]
  ],
  "categories": [
    7
  ],
  "control_points": [
    [
      134.8148890171015,
      214.94581157667275
    ],
    [
      140.51013015409475,
      94.00569096169782
    ],
    [
      98.96837127249674,
      104.05611649756833
    ],
    [
      46.03613011691214,
      100.70597465227816
    ]
  ]
}