{
  "image_path": "/home/quynhthu/Documents/AI-project/e2e/data/raw/Video_19700101_085820_output_frame_002090.jpg",
  "command": 2,
  "waypoints": [
    [
      14.513049247326968,
      218.17083562597426
    ],
    [
      18.62637466825033,
      200.65076146030793
    ],
    [
      23.496457612574165,
      183.3269282271141
    ],
    [
      29.466093910966816,
      166.35335225304115
    ],
    [
      37.10426164125715,
      150.0703504424567
    ],
    [
      47.27174610143353,
      135.25828560815785
    ],
    [
      60.736512681271954,
      123.4072584266089
    ],
    [
      76.91738450115473,
      115.63094751315148
    ],
    [
      94.26755419617908,
      110.88739436961775
    ],
    [
      111.8996145108789,
      107.28109114520711
    ]
  ],
  "bboxes": [],
  "categories": [],
  "control_points": [
    [
      14.513049247326968,
      218.17083562597426
    ],
    [
      35.79078619566605,
      119.96589586440928
    ],
    [
      62.79714463009642,
      117.10158512136361
    ],
    [
      111.8996145108789,
      107.28109114520711
    ]
  ]
}