{
  "image_path": "/home/quynhthu/Documents/AI-project/e2e/data/raw/Video_19700101_085820_output_frame_002010.jpg",
  "command": 0,
  "waypoints": [
    [
      120.49254674001585,
      210.80546514385685
    ],
    [
      133.31260457737335,
      202.09806390124118
    ],
    [
      145.93065790459315,
      193.10091743720986
    ],
    [
      158.2339420459421,
      183.67889872028482
    ],
    [
      170.05682223862797,
      173.6622306896183
    ],
    [
      181.23390827712274,
      162.93062696009952
    ],
    [
      191.7486235689635,
      151.54794656894467
    ],
    [
      201.80850519671847,
      139.7596453497772
    ],
    [
      211.68543678134407,
      127.81707741942067
    ],
    [
      221.56179724462646,
      115.87402337434406
    ]
  ],
  "bboxes": [],
  "categories": [],
  "control_points": [
    [
      120.49254674001585,
      210.80546514385685
    ],
    [
      176.96038710291572,
      173.16023823525694
    ],
    [
      185.14413208304614,
      159.65705901804176
    ],
    [
      221.56179724462646,
      115.87402337434406
    ]
  ]
}