{
  "image_path": "/home/quynhthu/Documents/AI-project/e2e/data/raw/Video_19700101_085820_output_frame_000970_dup3.jpg",
  "command": 3,
  "waypoints": [
    [
      129.45466206463723,
      216.62088249931782
    ],
    [
      130.08042783512875,
      202.5830915581771
    ],
    [
      130.52048169659156,
      188.53832726037564
    ],
    [
      130.75320639701366,
      174.48862404011527
    ],
    [
      130.7577626248867,
      160.43702154644845
    ],
    [
      130.5144550028602,
      146.38755236975177
    ],
    [
      130.00562155370267,
      132.3452169652443
    ],
    [
      129.21793259441645,
      118.31577994799125
    ],
    [
      128.14198575905615,
      104.30551317986293
    ],
    [
      126.7745485884051,
      90.32053493187864
    ]
  ],
  "bboxes": [
    [
      74.1773216173495,
      137.22252076594094,
      114.2398369243946,
      17.755751780037883
    ]
  ],
  "categories": [
    7
  ],
  "control_points": []
}