{
  "image_path": "/home/quynhthu/Documents/AI-project/e2e/data/raw/Video_19700101_085820_output_frame_001060.jpg",
  "command": 0,
  "waypoints": [
    [
      96.71458557637413,
      204.59443134301313
    ],
    [
      97.77694484086962,
      192.58648155158164
    ],
    [
      98.88517186624942,
      180.58269255065323
    ],
    [
      100.08402251418768,
      168.58764238277482
    ],
    [
      101.41470634094817,
      156.6065387548563
    ],
    [
      102.9176048233186,
      144.6458673832275
    ],
    [
      104.63399382661174,
      132.71402749061906
    ],
    [
      106.60769390441308,
      120.82212981053087
    ],
    [
      108.88676469723256,
      108.98507780522453
    ],
    [
      111.52450293174603,
      97.22253051656683
    ]
  ],
  "bboxes": [
    [
      137.07161036976254,
      65.38120820251727,
      6.294214876033067,
      24.066115702479337
    ]
  ],
  "categories": [
    12
  ],
  "control_points": []
}