{
  "image_path": "/home/quynhthu/Documents/AI-project/e2e/data/raw/Video_19700101_085820_output_frame_001080.jpg",
  "command": 0,
  "waypoints": [
    [
      99.67656904744851,
      208.6671586157404
    ],
    [
      101.30995727075538,
      196.55861133137023
    ],
    [
      102.92844984114257,
      184.44806402521078
    ],
    [
      104.54704315129058,
      172.33753024183602
    ],
    [
      106.18184058691502,
      160.22917513668932
    ],
    [
      107.84995815270702,
      148.12536956533398
    ],
    [
      109.56940587084037,
      136.02875585681002
    ],
    [
      111.35899281494827,
      123.9423291208374
    ],
    [
      113.23831956585772,
      111.86954310366916
    ],
    [
      115.226982270589,
      99.81426605375695
    ]
  ],
  "bboxes": [
    [
      145.2170649152171,
      63.15972059921148,
      6.294214876033067,
      25.17685950413224
    ]
  ],
  "categories": [
    12
  ],
  "control_points": []
}