{
  "image_path": "/home/quynhthu/Documents/AI-project/e2e/data/raw/Video_19700101_085820_output_frame_001450.jpg",
  "command": 0,
  "waypoints": [
    [
      114.25723750239568,
      188.3079069995386
    ],
    [
      116.67565095798271,
      176.4911369577376
    ],
    [
      119.20275625554528,
      164.69730719798406
    ],
    [
      122.0925288571332,
      152.98795222814076
    ],
    [
      125.74581970405703,
      141.49702985779408
    ],
    [
      130.76398955137407,
      130.5426535846975
    ],
    [
      137.8374582683871,
      120.80866421996335
    ],
    [
      147.17862214090948,
      113.23719785005393
    ],
    [
      158.11715247344057,
      108.21396662223934
    ],
    [
      169.80688110892694,
      105.28865941175562
    ]
  ],
  "bboxes": [],
  "categories": [],
  "control_points": [
    [
      114.25723750239568,
      188.3079069995386
    ],
    [
      124.02420780684076,
      140.69392676536896
    ],
    [
      128.29725731503544,
      112.6138871400894
    ],
    [
      169.80688110892694,
      105.28865941175562
    ]
  ]
}