{
  "image_path": "/home/quynhthu/Documents/AI-project/e2e/data/raw/Video_19700101_085820_output_frame_001670.jpg",
  "command": 3,
  "waypoints": [
    [
      67.87544967166264,
      187.56194155097901
    ],
    [
      72.36445764425912,
      176.5964928181665
    ],
    [
      76.90200498845101,
      165.65105386984024
    ],
    [
      81.52577834232189,
      154.74179881732783
    ],
    [
      86.29742944678732,
      143.89651870803272
    ],
    [
      91.31328559386492,
      133.1622752206113
    ],
    [
      96.70377913782478,
      122.61172586788545
    ],
    [
      102.58652302023908,
      112.32800356956766
    ],
    [
      108.97453817073934,
      102.35001770296398
    ],
    [
      115.75035780542557,
      92.63049978146623
    ]
  ],
  "bboxes": [],
  "categories": [],
  "control_points": [
    [
      67.87544967166264,
      187.56194155097901
    ],
    [
      89.56237386900823,
      134.36759918013132
    ],
    [
      96.9277443511256,
      118.81848371788355
    ],
    [
      115.75035780542557,
      92.63049978146623
    ]
  ]
}