{
  "image_path": "/home/quynhthu/Documents/AI-project/e2e/data/raw/Video_19700101_085820_output_frame_000670.jpg",
  "command": 0,
  "waypoints": [
    [
      105.14984709480122,
      220.5749235474006
    ],
    [
      104.3426497376479,
      207.6348815112738
    ],
    [
      103.2644278395811,
      194.71484499673565
    ],
    [
      101.8163548746036,
      181.83133707732435
    ],
    [
      99.8497152044685,
      169.01743942242086
    ],
    [
      97.13530829392548,
      156.34241225388908
    ],
    [
      93.34692499372166,
      143.94887837154303
    ],
    [
      88.12497210936115,
      132.09085267828226
    ],
    [
      81.3950992016168,
      121.01719569972562
    ],
    [
      73.63914373088684,
      110.62996941896024
    ]
  ],
  "bboxes": [
    [
      52.0611620795107,
      79.46177370030581,
      16.782874617737,
      15.070336391437309
    ],
    [
      148.3058103975535,
      63.02140672782874,
      15.755351681957194,
      24.318042813455655
    ]
  ],
  "categories": [
    3,
    11
  ],
  "control_points": []
}