{
  "image_path": "/home/quynhthu/Documents/AI-project/e2e/data/raw/Video_19700101_085820_output_frame_002670.jpg",
  "command": 0,
  "waypoints": [
    [
      124.36410435429492,
      189.640433395897
    ],
    [
      123.88104211989037,
      179.4062761907813
    ],
    [
      123.51473862584533,
      169.1672822120948
    ],
    [
      123.26605571676672,
      158.9247498159826
    ],
    [
      123.10920070069237,
      148.68036495929385
    ],
    [
      122.95039823167691,
      138.43602552573728
    ],
    [
      122.57268105675315,
      128.19795121335972
    ],
    [
      121.68043986843472,
      117.99294854248461
    ],
    [
      120.13224611210566,
      107.86670941236241
    ],
    [
      118.03299848720353,
      97.83939832307175
    ]
  ],
  "bboxes": [],
  "categories": [],
  "control_points": [
    [
      124.36410435429492,
      189.640433395897
    ],
    [
      121.65077326839862,
      138.08714276386704
    ],
    [
      125.2685480495937,
      129.04270581087934
    ],
    [
      118.03299848720353,
      97.83939832307175
    ]
  ]
}