{
  "image_path": "/home/quynhthu/Documents/AI-project/e2e/data/raw/Video_19700101_085820_output_frame_003330.jpg",
  "command": 0,
  "waypoints": [
    [
      89.54302208529226,
      183.30932752880557
    ],
    [
      87.8970911544096,
      175.1767235308076
    ],
    [
      86.29470505739027,
      167.03543990051577
    ],
    [
      84.75719978859955,
      158.88167407400917
    ],
    [
      83.31706783346839,
      150.71018536332014
    ],
    [
      82.013420215353,
      142.51585173899758
    ],
    [
      80.86336782871513,
      134.29853544236502
    ],
    [
      79.82248445531172,
      126.06661796173559
    ],
    [
      78.81331500798366,
      117.83072447891705
    ],
    [
      77.78525404640824,
      109.59716636195579
    ]
  ],
  "bboxes": [
    [
      109.8930052295146,
      67.08831268291357,
      9.948880648286462,
      17.184430210676638
    ],
    [
      48.84305579684759,
      105.5271697331113,
      57.884396499121316,
      10.401102495935874
    ]
  ],
  "categories": [
    4,
    7
  ],
  "control_points": []
}