{
  "image_path": "/home/quynhthu/Documents/AI-project/e2e/data/raw/Video_19700101_085820_output_frame_002200.jpg",
  "command": 3,
  "waypoints": [
    [
      111.16856823627768,
      181.81740854185438
    ],
    [
      112.43296881605067,
      172.2694139808422
    ],
    [
      113.71485102706077,
      162.72375235521287
    ],
    [
      115.02801631404795,
      153.1823493460093
    ],
    [
      116.39867991898994,
      143.64905563411943
    ],
    [
      117.87813744120415,
      134.13210802713905
    ],
    [
      119.55334722610247,
      124.64783847681049
    ],
    [
      121.49277511841788,
      115.21408654468578
    ],
    [
      123.62432816296223,
      105.82163364083996
    ],
    [
      125.81146034934709,
      96.44190198429703
    ]
  ],
  "bboxes": [],
  "categories": [],
  "control_points": [
    [
      111.16856823627768,
      181.81740854185438
    ],
    [
      118.37236839140428,
      127.15841049172727
    ],
    [
      119.11692222766202,
      125.17293359503988
    ],
    [
      125.81146034934709,
      96.44190198429703
    ]
  ]
}