{
  "image_path": "/home/quynhthu/Documents/AI-project/e2e/data/raw/Video_20260119_140111_output_frame_000430.jpg",
  "command": 0,
  "waypoints": [
    [
      101.30079012417627,
      197.3282048059365
    ],
    [
      102.54086523236123,
      185.13650169299248
    ],
    [
      103.85652233812927,
      172.952714670596
    ],
    [
      105.2187649518937,
      160.7740349172264
    ],
    [
      106.56420145857737,
      148.59349930761553
    ],
    [
      107.78513348467416,
      136.3999679381707
    ],
    [
      108.74793489783924,
      124.18357535582717
    ],
    [
      109.3492093567193,
      111.94422393102552
    ],
    [
      109.56525229848819,
      99.69197284415476
    ],
    [
      109.4407833818652,
      87.43829582713589
    ]
  ],
  "bboxes": [],
  "categories": [],
  "control_points": [
    [
      101.30079012417627,
      197.3282048059365
    ],
    [
      106.27523044831952,
      146.67935786920535
    ],
    [
      110.34522707716398,
      128.13826211558057
    ],
    [
      109.4407833818652,
      87.43829582713589
    ]
  ]
}