{
  "image_path": "/home/quynhthu/Documents/AI-project/e2e/data/raw/Video_19700101_085820_output_frame_002960.jpg",
  "command": 0,
  "waypoints": [
    [
      176.3696168339742,
      178.7871090523117
    ],
    [
      176.66968834574072,
      169.40232966606564
    ],
    [
      176.2892676180959,
      160.0228116728147
    ],
    [
      174.81278273313052,
      150.75680424510313
    ],
    [
      171.9468386737666,
      141.8243938896494
    ],
    [
      167.82949626047835,
      133.39123399262485
    ],
    [
      162.88324256855583,
      125.41151765915629
    ],
    [
      157.4764013357329,
      117.7344100634175
    ],
    [
      151.83135030374328,
      110.23005604273683
    ],
    [
      146.07075304146542,
      102.813838647215
    ]
  ],
  "bboxes": [],
  "categories": [],
  "control_points": [
    [
      176.3696168339742,
      178.7871090523117
    ],
    [
      178.17850422457175,
      146.67935786920535
    ],
    [
      172.2996202051298,
      136.2782553732695
    ],
    [
      146.07075304146542,
      102.813838647215
    ]
  ]
}