{
  "image_path": "/home/quynhthu/Documents/AI-project/e2e/data/raw/Video_19700101_085820_output_frame_001440.jpg",
  "command": 2,
  "waypoints": [
    [
      117.30941572253477,
      186.47660006745514
    ],
    [
      121.09070424167557,
      175.0493650732263
    ],
    [
      124.92292812069701,
      163.63918903954215
    ],
    [
      129.01387068961094,
      152.31976667904163
    ],
    [
      133.67677426893272,
      141.22573231445597
    ],
    [
      139.36780185127088,
      130.6282875623975
    ],
    [
      146.6471511517083,
      121.0662755751776
    ],
    [
      155.86122116373812,
      113.37010533538474
    ],
    [
      166.67953460451108,
      108.15781156977289
    ],
    [
      178.35298012531635,
      105.28865941175562
    ]
  ],
  "bboxes": [],
  "categories": [],
  "control_points": [
    [
      117.30941572253477,
      186.47660006745514
    ],
    [
      132.57030682323017,
      140.69392676536896
    ],
    [
      139.89553455156397,
      111.39301585203378
    ],
    [
      178.35298012531635,
      105.28865941175562
    ]
  ]
}