{
  "image_path": "/home/quynhthu/Documents/AI-project/e2e/data/raw/Video_19700101_085820_output_frame_002850_dup1.jpg",
  "command": 2,
  "waypoints": [
    [
      88.6385783899935,
      199.13709219653407
    ],
    [
      87.2455015430976,
      183.75229664772615
    ],
    [
      86.69474143208267,
      168.3168852972925
    ],
    [
      87.4658667825579,
      152.89655568656025
    ],
    [
      90.4621748000775,
      137.76911677678402
    ],
    [
      97.23226709309047,
      123.95824194658327
    ],
    [
      108.75859538082207,
      113.80342015510072
    ],
    [
      123.13124223068418,
      108.27739974944255
    ],
    [
      138.3512869802127,
      105.7192710512625
    ],
    [
      153.75852445150497,
      104.62272603781254
    ]
  ],
  "bboxes": [
    [
      156.01963368975188,
      64.37498159701724,
      13.566655429481528,
      24.872201620716197
    ],
    [
      33.46751297676849,
      122.25937809613856,
      112.15101821704755,
      12.209989886533407
    ]
  ],
  "categories": [
    10,
    7
  ],
  "control_points": []
}