{
  "image_path": "/home/quynhthu/Documents/AI-project/e2e/data/raw/Video_19700101_085820_output_frame_002520.jpg",
  "command": 0,
  "waypoints": [
    [
      83.98197104409398,
      190.37422441503108
    ],
    [
      82.47008924840588,
      181.3493283079044
    ],
    [
      81.26728015573198,
      172.27849472419342
    ],
    [
      80.47038080884202,
      163.16333746266505
    ],
    [
      80.1544290625002,
      154.01901307813478
    ],
    [
      80.31723646806907,
      144.87048451261893
    ],
    [
      80.86417392150888,
      135.73647376961927
    ],
    [
      81.65194655343502,
      126.6197702855599
    ],
    [
      82.55331987612048,
      117.51346932136389
    ],
    [
      83.48218860955346,
      108.40990515038301
    ]
  ],
  "bboxes": [
    [
      50.99633036441856,
      101.91273350135604,
      62.47280431756709,
      7.9965189526486
    ]
  ],
  "categories": [
    7
  ],
  "control_points": []
}