{
  "image_path": "/home/quynhthu/Documents/AI-project/e2e/data/raw/Video_19700101_085820_output_frame_001230.jpg",
  "command": 3,
  "waypoints": [
    [
      121.64976337333276,
      193.88467103438938
    ],
    [
      122.65339692475722,
      183.15666480349185
    ],
    [
      123.64875012626881,
      172.42789279698636
    ],
    [
      124.58606169108124,
      161.6939258007726
    ],
    [
      125.39405933877909,
      150.9495114198069
    ],
    [
      126.01754974262204,
      140.19284737372115
    ],
    [
      126.45697618449498,
      129.427066573625
    ],
    [
      126.75218391873865,
      118.65631975161756
    ],
    [
      126.94762285691243,
      107.88326942865702
    ],
    [
      127.07642554512537,
      97.10919563742095
    ]
  ],
  "bboxes": [
    [
      143.35641206050323,
      70.42810662610721,
      7.23554956239019,
      11.30554619123464
    ]
  ],
  "categories": [
    8
  ],
  "control_points": []
}