{
  "image_path": "/home/quynhthu/Documents/AI-project/e2e/data/raw/Video_19700101_085820_output_frame_001940.jpg",
  "command": 3,
  "waypoints": [
    [
      68.93495336519423,
      221.03514636901988
    ],
    [
      70.23054115759622,
      206.6512998582838
    ],
    [
      71.61596947612679,
      192.27583591788488
    ],
    [
      73.10521864552075,
      177.9107658400695
    ],
    [
      74.71557747733532,
      163.5587816878013
    ],
    [
      76.47008915738716,
      149.22372862406698
    ],
    [
      78.39856668245092,
      134.91107706035976
    ],
    [
      80.53909958207026,
      120.62865225561667
    ],
    [
      82.92045730320619,
      106.38440538235938
    ],
    [
      85.30244332545506,
      92.14116293196585
    ]
  ],
  "bboxes": [],
  "categories": [],
  "control_points": [
    [
      68.93495336519423,
      221.03514636901988
    ],
    [
      76.70951109631812,
      131.83232608559837
    ],
    [
      83.66569432942897,
      104.825967651168
    ],
    [
      85.30244332545506,
      92.14116293196585
    ]
  ]
}