{
  "image_path": "/home/quynhthu/Documents/AI-project/e2e/data/raw/Video_19700101_085820_output_frame_001580.jpg",
  "command": 2,
  "waypoints": [
    [
      89.3794029027239,
      186.87290713491834
    ],
    [
      92.46059934133861,
      171.15742132718097
    ],
    [
      96.15707365463724,
      155.5763802127334
    ],
    [
      100.73257508201851,
      140.23269841209816
    ],
    [
      106.67425613190066,
      125.37253667634204
    ],
    [
      114.92719055734551,
      111.6942635306876
    ],
    [
      127.02689316302524,
      101.35690731389323
    ],
    [
      142.5010435847906,
      97.6049308839388
    ],
    [
      158.4839183073851,
      98.24797505736797
    ],
    [
      174.49465763433767,
      98.6179869051157
    ]
  ],
  "bboxes": [
    [
      73.43172756109966,
      103.76186027688304,
      75.19993746203453,
      8.934646035093209
    ]
  ],
  "categories": [
    7
  ],
  "control_points": []
}