{
  "image_path": "/home/quynhthu/Documents/AI-project/e2e/data/raw/Video_19700101_085820_output_frame_000960_dup1.jpg",
  "command": 2,
  "waypoints": [
    [
      131.1297329872823,
      210.92564136232454
    ],
    [
      132.01794607136787,
      194.94741960742775
    ],
    [
      133.26634326210626,
      178.9937617923907
    ],
    [
      135.09185581530625,
      163.0968920423937
    ],
    [
      137.901550699802,
      147.34851564890567
    ],
    [
      142.5986378361858,
      132.07885378720604
    ],
    [
      151.1877963141833,
      118.68772561103444
    ],
    [
      165.01723565021868,
      110.870133811187
    ],
    [
      180.7988282242258,
      108.49181776512418
    ],
    [
      196.79251315496953,
      108.07628671191651
    ]
  ],
  "bboxes": [
    [
      85.23278970680705,
      122.48189664666421,
      102.51434046587902,
      22.445950363444098
    ]
  ],
  "categories": [
    7
  ],
  "control_points": []
}