{
  "image_path": "/home/quynhthu/Documents/AI-project/e2e/data/raw/Video_19700101_085820_output_frame_001970_dup1.jpg",
  "command": 2,
  "waypoints": [
    [
      85.30244332545506,
      197.3022859266417
    ],
    [
      89.36021703549646,
      181.55297276403442
    ],
    [
      95.3054993569953,
      166.4214046368829
    ],
    [
      103.60098510192792,
      152.45027682562278
    ],
    [
      114.53104277778907,
      140.4409769583069
    ],
    [
      127.84761319158216,
      131.1498957565665
    ],
    [
      142.78827989279287,
      124.76494472234289
    ],
    [
      158.55963270167157,
      120.81070123451553
    ],
    [
      174.66383035198325,
      118.51556349452258
    ],
    [
      190.87275356913747,
      117.10158512136361
    ]
  ],
  "bboxes": [],
  "categories": [],
  "control_points": [
    [
      85.30244332545506,
      197.3022859266417
    ],
    [
      100.03318428968981,
      125.28533010149404
    ],
    [
      147.49890517444624,
      120.37508311341578
    ],
    [
      190.87275356913744,
      117.10158512136361
    ]
  ]
}