{
  "image_path": "/home/quynhthu/Documents/AI-project/e2e/data/raw/Video_19700101_085820_output_frame_002350.jpg",
  "command": 0,
  "waypoints": [
    [
      122.46521850371533,
      157.88836616989616
    ],
    [
      113.6662441454963,
      151.87576757377028
    ],
    [
      104.65196664318937,
      146.1892786234738
    ],
    [
      95.58529524125112,
      140.58628689495734
    ],
    [
      86.58215873907945,
      134.8820444071848
    ],
    [
      77.71267796324013,
      128.97241412395255
    ],
    [
      69.01262917302112,
      122.81618482705305
    ],
    [
      60.495112068522744,
      116.40977240576113
    ],
    [
      52.159982343884835,
      109.76772659317469
    ],
    [
      43.99937628085104,
      102.91229837043713
    ]
  ],
  "bboxes": [],
  "categories": [],
  "control_points": [
    [
      122.46521850371533,
      157.88836616989616
    ],
    [
      102.47392112209384,
      143.3946755682206
    ],
    [
      79.9837115677697,
      133.8988093119504
    ],
    [
      43.99937628085104,
      102.91229837043713
    ]
  ]
}