{
  "image_path": "/home/quynhthu/Documents/AI-project/e2e/data/raw/Video_19700101_085820_output_frame_002260_dup1.jpg",
  "command": 1,
  "waypoints": [
    [
      94.7884500067048,
      185.45423100520102
    ],
    [
      95.88858910209414,
      170.5590968368665
    ],
    [
      97.17465471114029,
      155.67920208143758
    ],
    [
      98.96304171174428,
      140.853297307857
    ],
    [
      101.98009373012505,
      126.2405605868758
    ],
    [
      107.97805543258407,
      112.63589330541849
    ],
    [
      119.20788675280355,
      102.96183921322415
    ],
    [
      133.4857063100268,
      98.79288024964193
    ],
    [
      148.35218802299173,
      97.49938254373632
    ],
    [
      163.28608214036072,
      97.40853217041898
    ]
  ],
  "bboxes": [
    [
      67.53626587283486,
      108.04740064458852,
      72.01695582514762,
      9.820493976156499
    ],
    [
      142.04710115766161,
      64.02316898211237,
      14.55040174726355,
      20.309935772222076
    ]
  ],
  "categories": [
    7,
    0
  ],
  "control_points": []
}