{
  "image_path": "/home/quynhthu/Documents/AI-project/e2e/data/raw/Video_19700101_085820_output_frame_001360.jpg",
  "command": 2,
  "waypoints": [
    [
      119.70894036030812,
      204.71233506629804
    ],
    [
      121.42205032857133,
      187.343837087876
    ],
    [
      124.23107038453483,
      170.12231494409056
    ],
    [
      129.02057563488898,
      153.35652066125297
    ],
    [
      137.22986904655008,
      138.01663305019696
    ],
    [
      149.9055137943649,
      126.15566334552989
    ],
    [
      165.76497278906993,
      119.00295214991125
    ],
    [
      182.82828421602738,
      115.4213621916507
    ],
    [
      200.21541396756504,
      113.96350485952117
    ],
    [
      217.6662975302533,
      113.75193197992039
    ]
  ],
  "bboxes": [],
  "categories": [],
  "control_points": [
    [
      119.70894036030812,
      204.71233506629804
    ],
    [
      125.20654714025403,
      133.74322936154186
    ],
    [
      141.69936748009172,
      112.75236711083932
    ],
    [
      217.6662975302533,
      113.75193197992039
    ]
  ]
}