{
  "image_path": "/home/quynhthu/Documents/AI-project/e2e/data/raw/Video_19700101_085820_output_frame_003020.jpg",
  "command": 0,
  "waypoints": [
    [
      70.54970448401808,
      194.16265187239085
    ],
    [
      68.55034622258134,
      183.26870327031148
    ],
    [
      66.02297182553197,
      172.4857409321091
    ],
    [
      62.76484079824036,
      161.90233922221572
    ],
    [
      58.456869101106484,
      151.7054750344089
    ],
    [
      52.619306062676344,
      142.31231147689982
    ],
    [
      44.772108446407614,
      134.54418473157793
    ],
    [
      35.07018018801482,
      129.2709241113468
    ],
    [
      24.43843810909734,
      126.20274272668257
    ],
    [
      13.56975168019554,
      124.06826548673611
    ]
  ],
  "bboxes": [],
  "categories": [],
  "control_points": [
    [
      70.54970448401808,
      194.16265187239085
    ],
    [
      60.14860198808223,
      130.3993713538275
    ],
    [
      39.34639699621051,
      129.04270581087934
    ],
    [
      13.56975168019554,
      124.06826548673611
    ]
  ]
}