{
  "image_path": "/home/quynhthu/Documents/AI-project/e2e/data/raw/Video_19700101_085820_output_frame_002900_dup1.jpg",
  "command": 1,
  "waypoints": [
    [
      151.04519336560867,
      184.2137712241043
    ],
    [
      146.08648874227788,
      170.7851806183357
    ],
    [
      140.43635997603158,
      157.63380062934488
    ],
    [
      133.8048749930434,
      144.95205901856926
    ],
    [
      125.76714172453853,
      133.12009360318956
    ],
    [
      115.7799880639457,
      122.9017735221439
    ],
    [
      103.61309260395846,
      115.4391632449224
    ],
    [
      89.9594893376796,
      111.23061613856
    ],
    [
      75.78209776743365,
      109.29523132196992
    ],
    [
      61.50526753103038,
      108.24050081900761
    ]
  ],
  "bboxes": [],
  "categories": [],
  "control_points": [
    [
      151.04519336560867,
      184.2137712241043
    ],
    [
      125.72076989724309,
      110.95383190490392
    ],
    [
      100.84856827652689,
      110.95383190490392
    ],
    [
      61.50526753103038,
      108.24050081900761
    ]
  ]
}