{
  "image_path": "/home/quynhthu/Documents/AI-project/e2e/data/raw/Video_19700101_085820_output_frame_002840.jpg",
  "command": 0,
  "waypoints": [
    [
      81.40302882760332,
      198.23264850123525
    ],
    [
      76.78596313836746,
      189.58580687203704
    ],
    [
      72.99532379959476,
      180.54866450607238
    ],
    [
      70.11059100498345,
      171.18260366505962
    ],
    [
      68.03292696612229,
      161.60402894906738
    ],
    [
      66.59775814964172,
      151.90738084779946
    ],
    [
      65.64915319637336,
      142.15049075746074
    ],
    [
      65.06620776942138,
      132.3646009226956
    ],
    [
      64.76166470941095,
      122.56590770430755
    ],
    [
      64.67082046457607,
      112.76271929550147
    ]
  ],
  "bboxes": [
    [
      21.709744937884466,
      112.31049744785207,
      95.8710317016697,
      14.018877277130954
    ],
    [
      123.00743881134677,
      65.73164713996539,
      10.853324343585243,
      18.088873905975433
    ]
  ],
  "categories": [
    7,
    10
  ],
  "control_points": []
}