{
  "image_path": "/home/quynhthu/Documents/AI-project/e2e/data/raw/Video_20260119_140111_output_frame_001300.jpg",
  "command": 0,
  "waypoints": [
    [
      136.12187239317896,
      207.27708545422297
    ],
    [
      135.58127844074332,
      193.36564686621804
    ],
    [
      134.85032843394274,
      179.46295682766643
    ],
    [
      133.88318978316798,
      165.57477224369399
    ],
    [
      132.6253799889451,
      151.70999677732854
    ],
    [
      131.02061307333037,
      137.88119173109558
    ],
    [
      129.04236664313,
      124.1008439070651
    ],
    [
      126.75493762141761,
      110.36819069732127
    ],
    [
      124.35748959850002,
      96.65415105711773
    ],
    [
      122.10299511604799,
      82.91607735064204
    ]
  ],
  "bboxes": [],
  "categories": [],
  "control_points": [
    [
      136.12187239317896,
      207.27708545422297
    ],
    [
      133.86076315493202,
      138.53936461151642
    ],
    [
      127.52965728784062,
      118.18938146729408
    ],
    [
      122.10299511604799,
      82.91607735064204
    ]
  ]
}