{
  "image_path": "/home/quynhthu/Documents/AI-project/e2e/data/raw/Video_19700101_085820_output_frame_001120_dup3.jpg",
  "command": 0,
  "waypoints": [
    [
      113.45273277576611,
      187.61769360736986
    ],
    [
      113.76464636592827,
      179.09513615366598
    ],
    [
      114.08963072996357,
      170.57306732144025
    ],
    [
      114.42205590423964,
      162.05128506356306
    ],
    [
      114.75079405321958,
      153.5293608487166
    ],
    [
      115.05616967447821,
      145.00657401863663
    ],
    [
      115.30879364840754,
      136.4820775079255
    ],
    [
      115.4744326469209,
      127.95547168545436
    ],
    [
      115.5274635612364,
      119.42743767002605
    ],
    [
      115.46281788294021,
      110.89944535022512
    ]
  ],
  "bboxes": [
    [
      81.62638524550955,
      113.24454464192823,
      69.6829503820354,
      6.365269506051305
    ],
    [
      160.6897327943574,
      57.63219001011152,
      15.075638303805732,
      41.206744697069006
    ]
  ],
  "categories": [
    7,
    12
  ],
  "control_points": []
}