{
  "image_path": "/home/quynhthu/Documents/AI-project/e2e/data/raw/Video_19700101_085820_output_frame_002530.jpg",
  "command": 0,
  "waypoints": [
    [
      101.9741386875533,
      189.37465954594998
    ],
    [
      102.70213098713317,
      180.4460670389451
    ],
    [
      103.37142507239021,
      171.5128878773488
    ],
    [
      103.97451950069241,
      162.57499882464273
    ],
    [
      104.51062551222986,
      153.6328385944964
    ],
    [
      104.99275098450005,
      144.68759474606077
    ],
    [
      105.44984068268398,
      135.74102862366647
    ],
    [
      105.91695539995594,
      126.79498317677832
    ],
    [
      106.42035734686884,
      117.85091250700336
    ],
    [
      106.97196303295868,
      108.90968758492356
    ]
  ],
  "bboxes": [
    [
      69.98806287695895,
      105.4112105431398,
      70.96910570475625,
      7.496736518108037
    ]
  ],
  "categories": [
    7
  ],
  "control_points": [
    [
      101.9741386875533,
      189.37465954594998
    ],
    [
      104.97283329479653,
      153.89010669357188
    ],
    [
      104.97283329479653,
      139.89619852643685
    ],
    [
      106.97196303295868,
      108.90968758492356
    ]
  ]
}