{
  "image_path": "/home/quynhthu/Documents/AI-project/e2e/data/raw/Video_19700101_085820_output_frame_001970.jpg",
  "command": 3,
  "waypoints": [
    [
      70.57170236122032,
      202.21253291471993
    ],
    [
      69.9814170426567,
      189.94618011765405
    ],
    [
      69.4454544016241,
      177.67733940543263
    ],
    [
      68.98073603995641,
      165.40560370194692
    ],
    [
      68.61321127592083,
      153.13059275500817
    ],
    [
      68.38042542816044,
      140.85232804866442
    ],
    [
      68.3261543407104,
      128.57202282207828
    ],
    [
      68.4448370232159,
      116.29209631526153
    ],
    [
      68.57471557097423,
      104.01227163658547
    ],
    [
      68.52576611618771,
      91.73197568295934
    ]
  ],
  "bboxes": [],
  "categories": [],
  "control_points": [
    [
      70.57170236122032,
      202.21253291471993
    ],
    [
      66.88901712016163,
      128.5588280935462
    ],
    [
      68.93495336519423,
      123.64858110546795
    ],
    [
      68.52576611618771,
      91.73197568295934
    ]
  ]
}