{
  "image_path": "/home/quynhthu/Documents/AI-project/e2e/data/raw/Video_19700101_085820_output_frame_000980_dup1.jpg",
  "command": 2,
  "waypoints": [
    [
      116.3891088680056,
      214.94581157667275
    ],
    [
      117.98009509627894,
      197.97795930717552
    ],
    [
      120.72757529034301,
      181.16216091922368
    ],
    [
      125.05532723030738,
      164.6871468479682
    ],
    [
      131.57724663468807,
      148.96269685228077
    ],
    [
      141.07800641846498,
      134.86056609205778
    ],
    [
      154.0254219700762,
      123.86518105559387
    ],
    [
      169.6551885498172,
      117.19973460273054
    ],
    [
      186.45592817556397,
      114.50871412635769
    ],
    [
      203.4927968455498,
      114.44155621796783
    ]
  ],
  "bboxes": [
    [
      130.7773954937295,
      69.08368754136025,
      3.702479338842977,
      14.069421487603307
    ]
  ],
  "categories": [
    12
  ],
  "control_points": []
}