{
  "image_path": "/home/quynhthu/Documents/AI-project/e2e/data/raw/Video_19700101_085820_output_frame_001180_dup1.jpg",
  "command": 2,
  "waypoints": [
    [
      114.86643565859197,
      203.83355168267582
    ],
    [
      120.6225451359988,
      190.50063759019017
    ],
    [
      128.75702064226425,
      178.4862338008146
    ],
    [
      139.02602939794406,
      168.23497179690867
    ],
    [
      150.96428698703667,
      159.98158102663362
    ],
    [
      164.05780845975247,
      153.71118951084253
    ],
    [
      177.88641716046607,
      149.28164185228454
    ],
    [
      192.14627950383064,
      146.53155005520026
    ],
    [
      206.62270233945767,
      145.37390827958444
    ],
    [
      221.1385698561975,
      145.94915518355452
    ]
  ],
  "bboxes": [
    [
      123.41052636429337,
      73.3380911195879,
      3.122462970435251,
      5.352793663603293
    ]
  ],
  "categories": [
    8
  ],
  "control_points": []
}