{
  "image_path": "/home/quynhthu/Documents/AI-project/e2e/data/raw/Video_19700101_085820_output_frame_000620.jpg",
  "command": 0,
  "waypoints": [
    [
      91.44954128440367,
      218.8623853211009
    ],
    [
      91.79046324206412,
      206.52164067487215
    ],
    [
      92.27970814145652,
      194.1859078238452
    ],
    [
      92.86214765707074,
      181.85418595793587
    ],
    [
      93.45930090821537,
      169.52316720867492
    ],
    [
      93.95818622960907,
      157.1878971896974
    ],
    [
      94.18934244604127,
      144.84515298601892
    ],
    [
      93.8890685644903,
      132.50528803013867
    ],
    [
      92.63138913690483,
      120.23006923566813
    ],
    [
      89.73700305810397,
      108.23241590214067
    ]
  ],
  "bboxes": [
    [
      39.730886850152906,
      77.06422018348623,
      15.75535168195718,
      12.672782874617738
    ]
  ],
  "categories": [
    3
  ],
  "control_points": []
}