{
  "image_path": "/home/quynhthu/Documents/AI-project/e2e/data/raw/Video_19700101_085820_output_frame_000610.jpg",
  "command": 0,
  "waypoints": [
    [
      91.79204892966361,
      222.2874617737003
    ],
    [
      91.96494160981337,
      209.5650075553313
    ],
    [
      92.1428925867116,
      196.84262373837856
    ],
    [
      92.29715972695122,
      184.11993652100386
    ],
    [
      92.39060583122256,
      171.39667675785492
    ],
    [
      92.37096249426054,
      158.67314328022874
    ],
    [
      92.15718466525871,
      145.951554276386
    ],
    [
      91.60309154233241,
      133.24087515218676
    ],
    [
      90.38549179987572,
      120.58145420060819
    ],
    [
      87.3394495412844,
      108.23241590214067
    ]
  ],
  "bboxes": [
    [
      33.565749235474,
      74.32415902140673,
      14.042813455657495,
      12.672782874617738
    ]
  ],
  "categories": [
    3
  ],
  "control_points": []
}