{
  "image_path": "/home/quynhthu/Documents/AI-project/e2e/data/raw/Video_19700101_085820_output_frame_000570.jpg",
  "command": 0,
  "waypoints": [
    [
      93.50458715596329,
      219.88990825688072
    ],
    [
      93.49475221249635,
      207.96082158083465
    ],
    [
      93.27905888506235,
      196.0337547743494
    ],
    [
      92.79761550179447,
      184.1145855759472
    ],
    [
      91.96848708490805,
      172.21479493746864
    ],
    [
      90.67337864524573,
      160.35715976589694
    ],
    [
      88.73475778554061,
      148.5886443400948
    ],
    [
      85.8715086501053,
      137.01288957189743
    ],
    [
      81.6360453275548,
      125.87298924195473
    ],
    [
      75.35168195718654,
      115.76758409785933
    ]
  ],
  "bboxes": [],
  "categories": [],
  "control_points": [
    [
      93.50458715596329,
      219.88990825688072
    ],
    [
      93.84709480122324,
      167.4862385321101
    ],
    [
      89.39449541284404,
      132.89296636085626
    ],
    [
      75.35168195718654,
      115.76758409785933
    ]
  ]
}