{
  "image_path": "/home/quynhthu/Documents/AI-project/e2e/data/raw/Video_19700101_085820_output_frame_002370.jpg",
  "command": 0,
  "waypoints": [
    [
      106.97196303295868,
      172.8818392061123
    ],
    [
      101.73894552628664,
      165.30454699873383
    ],
    [
      96.56813048325643,
      157.68475094337717
    ],
    [
      91.55121734305088,
      149.963012519462
    ],
    [
      86.80144911499552,
      142.07456260240545
    ],
    [
      82.41683681811573,
      133.9777783993823
    ],
    [
      78.43603878125116,
      125.67496863315222
    ],
    [
      74.83173394823407,
      117.20165565309028
    ],
    [
      71.53922408838078,
      108.60211627438932
    ],
    [
      68.48871557333736,
      99.91360376319389
    ]
  ],
  "bboxes": [],
  "categories": [],
  "control_points": [
    [
      106.97196303295868,
      172.8818392061123
    ],
    [
      88.97979538949936,
      146.89315261000434
    ],
    [
      79.9837115677697,
      133.8988093119504
    ],
    [
      68.48871557333736,
      99.91360376319389
    ]
  ]
}