{
  "image_path": "/home/quynhthu/Documents/AI-project/e2e/data/raw/Video_19700101_085820_output_frame_001010.jpg",
  "command": 2,
  "waypoints": [
    [
      112.0,
      212.5
    ],
    [
      117.32885595132322,
      197.29681129795046
    ],
    [
      124.4519882544997,
      182.85624320986167
    ],
    [
      133.60750482892806,
      169.61652683859862
    ],
    [
      144.8793628641297,
      158.13078816014897
    ],
    [
      158.0728547443567,
      148.91872529454741
    ],
    [
      172.72653086749173,
      142.2648216357002
    ],
    [
      188.28044508946047,
      138.1141497749088
    ],
    [
      204.26719057193935,
      136.18344960131094
    ],
    [
      220.3773954937295,
      136.09856357441808
    ]
  ],
  "bboxes": [
    [
      114.4864864028204,
      67.60269580582306,
      7.404958677685954,
      15.920661157024782
    ]
  ],
  "categories": [
    12
  ],
  "control_points": []
}