{
  "image_path": "/home/quynhthu/Documents/AI-project/e2e/data/raw/Video_19700101_085820_output_frame_002640.jpg",
  "command": 3,
  "waypoints": [
    [
      113.96300185835906,
      194.16265187239085
    ],
    [
      112.54218860407103,
      182.84815477357014
    ],
    [
      111.06057720242508,
      171.5414649147488
    ],
    [
      109.5027650030743,
      160.24503208353477
    ],
    [
      107.84799157839775,
      148.96241283153432
    ],
    [
      106.06930788600533,
      137.698691303657
    ],
    [
      104.13662753439905,
      126.4604013217448
    ],
    [
      102.03875439746578,
      115.25175866752326
    ],
    [
      99.83631886120017,
      104.06310747274657
    ],
    [
      97.6830153429812,
      92.86495799892853
    ]
  ],
  "bboxes": [],
  "categories": [],
  "control_points": [
    [
      113.96300185835906,
      194.16265187239085
    ],
    [
      106.27523044831952,
      131.75603689677564
    ],
    [
      102.20523381947505,
      117.28493777199532
    ],
    [
      97.6830153429812,
      92.86495799892853
    ]
  ]
}