{
  "image_path": "/home/quynhthu/Documents/AI-project/e2e/data/raw/Video_19700101_085820_output_frame_002690.jpg",
  "command": 0,
  "waypoints": [
    [
      148.33186227971234,
      190.09265524354635
    ],
    [
      147.9071336358378,
      179.72897192268212
    ],
    [
      147.37089983640982,
      169.37050734100723
    ],
    [
      146.65545498961072,
      159.02300062786483
    ],
    [
      145.65682132877257,
      148.69927658143345
    ],
    [
      144.23285995023062,
      138.42611460285897
    ],
    [
      142.26218662034202,
      128.24403176362446
    ],
    [
      139.75896605689226,
      118.17916312031694
    ],
    [
      136.89443632566432,
      108.21044154714815
    ],
    [
      133.86076315493202,
      98.29162017072115
    ]
  ],
  "bboxes": [],
  "categories": [],
  "control_points": [
    [
      148.33186227971234,
      190.09265524354635
    ],
    [
      146.5229748891148,
      141.25269569741275
    ],
    [
      143.80964380321848,
      130.3993713538275
    ],
    [
      133.86076315493202,
      98.29162017072115
    ]
  ]
}