{
  "image_path": "/home/quynhthu/Documents/AI-project/e2e/data/raw/Video_19700101_085820_output_frame_000940.jpg",
  "command": 2,
  "waypoints": [
    [
      117.5711447603922,
      204.67904984255898
    ],
    [
      120.54768452696442,
      188.19009922274427
    ],
    [
      123.79115129273802,
      171.7518645645575
    ],
    [
      127.49692917249979,
      155.41250719547634
    ],
    [
      132.05699157681354,
      139.2945173173252
    ],
    [
      138.34130786571998,
      123.78940905150333
    ],
    [
      148.3437506924193,
      110.470910266864
    ],
    [
      163.47761397782253,
      103.60111413609974
    ],
    [
      180.1711462166214,
      103.10935293286781
    ],
    [
      196.80420261163187,
      105.08235562768296
    ]
  ],
  "bboxes": [
    [
      104.61246707444178,
      107.67409116487303,
      69.23636363636365,
      16.290909090909096
    ]
  ],
  "categories": [
    7
  ],
  "control_points": []
}