{
  "image_path": "/home/quynhthu/Documents/AI-project/e2e/data/raw/Video_20260119_140111_output_frame_000790.jpg",
  "command": 0,
  "waypoints": [
    [
      172.75184205277915,
      203.20708882537855
    ],
    [
      170.2721596112746,
      190.62641391661836
    ],
    [
      167.55628162106504,
      178.09462079489526
    ],
    [
      164.59955666631163,
      165.61746073288853
    ],
    [
      161.4005976299315,
      153.2001945562911
    ],
    [
      157.96493812096492,
      140.84631300667377
    ],
    [
      154.3076456205629,
      128.55618989687585
    ],
    [
      150.45908571832626,
      116.32455514682714
    ],
    [
      146.4748460693999,
      104.13636777946388
    ],
    [
      142.45297826027033,
      91.96051430362975
    ]
  ],
  "bboxes": [],
  "categories": [],
  "control_points": [
    [
      172.75184205277915,
      203.20708882537855
    ],
    [
      163.25518325214207,
      152.5582418886474
    ],
    [
      151.04519336560867,
      118.18938146729408
    ],
    [
      142.45297826027033,
      91.96051430362975
    ]
  ]
}