{
  "image_path": "/home/quynhthu/Documents/AI-project/e2e/data/raw/Video_19700101_085820_output_frame_002930.jpg",
  "command": 3,
  "waypoints": [
    [
      154.66296814680373,
      178.33488720466235
    ],
    [
      157.08594327875264,
      169.76789909247353
    ],
    [
      159.59297288331814,
      161.22504297403407
    ],
    [
      161.9806196264259,
      152.64851163774625
    ],
    [
      163.833517281202,
      143.94345430142457
    ],
    [
      164.75053197698975,
      135.09260673695178
    ],
    [
      164.75278799205762,
      126.19236322373636
    ],
    [
      164.12963084974436,
      117.31217201681217
    ],
    [
      163.12773492940127,
      108.4659952998304
    ],
    [
      161.8985177091939,
      99.6482857136693
    ]
  ],
  "bboxes": [],
  "categories": [],
  "control_points": [
    [
      154.66296814680373,
      178.33488720466235
    ],
    [
      163.70740509979146,
      145.3226923262572
    ],
    [
      168.2296235762853,
      142.1571393927115
    ],
    [
      161.8985177091939,
      99.6482857136693
    ]
  ]
}