{
  "image_path": "/home/quynhthu/Documents/AI-project/e2e/data/raw/Video_19700101_085820_output_frame_003010.jpg",
  "command": 0,
  "waypoints": [
    [
      89.99524393294165,
      186.02265861470187
    ],
    [
      84.3228935338866,
      175.20761868407743
    ],
    [
      78.45558002794493,
      164.49730085430278
    ],
    [
      72.26874597539597,
      153.96889592866353
    ],
    [
      65.55434894425207,
      143.7705629462245
    ],
    [
      57.975463030323766,
      134.20276432401016
    ],
    [
      49.079011891103704,
      125.86199518915109
    ],
    [
      38.609939756244614,
      119.63056056931141
    ],
    [
      26.99838072339712,
      115.91568277044325
    ],
    [
      14.92641722314371,
      114.11938483844962
    ]
  ],
  "bboxes": [],
  "categories": [],
  "control_points": [
    [
      89.99524393294165,
      186.02265861470187
    ],
    [
      61.50526753103038,
      130.85159320147687
    ],
    [
      48.84305579684759,
      117.28493777199532
    ],
    [
      14.926417223143696,
      114.11938483844962
    ]
  ]
}