{
  "image_path": "/home/quynhthu/Documents/AI-project/e2e/data/raw/Video_19700101_085820_output_frame_002840_dup2.jpg",
  "command": 2,
  "waypoints": [
    [
      76.88081035110947,
      197.7804266535859
    ],
    [
      72.91137983802719,
      183.39445132333503
    ],
    [
      70.47225546976861,
      168.67644593153634
    ],
    [
      69.73371743773025,
      153.77958115089498
    ],
    [
      71.2503408254476,
      138.9517003698872
    ],
    [
      75.89121888756016,
      124.80816545918829
    ],
    [
      84.48242271195713,
      112.67942049640749
    ],
    [
      96.68216201452049,
      104.1899306896564
    ],
    [
      110.87109452622471,
      99.68991733903017
    ],
    [
      125.72076989724309,
      98.29162017072115
    ]
  ],
  "bboxes": [
    [
      18.996413851988166,
      111.85827560020269,
      95.41880985402028,
      16.73220836302727
    ],
    [
      123.00743881134677,
      65.73164713996539,
      10.40110249593586,
      18.088873905975433
    ]
  ],
  "categories": [
    7,
    10
  ],
  "control_points": []
}