{
  "image_path": "/home/quynhthu/Documents/AI-project/e2e/data/raw/Video_19700101_085820_output_frame_002140_dup1.jpg",
  "command": 1,
  "waypoints": [
    [
      74.66357485128552,
      187.4817919504852
    ],
    [
      72.2200850403209,
      174.3966153299879
    ],
    [
      69.24937734971851,
      161.4218168030631
    ],
    [
      65.44471667509772,
      148.6692369274395
    ],
    [
      60.1970918463031,
      136.45005550988054
    ],
    [
      52.34642594162651,
      125.76791341296827
    ],
    [
      41.04401383560916,
      118.9408157287898
    ],
    [
      28.005484089044298,
      116.4225633619279
    ],
    [
      14.714686920600158,
      115.70271040762074
    ],
    [
      1.419057279118305,
      115.055648876331
    ]
  ],
  "bboxes": [],
  "categories": [],
  "control_points": [
    [
      74.66357485128552,
      187.4817919504852
    ],
    [
      61.16039563407033,
      108.50865289222669
    ],
    [
      43.15615667778342,
      117.91995961937667
    ],
    [
      1.419057279118305,
      115.055648876331
    ]
  ]
}