{
  "image_path": "/home/quynhthu/Documents/AI-project/e2e/data/raw/Video_19700101_085820_output_frame_001550_dup2.jpg",
  "command": 2,
  "waypoints": [
    [
      135.60060093580077,
      189.6594671768701
    ],
    [
      140.26182957130928,
      174.93202046074632
    ],
    [
      144.84604325085513,
      160.18015210666866
    ],
    [
      149.88802724499362,
      145.58004073895003
    ],
    [
      155.99198672456913,
      131.39624619917365
    ],
    [
      163.91396183287787,
      118.1561357233733
    ],
    [
      174.47772775415518,
      106.94675800951507
    ],
    [
      187.86622743880898,
      99.38047470393461
    ],
    [
      202.94935806796914,
      96.3021435122623
    ],
    [
      218.35719905563823,
      96.95398840874613
    ]
  ],
  "bboxes": [],
  "categories": [],
  "control_points": [
    [
      135.60060093580077,
      189.6594671768701
    ],
    [
      150.52392190823045,
      144.88950425958095
    ],
    [
      159.11613701356876,
      88.8139951510572
    ],
    [
      218.35719905563823,
      96.95398840874613
    ]
  ]
}