{
  "image_path": "/home/quynhthu/Documents/AI-project/e2e/data/raw/Video_19700101_085820_output_frame_002890.jpg",
  "command": 3,
  "waypoints": [
    [
      138.38298163142588,
      189.18821154824755
    ],
    [
      139.55750413498254,
      178.4750312029863
    ],
    [
      140.75114222892867,
      167.76396431842537
    ],
    [
      141.96805457738762,
      157.05551754090314
    ],
    [
      143.2132693113976,
      146.35032647679293
    ],
    [
      144.49451864231065,
      135.64939111959927
    ],
    [
      145.8233175842556,
      124.95426157543196
    ],
    [
      147.21714254817098,
      114.26742218157045
    ],
    [
      148.67746568709816,
      103.58945117252883
    ],
    [
      149.6885278226605,
      92.86495799892852
    ]
  ],
  "bboxes": [],
  "categories": [],
  "control_points": [
    [
      138.38298163142588,
      189.18821154824755
    ],
    [
      147.87964043206296,
      101.90939495191621
    ],
    [
      149.2363059750111,
      104.62272603781254
    ],
    [
      149.6885278226605,
      92.86495799892853
    ]
  ]
}