{
  "image_path": "/home/quynhthu/Documents/AI-project/e2e/data/raw/Video_19700101_085820_output_frame_001280.jpg",
  "command": 3,
  "waypoints": [
    [
      119.51159295791778,
      208.53626910478005
    ],
    [
      117.19606764210806,
      195.5457222752458
    ],
    [
      114.83634477945043,
      182.56313132231472
    ],
    [
      112.50202691796088,
      169.57596495148834
    ],
    [
      110.27945465914128,
      156.56926783124229
    ],
    [
      108.24723044935527,
      143.53154621468528
    ],
    [
      106.45144976431449,
      130.4591979267373
    ],
    [
      104.90034194705662,
      117.35555767013825
    ],
    [
      103.5764010829838,
      104.22698610071708
    ],
    [
      102.45069761303576,
      91.07983675915436
    ]
  ],
  "bboxes": [
    [
      83.60168118260056,
      95.90008550596961,
      41.65675287429582,
      3.6973449296712175
    ]
  ],
  "categories": [
    7
  ],
  "control_points": []
}