{
  "image_path": "/home/quynhthu/Documents/AI-project/e2e/data/raw/Video_19700101_085820_output_frame_002390.jpg",
  "command": 0,
  "waypoints": [
    [
      106.97196303295868,
      166.88444999162581
    ],
    [
      108.62812737296318,
      158.09414537929328
    ],
    [
      110.22171427788024,
      149.29260333136554
    ],
    [
      111.1067975995097,
      140.3961631709699
    ],
    [
      110.5995332635721,
      131.47968355707232
    ],
    [
      108.04088840204057,
      122.93608994876674
    ],
    [
      103.23679500420327,
      115.42436831715028
    ],
    [
      96.70178668522189,
      109.34326943414074
    ],
    [
      89.1275496711282,
      104.6019413502279
    ],
    [
      80.98327643685077,
      100.91316863227497
    ]
  ],
  "bboxes": [],
  "categories": [],
  "control_points": [
    [
      106.97196303295868,
      166.88444999162581
    ],
    [
      110.47044007474244,
      145.39380530638275
    ],
    [
      121.96543606917479,
      116.90620653757215
    ],
    [
      80.98327643685077,
      100.91316863227497
    ]
  ]
}