{
  "image_path": "/home/quynhthu/Documents/AI-project/e2e/data/raw/Video_19700101_085820_output_frame_001600.jpg",
  "command": 2,
  "waypoints": [
    [
      44.290261938926726,
      203.97045719452072
    ],
    [
      47.64133948306294,
      185.8152097245484
    ],
    [
      51.8205455477739,
      167.83390450776614
    ],
    [
      57.24346748838132,
      150.19159175683475
    ],
    [
      64.66820357557587,
      133.30677625430474
    ],
    [
      75.41275841408189,
      118.36532709608682
    ],
    [
      90.51418179134946,
      107.95023663790718
    ],
    [
      108.29050784362917,
      103.1558417039084
    ],
    [
      126.64107215674841,
      101.15190740036185
    ],
    [
      144.99769995545563,
      99.19029190526456
    ]
  ],
  "bboxes": [],
  "categories": [],
  "control_points": [
    [
      44.290261938926726,
      203.97045719452072
    ],
    [
      62.80265863314159,
      92.52582909534722
    ],
    [
      93.90348507942258,
      106.22500264906621
    ],
    [
      144.99769995545563,
      99.19029190526456
    ]
  ]
}