{
  "image_path": "/home/quynhthu/Documents/AI-project/e2e/data/raw/Video_19700101_085820_output_frame_001030.jpg",
  "command": 0,
  "waypoints": [
    [
      110.78400706397744,
      211.99939002069908
    ],
    [
      108.3243615504604,
      199.15750195713377
    ],
    [
      106.03227295329083,
      186.28474496839502
    ],
    [
      103.96488045501157,
      173.37409707857896
    ],
    [
      102.19753917184725,
      160.41914172991173
    ],
    [
      100.83072994997909,
      147.41614520987824
    ],
    [
      100.00301583129314,
      134.36831620787987
    ],
    [
      99.90263746961381,
      121.29572627152322
    ],
    [
      100.79129215233577,
      108.2549781407144
    ],
    [
      103.00880045240719,
      95.37129084714536
    ]
  ],
  "bboxes": [
    [
      121.89144508050636,
      67.60269580582306,
      8.885950413223142,
      16.661157024793383
    ]
  ],
  "categories": [
    12
  ],
  "control_points": []
}