{
  "image_path": "/home/quynhthu/Documents/AI-project/e2e/data/raw/Video_19700101_085820_output_frame_001590_dup2.jpg",
  "command": 2,
  "waypoints": [
    [
      54.69439334934064,
      200.64788621863445
    ],
    [
      58.464757288573495,
      183.54470363730618
    ],
    [
      62.74322536434508,
      166.56236533336784
    ],
    [
      67.80577358495819,
      149.7990244286163
    ],
    [
      74.17223689397375,
      133.49363921272789
    ],
    [
      82.86550306414715,
      118.33089264408507
    ],
    [
      95.4749384665055,
      106.29630172523764
    ],
    [
      111.75491183260166,
      100.04919281914152
    ],
    [
      129.13841098783297,
      98.11680048970985
    ],
    [
      146.64286824869941,
      97.59480493671941
    ]
  ],
  "bboxes": [
    [
      43.76742316425501,
      110.9835374201384,
      87.36098345424472,
      4.715507629632526
    ]
  ],
  "categories": [
    7
  ],
  "control_points": []
}