{
  "image_path": "/home/quynhthu/Documents/AI-project/e2e/data/raw/Video_19700101_085820_output_frame_000700_dup1.jpg",
  "command": 3,
  "waypoints": [
    [
      82.8868501529052,
      222.2874617737003
    ],
    [
      82.01155283724091,
      209.50050968399592
    ],
    [
      81.13625552157662,
      196.71355759429153
    ],
    [
      80.26095820591232,
      183.92660550458714
    ],
    [
      79.38566089024806,
      171.13965341488276
    ],
    [
      78.51036357458376,
      158.35270132517834
    ],
    [
      77.63506625891947,
      145.56574923547396
    ],
    [
      76.75976894325517,
      132.7787971457696
    ],
    [
      75.8844716275909,
      119.99184505606522
    ],
    [
      75.0091743119266,
      107.20489296636084
    ]
  ],
  "bboxes": [
    [
      61.65137614678899,
      80.48929663608563,
      19.86544342507645,
      18.15290519877675
    ]
  ],
  "categories": [
    3
  ],
  "control_points": [
    [
      82.8868501529052,
      222.2874617737003
    ],
    [
      80.28721712538226,
      184.31021406727828
    ],
    [
      77.68758409785933,
      146.33296636085626
    ],
    [
      75.0091743119266,
      107.20489296636084
    ]
  ]
}