{
  "image_path": "/home/quynhthu/Documents/AI-project/e2e/data/raw/Video_19700101_085820_output_frame_002840_dup3.jpg",
  "command": 1,
  "waypoints": [
    [
      76.88081035110947,
      197.7804266535859
    ],
    [
      76.50419472212941,
      181.90637097242853
    ],
    [
      76.41989701380619,
      166.02807433406113
    ],
    [
      76.33209798764881,
      150.15016340214802
    ],
    [
      75.58546235491167,
      134.2960234905382
    ],
    [
      72.53512198065424,
      118.76779676648995
    ],
    [
      63.62955604906191,
      105.79704309585537
    ],
    [
      49.23700928079567,
      99.36584426293585
    ],
    [
      33.5142876956015,
      97.38031281132388
    ],
    [
      17.63974830904001,
      97.38717647542236
    ]
  ],
  "bboxes": [
    [
      18.996413851988166,
      111.85827560020269,
      99.03658463521536,
      17.184430210676652
    ],
    [
      121.19855142074924,
      66.63609083526417,
      13.566655429481543,
      17.636652058326035
    ]
  ],
  "categories": [
    7,
    10
  ],
  "control_points": []
}