{
  "image_path": "/home/quynhthu/Documents/AI-project/e2e/data/raw/Video_19700101_085820_output_frame_002250.jpg",
  "command": 0,
  "waypoints": [
    [
      94.7884500067048,
      185.45423100520102
    ],
    [
      94.77561189203884,
      176.26729543028537
    ],
    [
      94.8596681840886,
      167.08077547561768
    ],
    [
      95.06921341921775,
      157.8963017968895
    ],
    [
      95.44456894004854,
      148.7171896575131
    ],
    [
      96.04671911732846,
      139.55031678434747
    ],
    [
      96.95857477606891,
      130.40925555805507
    ],
    [
      98.24048292076031,
      121.31258529164346
    ],
    [
      99.73750924082321,
      112.24855909186256
    ],
    [
      100.99932459509635,
      103.14876571518128
    ]
  ],
  "bboxes": [
    [
      73.68255638137678,
      103.04074161106304,
      55.6123546318167,
      8.375354613225397
    ],
    [
      134.65513796565776,
      67.52923805098729,
      12.39552482757361,
      18.425780149095914
    ]
  ],
  "categories": [
    7,
    0
  ],
  "control_points": []
}