{
  "image_path": "/home/quynhthu/Documents/AI-project/e2e/data/raw/Video_19700101_085820_output_frame_002840_dup1.jpg",
  "command": 3,
  "waypoints": [
    [
      76.42858850346009,
      201.398201434781
    ],
    [
      73.17099137673722,
      188.90678231269024
    ],
    [
      70.6805712601333,
      176.2419845745389
    ],
    [
      69.19379401993122,
      163.42065855035497
    ],
    [
      68.52449720409746,
      150.52967415373982
    ],
    [
      68.44560271307351,
      137.62078345909836
    ],
    [
      68.79266209382968,
      124.71592152133097
    ],
    [
      69.4559690104021,
      111.82324854920505
    ],
    [
      70.3600266785844,
      98.94511576564713
    ],
    [
      71.45414817931686,
      86.08163028418774
    ]
  ],
  "bboxes": [
    [
      21.70974493788448,
      112.31049744785207,
      94.51436615872151,
      16.73220836302727
    ],
    [
      122.55521696369738,
      66.18386898761479,
      10.401102495935874,
      19.44553944892357
    ]
  ],
  "categories": [
    7,
    10
  ],
  "control_points": []
}