{
  "image_path": "/home/quynhthu/Documents/AI-project/e2e/data/raw/Video_19700101_085820_output_frame_001230_dup1.jpg",
  "command": 1,
  "waypoints": [
    [
      114.86643565859197,
      200.21577690148072
    ],
    [
      109.35289634038375,
      185.5018966803201
    ],
    [
      100.62406855777101,
      172.45929483081255
    ],
    [
      89.28056836604188,
      161.60494014493537
    ],
    [
      76.1174637669686,
      153.0336490125497
    ],
    [
      61.79826208047281,
      146.5616242655886
    ],
    [
      46.78069028830792,
      141.92224855947975
    ],
    [
      31.35777219748986,
      138.87931871729864
    ],
    [
      15.721043517486585,
      137.24783756732666
    ],
    [
      0.0,
      136.90471823056683
    ]
  ],
  "bboxes": [
    [
      144.260855755802,
      72.68921586435414,
      4.522218476493862,
      6.331105867091395
    ]
  ],
  "categories": [
    8
  ],
  "control_points": []
}