{
  "image_path": "/home/quynhthu/Documents/AI-project/e2e/data/raw/Video_20260119_140111_output_frame_000660.jpg",
  "command": 0,
  "waypoints": [
    [
      62.409711226329144,
      205.92041991127485
    ],
    [
      64.09553860576503,
      193.9934075447011
    ],
    [
      65.80526818332316,
      182.0697989786161
    ],
    [
      67.54537521024567,
      170.1505873966902
    ],
    [
      69.32472424209051,
      158.23717408986985
    ],
    [
      71.15650487823902,
      146.3317156957116
    ],
    [
      73.0580181131737,
      134.43720404813922
    ],
    [
      75.03039117556321,
      122.55422496297894
    ],
    [
      76.96507074524997,
      110.66512311953605
    ],
    [
      78.68969774170702,
      98.74384201837053
    ]
  ],
  "bboxes": [],
  "categories": [],
  "control_points": [
    [
      62.409711226329144,
      205.92041991127485
    ],
    [
      73.71525741756378,
      125.42493102968426
    ],
    [
      75.07192296051193,
      125.42493102968426
    ],
    [
      78.68969774170702,
      98.74384201837053
    ]
  ]
}