{
  "image_path": "/home/quynhthu/Documents/AI-project/e2e/data/raw/Video_19700101_085820_output_frame_002310.jpg",
  "command": 1,
  "waypoints": [
    [
      137.95847397447196,
      135.89793905011254
    ],
    [
      124.54989276612496,
      132.08524545058933
    ],
    [
      110.866580118751,
      129.38137472515228
    ],
    [
      97.1130811416871,
      127.05336915539787
    ],
    [
      83.35260054303257,
      124.76653612105004
    ],
    [
      69.61051790292746,
      122.37196806848186
    ],
    [
      55.89961771077569,
      119.80509280452361
    ],
    [
      42.22713336036915,
      117.04098522727841
    ],
    [
      28.597099175339576,
      114.07462599605229
    ],
    [
      15.01199507749991,
      110.9088173230857
    ]
  ],
  "bboxes": [],
  "categories": [],
  "control_points": [
    [
      137.95847397447196,
      135.89793905011254
    ],
    [
      115.96804685468834,
      127.90142009746396
    ],
    [
      81.48305887139131,
      126.90185522838287
    ],
    [
      15.01199507749991,
      110.9088173230857
    ]
  ]
}