{
  "image_path": "/home/quynhthu/Documents/AI-project/e2e/data/raw/Video_19700101_085820_output_frame_001590_dup1.jpg",
  "command": 3,
  "waypoints": [
    [
      53.925947169519965,
      201.14984792035833
    ],
    [
      57.75472534459189,
      188.339363689964
    ],
    [
      61.592656199069204,
      175.53161945415295
    ],
    [
      65.45345456993509,
      162.730752322429
    ],
    [
      69.35249537562106,
      149.94148597697918
    ],
    [
      73.30585378986842,
      137.16891174021205
    ],
    [
      77.32919002472019,
      124.41821489137371
    ],
    [
      81.43666322604064,
      111.69437995974947
    ],
    [
      85.63915702994964,
      99.0016184810371
    ],
    [
      89.94424150661028,
      86.34326474134902
    ]
  ],
  "bboxes": [
    [
      43.002071894021576,
      108.78849818709864,
      87.78083372156479,
      8.73744409728539
    ]
  ],
  "categories": [
    7
  ],
  "control_points": []
}