{
  "image_path": "/home/quynhthu/Documents/AI-project/e2e/data/raw/Video_19700101_085820_output_frame_001420.jpg",
  "command": 0,
  "waypoints": [
    [
      121.58246523072948,
      180.372243627177
    ],
    [
      125.16818766528769,
      168.89424604699101
    ],
    [
      129.57523192684252,
      157.70678522285039
    ],
    [
      134.91009214845252,
      146.93208999668374
    ],
    [
      141.27731401831767,
      136.73506274197703
    ],
    [
      148.749360363047,
      127.31965613289306
    ],
    [
      157.34228232239298,
      118.91686591946656
    ],
    [
      166.98568416144266,
      111.74538335546866
    ],
    [
      177.52130604317233,
      105.96347651747139
    ],
    [
      188.73038607378925,
      101.62604554758872
    ]
  ],
  "bboxes": [],
  "categories": [],
  "control_points": [
    [
      121.58246523072948,
      180.372243627177
    ],
    [
      132.57030682323017,
      140.69392676536896
    ],
    [
      153.93555436420374,
      112.6138871400894
    ],
    [
      188.73038607378925,
      101.62604554758872
    ]
  ]
}