{
  "image_path": "/home/quynhthu/Documents/AI-project/e2e/data/raw/Video_19700101_085820_output_frame_001310_dup2.jpg",
  "command": 2,
  "waypoints": [
    [
      114.80176312820679,
      196.26665845494293
    ],
    [
      113.78884244761228,
      180.3295303624315
    ],
    [
      113.32489979765009,
      164.367958057098
    ],
    [
      113.6944830580337,
      148.40594788684808
    ],
    [
      115.43964200597519,
      132.5427207250123
    ],
    [
      119.7005890796441,
      117.19388853199904
    ],
    [
      128.59534562679184,
      104.05737046861297
    ],
    [
      142.57286790765542,
      96.5652069220196
    ],
    [
      158.3303085303815,
      94.2498363230075
    ],
    [
      174.29393238615492,
      94.32178708720348
    ]
  ],
  "bboxes": [
    [
      76.96084352265835,
      106.69663868947666,
      64.18302124835189,
      6.30858755859866
    ],
    [
      152.11532139466016,
      67.47368125992826,
      13.714320779562371,
      17.554330597839837
    ]
  ],
  "categories": [
    7,
    8
  ],
  "control_points": []
}