{
  "image_path": "/home/quynhthu/Documents/AI-project/e2e/data/raw/Video_19700101_085820_output_frame_001390.jpg",
  "command": 2,
  "waypoints": [
    [
      119.70894036030812,
      204.71233506629804
    ],
    [
      124.06419887405883,
      188.66351749690972
    ],
    [
      129.8308463345156,
      173.07031884552342
    ],
    [
      137.51082929591132,
      158.33400562605843
    ],
    [
      147.6346219886589,
      145.17227899063278
    ],
    [
      160.37662361347182,
      134.5386180854716
    ],
    [
      175.14155183492744,
      126.94092255604579
    ],
    [
      190.98491352380117,
      121.91676086978448
    ],
    [
      207.25718072997702,
      118.48620807683355
    ],
    [
      223.66368674473975,
      115.75106171808254
    ]
  ],
  "bboxes": [],
  "categories": [],
  "control_points": [
    [
      119.70894036030812,
      204.71233506629804
    ],
    [
      137.20132556922692,
      129.74496988521759
    ],
    [
      173.6854432906861,
      123.74758067073112
    ],
    [
      223.66368674473975,
      115.75106171808254
    ]
  ]
}