{
  "image_path": "/home/quynhthu/Documents/AI-project/e2e/data/raw/Video_19700101_085820_output_frame_002280.jpg",
  "command": 2,
  "waypoints": [
    [
      114.42230965504358,
      203.0221875760696
    ],
    [
      116.05318460362886,
      185.91064566427207
    ],
    [
      118.23695552121784,
      168.86268871495142
    ],
    [
      121.64315937468554,
      152.023479256898
    ],
    [
      127.46931246390461,
      135.88604811859327
    ],
    [
      137.40328057692008,
      121.94736906369747
    ],
    [
      151.71952967593842,
      112.58035930899145
    ],
    [
      168.24595971402456,
      108.01807170746572
    ],
    [
      185.36257607169782,
      106.62818457406166
    ],
    [
      202.54131791950635,
      107.12797270003655
    ]
  ],
  "bboxes": [
    [
      80.98327643685077,
      121.40424844843699,
      103.95474638443163,
      20.99086225070255
    ]
  ],
  "categories": [
    7
  ],
  "control_points": []
}