{
  "image_path": "/home/quynhthu/Documents/AI-project/e2e/data/raw/Video_19700101_085820_output_frame_002250_dup3.jpg",
  "command": 1,
  "waypoints": [
    [
      94.7884500067048,
      185.45423100520102
    ],
    [
      95.05549617776474,
      169.9100228177812
    ],
    [
      95.41203185546577,
      154.36770714690388
    ],
    [
      95.4440693682597,
      138.82346419162124
    ],
    [
      94.14825459172032,
      123.35390768111162
    ],
    [
      88.84305399787205,
      108.85904871632249
    ],
    [
      76.6502353894277,
      99.45996573818381
    ],
    [
      61.545354239997536,
      96.06290613114459
    ],
    [
      46.02333865907956,
      95.43968087965206
    ],
    [
      30.491885247999146,
      96.08456026007748
    ]
  ],
  "bboxes": [
    [
      133.67625408293617,
      65.93328365246602,
      11.725496458515579,
      19.09580851815393
    ],
    [
      69.01851646883603,
      102.4498297661288,
      62.64765250692605,
      8.040340428696396
    ]
  ],
  "categories": [
    0,
    7
  ],
  "control_points": []
}