{
  "image_path": "/home/quynhthu/Documents/AI-project/e2e/data/raw/Video_19700101_085820_output_frame_002950.jpg",
  "command": 3,
  "waypoints": [
    [
      176.3696168339742,
      178.7871090523117
    ],
    [
      176.67651772791797,
      169.9363141896054
    ],
    [
      176.46652819550326,
      161.08377978775368
    ],
    [
      175.4996506432015,
      152.2834947885468
    ],
    [
      173.59215057482638,
      143.63925597662322
    ],
    [
      170.78495151509395,
      135.24250349281812
    ],
    [
      167.33716577686047,
      127.08566177383484
    ],
    [
      163.5338180707101,
      119.08731425390901
    ],
    [
      159.57260593357452,
      111.1656403401926
    ],
    [
      155.5674118421025,
      103.26606049486439
    ]
  ],
  "bboxes": [],
  "categories": [],
  "control_points": [
    [
      176.3696168339742,
      178.7871090523117
    ],
    [
      178.17850422457175,
      146.67935786920535
    ],
    [
      172.2996202051298,
      136.2782553732695
    ],
    [
      155.5674118421025,
      103.26606049486439
    ]
  ]
}