{
  "image_path": "/home/quynhthu/Documents/AI-project/e2e/data/raw/Video_19700101_085820_output_frame_002340.jpg",
  "command": 1,
  "waypoints": [
    [
      146.4547753616611,
      152.39075938995026
    ],
    [
      133.28125555861504,
      147.57166409431184
    ],
    [
      120.10211699152342,
      142.76794384625217
    ],
    [
      106.93146824362458,
      137.94101108673453
    ],
    [
      93.78085975845242,
      133.05977140188193
    ],
    [
      80.65837957178617,
      128.10343260888715
    ],
    [
      67.56859443340714,
      123.06138964648899
    ],
    [
      54.51349847281481,
      117.9301970339108
    ],
    [
      41.49308800655618,
      112.71161237018246
    ],
    [
      28.506120810094405,
      107.41034028130196
    ]
  ],
  "bboxes": [],
  "categories": [],
  "control_points": [
    [
      146.4547753616611,
      152.39075938995026
    ],
    [
      112.4695698129046,
      139.89619852643685
    ],
    [
      79.48392913322915,
      128.4012025320045
    ],
    [
      28.506120810094405,
      107.41034028130196
    ]
  ]
}