{
  "image_path": "/home/quynhthu/Documents/AI-project/e2e/data/raw/Video_19700101_085820_output_frame_001940_dup2.jpg",
  "command": 1,
  "waypoints": [
    [
      68.93495336519423,
      221.03514636901988
    ],
    [
      70.77796624796657,
      203.10574768901188
    ],
    [
      72.70718480233549,
      185.18537386192472
    ],
    [
      74.53700991244882,
      167.25472703823232
    ],
    [
      75.84839815872843,
      149.2803918263605
    ],
    [
      75.49616132716632,
      131.2778535354466
    ],
    [
      69.6867471628669,
      114.4474417798792
    ],
    [
      54.49758242664575,
      105.42360109062335
    ],
    [
      36.61634152494002,
      103.48031798339193
    ],
    [
      18.60492173739218,
      104.00759315315496
    ]
  ],
  "bboxes": [],
  "categories": [],
  "control_points": [
    [
      68.93495336519423,
      221.03514636901988
    ],
    [
      78.75544734135073,
      121.19345761142883
    ],
    [
      89.39431581552027,
      99.50653341408322
    ],
    [
      18.60492173739218,
      104.00759315315496
    ]
  ]
}