{
  "image_path": "/home/quynhthu/Documents/AI-project/e2e/data/raw/Video_20260119_140111_output_frame_000270.jpg",
  "command": 0,
  "waypoints": [
    [
      103.10967751477381,
      189.18821154824755
    ],
    [
      104.7569590115045,
      178.46221130103262
    ],
    [
      106.25752307918685,
      167.71474419666697
    ],
    [
      107.57591156848433,
      156.9434636221776
    ],
    [
      108.67669889576516,
      146.14782625119295
    ],
    [
      109.53933571202225,
      135.3305712997021
    ],
    [
      110.17285792998214,
      124.49743175411623
    ],
    [
      110.62306303062576,
      113.65503896864864
    ],
    [
      110.95950976427123,
      102.80845625169833
    ],
    [
      111.24967077246276,
      91.96051430362975
    ]
  ],
  "bboxes": [],
  "categories": [],
  "control_points": [
    [
      103.10967751477381,
      189.18821154824755
    ],
    [
      109.8930052295146,
      146.67935786920535
    ],
    [
      110.34522707716398,
      126.32937472498303
    ],
    [
      111.24967077246276,
      91.96051430362975
    ]
  ]
}