{
  "image_path": "/home/quynhthu/Documents/AI-project/e2e/data/raw/Video_19700101_085820_output_frame_001240_dup1.jpg",
  "command": 1,
  "waypoints": [
    [
      114.86643565859197,
      200.21577690148072
    ],
    [
      105.75352830410897,
      189.1158404744118
    ],
    [
      95.55018070465803,
      179.01344620490815
    ],
    [
      84.1549851827155,
      170.28304308340432
    ],
    [
      71.6293755449787,
      163.27395726598158
    ],
    [
      58.223305351635396,
      158.1416101186788
    ],
    [
      44.271209314155854,
      154.74864174945708
    ],
    [
      30.049214942257972,
      152.7458136361804
    ],
    [
      15.720032024503908,
      151.73711964803204
    ],
    [
      1.3587518985963134,
      151.37581735534715
    ]
  ],
  "bboxes": [],
  "categories": [],
  "control_points": [
    [
      114.86643565859197,
      200.21577690148072
    ],
    [
      83.6631281707844,
      158.61136691773729
    ],
    [
      50.19871144472991,
      151.82803920299654
    ],
    [
      1.3587518985963134,
      151.37581735534715
    ]
  ]
}