{
  "image_path": "/home/quynhthu/Documents/AI-project/e2e/data/raw/Video_19700101_085820_output_frame_002610.jpg",
  "command": 3,
  "waypoints": [
    [
      120.29410772545046,
      187.37932415765005
    ],
    [
      118.25020456841763,
      176.95223038133008
    ],
    [
      116.22271088509837,
      166.52193339425213
    ],
    [
      114.20978829734983,
      156.08881413493233
    ],
    [
      112.20491576603476,
      145.65414431695746
    ],
    [
      110.19049783733459,
      135.22131557535897
    ],
    [
      108.12450293192396,
      124.79860550400345
    ],
    [
      105.92576260531979,
      114.40320175875098
    ],
    [
      103.50348253499773,
      104.05772493590223
    ],
    [
      100.84856827652689,
      93.76940169422728
    ]
  ],
  "bboxes": [],
  "categories": [],
  "control_points": [
    [
      120.29410772545046,
      187.37932415765005
    ],
    [
      108.98856153421583,
      129.9471495061781
    ],
    [
      107.63189599126767,
      119.09382516259286
    ],
    [
      100.84856827652689,
      93.76940169422728
    ]
  ]
}