{
  "image_path": "/home/quynhthu/Documents/AI-project/e2e/data/raw/Video_19700101_085820_output_frame_001350.jpg",
  "command": 2,
  "waypoints": [
    [
      119.70894036030812,
      204.71233506629804
    ],
    [
      121.47595390802138,
      187.38946017697262
    ],
    [
      124.07396571495644,
      170.17356171427394
    ],
    [
      128.13113187213227,
      153.24873379018942
    ],
    [
      134.7584148999907,
      137.17925051998378
    ],
    [
      145.42656656916174,
      123.51930884278593
    ],
    [
      160.16716195181658,
      114.41426913375136
    ],
    [
      176.93448303844832,
      109.85288623274468
    ],
    [
      194.2590786326887,
      108.21266534069836
    ],
    [
      211.66890831576686,
      108.25432519997447
    ]
  ],
  "bboxes": [],
  "categories": [],
  "control_points": [
    [
      119.70894036030812,
      204.71233506629804
    ],
    [
      126.20611200933511,
      128.7454050161365
    ],
    [
      141.69936748009172,
      105.7554130272718
    ],
    [
      211.66890831576686,
      108.25432519997447
    ]
  ]
}