{
  "image_path": "/home/quynhthu/Documents/AI-project/e2e/data/raw/Video_19700101_085820_output_frame_001950_dup2.jpg",
  "command": 2,
  "waypoints": [
    [
      65.25226812413554,
      220.21677187100687
    ],
    [
      67.69662711957848,
      201.64705785942473
    ],
    [
      71.24358453085154,
      183.2580976922034
    ],
    [
      76.35018674167925,
      165.2444934808782
    ],
    [
      83.742227699764,
      148.05462727399177
    ],
    [
      94.41039010152463,
      132.71557522613446
    ],
    [
      108.95260144051805,
      121.03346869219949
    ],
    [
      126.32196161059483,
      114.17089605947017
    ],
    [
      144.77310195619657,
      111.04227689072964
    ],
    [
      163.45720788570057,
      109.73621463924624
    ]
  ],
  "bboxes": [],
  "categories": [],
  "control_points": [
    [
      65.25226812413554,
      220.21677187100687
    ],
    [
      76.3003238473116,
      117.10158512136361
    ],
    [
      114.35473800491803,
      112.19133813328537
    ],
    [
      163.45720788570057,
      109.73621463924624
    ]
  ]
}