{
  "image_path": "/home/quynhthu/Documents/AI-project/e2e/data/raw/Video_20260119_140111_output_frame_000340.jpg",
  "command": 0,
  "waypoints": [
    [
      111.70189262011213,
      192.3537644817933
    ],
    [
      112.00302211042916,
      180.59650820240216
    ],
    [
      112.16569092376791,
      168.83654217337315
    ],
    [
      112.17314189463629,
      157.0754656097561
    ],
    [
      112.02350478026072,
      145.31532761947327
    ],
    [
      111.74122390570139,
      133.55758931316478
    ],
    [
      111.37728742050585,
      121.80206033195049
    ],
    [
      110.99309271782964,
      110.04716702166893
    ],
    [
      110.63904171331406,
      98.29133531071328
    ],
    [
      110.34522707716398,
      86.53385213183712
    ]
  ],
  "bboxes": [],
  "categories": [],
  "control_points": [
    [
      111.70189262011213,
      192.3537644817933
    ],
    [
      113.0585581630603,
      148.4882452598029
    ],
    [
      111.24967077246276,
      127.68604026793118
    ],
    [
      110.34522707716398,
      86.53385213183714
    ]
  ]
}