{
  "image_path": "/home/quynhthu/Documents/AI-project/e2e/data/raw/Video_19700101_085820_output_frame_002600_dup2.jpg",
  "command": 3,
  "waypoints": [
    [
      130.24298837373692,
      188.73598970059817
    ],
    [
      128.1812053267601,
      178.12770061229895
    ],
    [
      126.1508529980148,
      167.5133532871461
    ],
    [
      124.16157776626025,
      156.89123504627906
    ],
    [
      122.2281384650603,
      146.2588197175719
    ],
    [
      120.37282325414392,
      135.61251125553014
    ],
    [
      118.62615095348521,
      124.94786946544211
    ],
    [
      117.01406755337165,
      114.26206413371777
    ],
    [
      115.49991979200354,
      103.56187883502749
    ],
    [
      113.96300185835906,
      92.86495799892853
    ]
  ],
  "bboxes": [],
  "categories": [],
  "control_points": [
    [
      130.24298837373692,
      188.73598970059817
    ],
    [
      118.03299848720353,
      126.32937472498303
    ],
    [
      117.58077663955416,
      117.28493777199532
    ],
    [
      113.96300185835906,
      92.86495799892853
    ]
  ]
}