{
  "image_path": "/home/quynhthu/Documents/AI-project/e2e/data/raw/Video_19700101_085820_output_frame_001610.jpg",
  "command": 3,
  "waypoints": [
    [
      33.182823922397795,
      209.52417620278518
    ],
    [
      37.242082433612204,
      195.8577059403986
    ],
    [
      41.31583161326472,
      182.1955486392855
    ],
    [
      45.41026274575033,
      168.53957633644592
    ],
    [
      49.53607639040932,
      154.8930556833056
    ],
    [
      53.712404237690336,
      141.2619188446295
    ],
    [
      57.98126190001558,
      127.65951597440875
    ],
    [
      62.453726758443736,
      114.12296993452067
    ],
    [
      67.48037358653069,
      100.78461377207024
    ],
    [
      73.16960078190192,
      87.71260595485136
    ]
  ],
  "bboxes": [],
  "categories": [],
  "control_points": [
    [
      33.182823922397795,
      209.52417620278518
    ],
    [
      65.02414623644738,
      102.15227537633895
    ],
    [
      64.09548102229432,
      108.85783812228595
    ],
    [
      73.16960078190192,
      87.71260595485136
    ]
  ]
}