{
  "image_path": "/home/quynhthu/Documents/AI-project/e2e/data/raw/Video_19700101_085820_output_frame_002240_dup1.jpg",
  "command": 0,
  "waypoints": [
    [
      103.7230298737,
      181.56922392976844
    ],
    [
      103.30965524001651,
      172.7616310904419
    ],
    [
      102.97148287248939,
      163.95085649143675
    ],
    [
      102.73288155382632,
      155.13685303946065
    ],
    [
      102.62968473585622,
      146.32028775743356
    ],
    [
      102.7190607582775,
      137.5037106331351
    ],
    [
      103.0878071893689,
      128.6946426027359
    ],
    [
      103.8331312115766,
      119.90949824611496
    ],
    [
      104.90811260072994,
      111.15817770589275
    ],
    [
      105.9630168368148,
      102.40421187892352
    ]
  ],
  "bboxes": [
    [
      134.75243183878183,
      66.41744312646476,
      10.671938319694675,
      16.876553621842717
    ],
    [
      80.6481864040507,
      100.66691959432207,
      54.60061465890294,
      6.452799914233978
    ]
  ],
  "categories": [
    0,
    7
  ],
  "control_points": []
}