{
  "image_path": "/home/quynhthu/Documents/AI-project/e2e/data/raw/Video_19700101_085820_output_frame_003730.jpg",
  "command": 0,
  "waypoints": [
    [
      108.53633968656645,
      182.40488383350677
    ],
    [
      102.00578954394138,
      173.17966765240945
    ],
    [
      94.81613564068898,
      164.46032801530046
    ],
    [
      86.79414821560674,
      156.50408666850146
    ],
    [
      77.79599798070953,
      149.67854831277
    ],
    [
      67.8153402968654,
      144.3996249496391
    ],
    [
      57.09262294694112,
      140.85579286149357
    ],
    [
      45.991310584045536,
      138.74815427026854
    ],
    [
      34.763534829667826,
      137.43858738966665
    ],
    [
      23.518632328482017,
      136.2782553732695
    ]
  ],
  "bboxes": [],
  "categories": [],
  "control_points": [
    [
      108.53633968656645,
      182.40488383350677
    ],
    [
      79.1419195893564,
      138.08714276386704
    ],
    [
      55.62638351158837,
      139.8960301544646
    ],
    [
      23.518632328482017,
      136.2782553732695
    ]
  ]
}