{
  "image_path": "/home/quynhthu/Documents/AI-project/e2e/data/raw/Video_19700101_085820_output_frame_002920_dup1.jpg",
  "command": 1,
  "waypoints": [
    [
      148.33186227971234,
      163.4115662322326
    ],
    [
      136.71804906805568,
      158.07310901960807
    ],
    [
      124.96352850008431,
      153.052288900805
    ],
    [
      113.06297203400784,
      148.38840695282863
    ],
    [
      101.01562208652453,
      144.11824842056598
    ],
    [
      88.82576152437227,
      140.27399725205248
    ],
    [
      76.50319298863887,
      136.8793101150524
    ],
    [
      64.06192831417002,
      133.94943142169475
    ],
    [
      51.51920514907258,
      131.4897898505974
    ],
    [
      38.89417514856113,
      129.49492765852872
    ]
  ],
  "bboxes": [],
  "categories": [],
  "control_points": [
    [
      148.33186227971234,
      163.4115662322326
    ],
    [
      112.15411446776152,
      146.22713602155596
    ],
    [
      77.78525404640824,
      134.92158983032135
    ],
    [
      38.89417514856112,
      129.49492765852872
    ]
  ]
}