{
  "image_path": "/home/quynhthu/Documents/AI-project/e2e/data/raw/Video_19700101_085820_output_frame_001690.jpg",
  "command": 0,
  "waypoints": [
    [
      116.59660571593459,
      181.22645907744965
    ],
    [
      118.56694917702289,
      172.07038876609195
    ],
    [
      120.5154164875688,
      162.90963771693606
    ],
    [
      122.44738818108998,
      153.7453922189132
    ],
    [
      124.37836000721033,
      144.58093607164255
    ],
    [
      126.33905555402278,
      135.42280445273732
    ],
    [
      128.36922274168955,
      126.27984711461117
    ],
    [
      130.49501020617942,
      117.15865910632516
    ],
    [
      132.71469508861395,
      108.05985374759824
    ],
    [
      135.010031921228,
      98.97982202713902
    ]
  ],
  "bboxes": [],
  "categories": [],
  "control_points": [
    [
      116.59660571593459,
      181.22645907744965
    ],
    [
      125.18953794507152,
      141.53529592381716
    ],
    [
      126.82628694109758,
      130.89642744964763
    ],
    [
      135.010031921228,
      98.97982202713902
    ]
  ]
}