{
  "image_path": "/home/quynhthu/Documents/AI-project/e2e/data/raw/Video_19700101_085820_output_frame_002490.jpg",
  "command": 0,
  "waypoints": [
    [
      105.97239816387761,
      191.37378928411215
    ],
    [
      98.05220009004132,
      182.9537593704769
    ],
    [
      90.11836786010998,
      174.54659855731478
    ],
    [
      82.08192668422997,
      166.2376750655945
    ],
    [
      73.85637002085417,
      158.11615854513954
    ],
    [
      65.42526642543014,
      150.20815381307725
    ],
    [
      56.83106994649611,
      142.47751654667385
    ],
    [
      48.12371678106736,
      134.87443581545077
    ],
    [
      39.34035306139549,
      127.35923491235417
    ],
    [
      30.505250548256548,
      119.90490114481535
    ]
  ],
  "bboxes": [],
  "categories": [],
  "control_points": [
    [
      105.97239816387761,
      191.37378928411215
    ],
    [
      80.98327643685077,
      164.8853202534637
    ],
    [
      73.98632235328326,
      156.38901886627457
    ],
    [
      30.505250548256548,
      119.90490114481535
    ]
  ]
}