{
  "image_path": "/home/quynhthu/Documents/AI-project/e2e/data/raw/Video_19700101_085820_output_frame_002550.jpg",
  "command": 1,
  "waypoints": [
    [
      161.94803083241774,
      196.87139606405802
    ],
    [
      159.58658880752984,
      181.6702355429138
    ],
    [
      157.63612930107305,
      166.41102704643467
    ],
    [
      155.9327021294973,
      151.12202838028836
    ],
    [
      154.09429649708974,
      135.85004314768497
    ],
    [
      151.16289477260253,
      120.76707750192634
    ],
    [
      144.68165963087574,
      106.91593467186023
    ],
    [
      132.28889791417762,
      98.01941247264979
    ],
    [
      117.33246953851665,
      94.65981666342506
    ],
    [
      101.9741386875533,
      93.91621454870746
    ]
  ],
  "bboxes": [
    [
      93.47783730036419,
      116.90620653757215,
      98.45713960448576,
      17.492385208918805
    ]
  ],
  "categories": [
    7
  ],
  "control_points": []
}