{
  "image_path": "/home/quynhthu/Documents/AI-project/e2e/data/raw/Video_19700101_085820_output_frame_001910_dup1.jpg",
  "command": 3,
  "waypoints": [
    [
      143.8580282666876,
      224.0
    ],
    [
      144.45518882262903,
      208.95772446331713
    ],
    [
      145.08766784869135,
      193.91689534882104
    ],
    [
      145.76188459086097,
      178.87788120737403
    ],
    [
      146.48697472485222,
      163.84123730395007
    ],
    [
      147.27634602450487,
      148.80783719078437
    ],
    [
      148.15041876996807,
      133.7791379536146
    ],
    [
      149.14448740166432,
      118.75793642854401
    ],
    [
      150.32598661156618,
      103.75034537028999
    ],
    [
      151.22339874880495,
      88.72308074770984
    ]
  ],
  "bboxes": [
    [
      104.5760523620616,
      105.09057070797067,
      92.88550552448024,
      21.686924197345604
    ]
  ],
  "categories": [
    7
  ],
  "control_points": []
}