{
  "image_path": "/home/quynhthu/Documents/AI-project/e2e/data/raw/Video_20260119_140111_output_frame_000870.jpg",
  "command": 0,
  "waypoints": [
    [
      70.54970448401808,
      199.58931404418345
    ],
    [
      75.16704023860946,
      187.02037830053362
    ],
    [
      79.75876629478527,
      174.44207087182636
    ],
    [
      84.28015073206309,
      161.83833908672008
    ],
    [
      88.65389340571744,
      149.18272874330677
    ],
    [
      92.74743801860556,
      136.43407665052402
    ],
    [
      96.34525759716787,
      123.53765614492954
    ],
    [
      99.1612610846632,
      110.44979303206287
    ],
    [
      100.96057704157404,
      97.18468607361642
    ],
    [
      101.75301197182566,
      83.82052104594082
    ]
  ],
  "bboxes": [],
  "categories": [],
  "control_points": [
    [
      70.54970448401808,
      199.58931404418345
    ],
    [
      93.16079686648735,
      138.08714276386704
    ],
    [
      100.84856827652689,
      117.28493777199532
    ],
    [
      101.75301197182566,
      83.82052104594082
    ]
  ]
}