{
  "image_path": "/home/quynhthu/Documents/AI-project/e2e/data/raw/Video_19700101_085820_output_frame_002790.jpg",
  "command": 0,
  "waypoints": [
    [
      139.73964717437403,
      182.40488383350677
    ],
    [
      127.30031645939074,
      173.8683426098404
    ],
    [
      114.76885553110554,
      165.4684611415144
    ],
    [
      101.85301754994164,
      157.67733348766646
    ],
    [
      88.35563169975205,
      150.9479239612872
    ],
    [
      74.3557243828155,
      145.33434886485514
    ],
    [
      60.04054089656771,
      140.57632725574578
    ],
    [
      45.54563300624207,
      136.3944898423866
    ],
    [
      30.946381436171876,
      132.59144974905297
    ],
    [
      16.28308276609185,
      129.04270581087934
    ]
  ],
  "bboxes": [
    [
      23.518632328482017,
      70.70608746410863,
      9.948880648286472,
      14.923320972429721
    ]
  ],
  "categories": [
    10
  ],
  "control_points": [
    [
      139.73964717437403,
      182.40488383350677
    ],
    [
      101.30079012417627,
      156.17601666984245
    ],
    [
      91.3519094758898,
      146.67935786920535
    ],
    [
      16.28308276609185,
      129.04270581087934
    ]
  ]
}