{
  "image_path": "/home/quynhthu/Documents/AI-project/e2e/data/raw/Video_19700101_085820_output_frame_002020.jpg",
  "command": 0,
  "waypoints": [
    [
      162.63883338768747,
      214.48815038491557
    ],
    [
      166.70911968648412,
      202.88060789637925
    ],
    [
      170.8280171577921,
      191.29020160170725
    ],
    [
      174.88938343861332,
      179.6795853143107
    ],
    [
      178.72249952541017,
      167.99196252864968
    ],
    [
      182.17378959049364,
      156.1862493647228
    ],
    [
      185.205399814174,
      144.26576825911823
    ],
    [
      187.88102918042705,
      132.26013070868277
    ],
    [
      190.29068259709942,
      120.19812277568457
    ],
    [
      192.50950256516353,
      108.09946564322017
    ]
  ],
  "bboxes": [],
  "categories": [],
  "control_points": [
    [
      162.63883338768747,
      214.48815038491557
    ],
    [
      176.96038710291572,
      173.16023823525694
    ],
    [
      183.09819583801354,
      161.29380801406788
    ],
    [
      192.50950256516353,
      108.09946564322017
    ]
  ]
}