{
  "image_path": "/home/quynhthu/Documents/AI-project/e2e/data/raw/Video_19700101_085820_output_frame_001050.jpg",
  "command": 3,
  "waypoints": [
    [
      94.49309797306834,
      202.74319167359164
    ],
    [
      96.21268334363012,
      190.86846134161996
    ],
    [
      97.64852036251003,
      178.9561409446822
    ],
    [
      98.96009976270672,
      167.0293603945038
    ],
    [
      100.27378009249855,
      155.10280768178632
    ],
    [
      101.70059387458477,
      143.18934612553753
    ],
    [
      103.34713022250203,
      131.3044329121292
    ],
    [
      105.32467665622758,
      119.47038318227051
    ],
    [
      107.75643444426471,
      107.7217184514914
    ],
    [
      110.78400706397744,
      96.11178671491396
    ]
  ],
  "bboxes": [
    [
      131.5178913614981,
      65.01096026863297,
      8.885950413223128,
      21.844628099173548
    ]
  ],
  "categories": [
    12
  ],
  "control_points": []
}