{
  "image_path": "/home/quynhthu/Documents/AI-project/e2e/data/raw/Video_19700101_085820_output_frame_001250.jpg",
  "command": 0,
  "waypoints": [
    [
      137.16183989959396,
      194.18871377543104
    ],
    [
      136.0219565030451,
      183.73776413113146
    ],
    [
      134.95663477078853,
      173.27895631365215
    ],
    [
      133.931879039521,
      162.81608536591736
    ],
    [
      132.87239203527875,
      152.35670435428506
    ],
    [
      131.68131614532712,
      141.91156574635667
    ],
    [
      130.29657717795257,
      131.49037828268845
    ],
    [
      128.71604428643354,
      121.09706241266497
    ],
    [
      126.9717456943323,
      110.72992822506288
    ],
    [
      125.10132925654939,
      100.38474210730648
    ]
  ],
  "bboxes": [
    [
      145.20218032829038,
      69.89845131516599,
      6.030255321522247,
      10.720453904928519
    ]
  ],
  "categories": [
    8
  ],
  "control_points": []
}