{
  "image_path": "/home/quynhthu/Documents/AI-project/e2e/data/raw/Video_19700101_085820_output_frame_001850.jpg",
  "command": 2,
  "waypoints": [
    [
      118.0792315792768,
      191.8382674973531
    ],
    [
      125.22890536155916,
      179.17289194792167
    ],
    [
      133.48216219411987,
      167.2006103674529
    ],
    [
      143.05584193957384,
      156.2604337906284
    ],
    [
      154.04957657334495,
      146.75317637526328
    ],
    [
      166.32877770217775,
      138.97635695717955
    ],
    [
      179.54538772462683,
      132.91875075464952
    ],
    [
      193.32414150496285,
      128.26589084175922
    ],
    [
      207.39506816680256,
      124.57890724637254
    ],
    [
      221.60360557792654,
      121.4580606682315
    ]
  ],
  "bboxes": [],
  "categories": [],
  "control_points": [
    [
      118.0792315792768,
      191.8382674973531
    ],
    [
      143.8580282666876,
      141.91742311855756
    ],
    [
      174.13788469317012,
      131.278554644388
    ],
    [
      221.60360557792654,
      121.4580606682315
    ]
  ]
}