{
  "image_path": "/home/quynhthu/Documents/AI-project/e2e/data/raw/Video_20260119_140111_output_frame_000600.jpg",
  "command": 0,
  "waypoints": [
    [
      125.72076989724309,
      196.42376111063777
    ],
    [
      125.43524405659804,
      183.95866124849178
    ],
    [
      125.090974868292,
      171.4950557211166
    ],
    [
      124.65647038877594,
      159.03429455289225
    ],
    [
      124.08009861943746,
      146.57935230258707
    ],
    [
      123.28129711386961,
      134.13684278285248
    ],
    [
      122.15271142577299,
      121.7201457151877
    ],
    [
      120.62034228890373,
      109.3468569414671
    ],
    [
      118.73993221489268,
      97.02135032290487
    ],
    [
      116.67633294425538,
      84.72496474123959
    ]
  ],
  "bboxes": [],
  "categories": [],
  "control_points": [
    [
      125.72076989724309,
      196.42376111063777
    ],
    [
      124.36410435429492,
      132.20825874442502
    ],
    [
      122.55521696369738,
      119.09382516259286
    ],
    [
      116.67633294425538,
      84.72496474123957
    ]
  ]
}