{
  "image_path": "/home/quynhthu/Documents/AI-project/e2e/data/raw/Video_19700101_085820_output_frame_002050_dup3.jpg",
  "command": 2,
  "waypoints": [
    [
      115.99148700094412,
      218.58002287498078
    ],
    [
      115.25743977921704,
      201.00933405523645
    ],
    [
      114.80555935752655,
      183.42928347994066
    ],
    [
      114.796048125592,
      165.84388753712975
    ],
    [
      115.52542699996965,
      148.27519241256118
    ],
    [
      117.65449712949476,
      130.8279591170325
    ],
    [
      122.93867724937168,
      114.11835567764632
    ],
    [
      135.05833970714133,
      101.80976825505144
    ],
    [
      152.03888840780562,
      97.61423717319933
    ],
    [
      169.59501662079836,
      96.64222267103759
    ]
  ],
  "bboxes": [],
  "categories": [],
  "control_points": [
    [
      115.99148700094412,
      218.58002287498078
    ],
    [
      110.26286551485282,
      99.09734616507671
    ],
    [
      123.35685748306149,
      98.27897166706366
    ],
    [
      169.59501662079836,
      96.64222267103759
    ]
  ]
}