{
  "image_path": "/home/quynhthu/Documents/AI-project/e2e/data/raw/Video_20260119_140111_output_frame_000280.jpg",
  "command": 0,
  "waypoints": [
    [
      113.96300185835906,
      190.54487709119573
    ],
    [
      115.14337279880264,
      179.4775531259893
    ],
    [
      116.23080213803983,
      168.4007349009775
    ],
    [
      117.18692161832739,
      157.31185460099917
    ],
    [
      117.96228381173661,
      146.20894632573473
    ],
    [
      118.49930151928187,
      135.09206798248152
    ],
    [
      118.74311876952615,
      123.96500176529572
    ],
    [
      118.66044407976474,
      112.83560923722914
    ],
    [
      118.25798176171054,
      101.7131204608735
    ],
    [
      117.58077663955416,
      90.6038487606816
    ]
  ],
  "bboxes": [],
  "categories": [],
  "control_points": [
    [
      113.96300185835906,
      190.54487709119573
    ],
    [
      118.93744218250231,
      145.3226923262572
    ],
    [
      119.84188587780106,
      122.25937809613856
    ],
    [
      117.58077663955416,
      90.6038487606816
    ]
  ]
}