{
  "image_path": "/home/quynhthu/Documents/AI-project/e2e/data/raw/Video_19700101_085820_output_frame_001170_dup1.jpg",
  "command": 3,
  "waypoints": [
    [
      107.21811322820223,
      203.64599154107117
    ],
    [
      107.21811322820221,
      191.50676982054438
    ],
    [
      107.21811322820221,
      179.36754810001761
    ],
    [
      107.21811322820224,
      167.22832637949082
    ],
    [
      107.2181132282022,
      155.08910465896406
    ],
    [
      107.21811322820226,
      142.94988293843727
    ],
    [
      107.21811322820223,
      130.81066121791048
    ],
    [
      107.21811322820223,
      118.6714394973837
    ],
    [
      107.21811322820221,
      106.53221777685692
    ],
    [
      107.21811322820223,
      94.39299605633015
    ]
  ],
  "bboxes": [
    [
      120.28806339385812,
      73.44960765424631,
      2.78791336646006,
      4.795210990311276
    ]
  ],
  "categories": [
    8
  ],
  "control_points": []
}