{
  "image_path": "/home/quynhthu/Documents/AI-project/e2e/data/raw/Video_19700101_085820_output_frame_000600.jpg",
  "command": 0,
  "waypoints": [
    [
      91.44954128440367,
      222.2874617737003
    ],
    [
      91.61155592408112,
      209.83710779325878
    ],
    [
      91.61160672693548,
      197.38576332273684
    ],
    [
      91.43197825964215,
      184.93573922706074
    ],
    [
      91.04994856206825,
      172.49031675528482
    ],
    [
      90.43689302590964,
      160.05418694876775
    ],
    [
      89.55422805782366,
      147.63436629493725
    ],
    [
      88.34926980582738,
      135.24181413166198
    ],
    [
      86.74166578293793,
      122.89535053092646
    ],
    [
      84.59938837920488,
      110.62996941896024
    ]
  ],
  "bboxes": [
    [
      23.63302752293578,
      77.74923547400611,
      17.467889908256875,
      11.302752293577981
    ]
  ],
  "categories": [
    3
  ],
  "control_points": []
}