{
  "image_path": "/home/quynhthu/Documents/AI-project/e2e/data/raw/Video_19700101_085820_output_frame_001510.jpg",
  "command": 0,
  "waypoints": [
    [
      87.9780034570113,
      184.30314736207728
    ],
    [
      98.29901385067932,
      172.20728374232735
    ],
    [
      109.37984113616747,
      160.80702519856132
    ],
    [
      121.50369665322921,
      150.52942686259448
    ],
    [
      134.82000027358683,
      141.85972644657895
    ],
    [
      149.21890300870922,
      135.14131184654394
    ],
    [
      164.38928268854718,
      130.40674989306538
    ],
    [
      179.9982136086157,
      127.40082851287309
    ],
    [
      195.81343683980265,
      125.77564819807343
    ],
    [
      211.7032861493227,
      125.20223107601784
    ]
  ],
  "bboxes": [],
  "categories": [],
  "control_points": [
    [
      87.9780034570113,
      184.30314736207728
    ],
    [
      119.46166914210839,
      145.63899652073
    ],
    [
      147.07891974307074,
      125.7545760880371
    ],
    [
      211.7032861493227,
      125.20223107601784
    ]
  ]
}