{
  "image_path": "/home/quynhthu/Documents/AI-project/e2e/data/raw/Video_20260119_140111_output_frame_000490.jpg",
  "command": 0,
  "waypoints": [
    [
      98.58745903827997,
      196.42376111063777
    ],
    [
      99.55376277036608,
      184.6343604935007
    ],
    [
      100.52585457542878,
      172.8454351444341
    ],
    [
      101.47578750789768,
      161.05471063299797
    ],
    [
      102.34385522355726,
      149.2577268798973
    ],
    [
      103.02343635754941,
      137.44856311365928
    ],
    [
      103.38786483366326,
      125.6257102659055
    ],
    [
      103.39257304221667,
      113.79718077956758
    ],
    [
      103.1127458145364,
      101.97173818399062
    ],
    [
      102.65745566712444,
      90.1516269130322
    ]
  ],
  "bboxes": [],
  "categories": [],
  "control_points": [
    [
      98.58745903827997,
      196.42376111063777
    ],
    [
      103.10967751477381,
      140.80047384976334
    ],
    [
      104.46634305772199,
      131.75603689677564
    ],
    [
      102.65745566712444,
      90.1516269130322
    ]
  ]
}