{
  "image_path": "/home/quynhthu/Documents/AI-project/e2e/data/raw/Video_20260119_140111_output_frame_000380.jpg",
  "command": 0,
  "waypoints": [
    [
      101.30079012417627,
      197.3282048059365
    ],
    [
      101.81905647282127,
      184.8740684939871
    ],
    [
      102.26844331864658,
      172.4172667885323
    ],
    [
      102.62387701638555,
      159.95744781873344
    ],
    [
      102.85728732362487,
      147.494768770878
    ],
    [
      102.94557157953882,
      135.03023104207963
    ],
    [
      102.88826744139644,
      122.56549848857011
    ],
    [
      102.7151931290441,
      110.10180266429812
    ],
    [
      102.47338468990213,
      97.63922844201097
    ],
    [
      102.20523381947505,
      85.17718658888896
    ]
  ],
  "bboxes": [],
  "categories": [],
  "control_points": [
    [
      101.30079012417627,
      197.3282048059365
    ],
    [
      103.5618993624232,
      145.7749141739066
    ],
    [
      103.10967751477381,
      126.78159657263241
    ],
    [
      102.20523381947505,
      85.17718658888896
    ]
  ]
}