{
  "image_path": "/home/quynhthu/Documents/AI-project/e2e/data/raw/Video_19700101_085820_output_frame_003310.jpg",
  "command": 1,
  "waypoints": [
    [
      89.54302208529226,
      183.30932752880557
    ],
    [
      83.56746386347383,
      175.01355059277333
    ],
    [
      77.75319760987568,
      166.60401810409877
    ],
    [
      72.13458609027133,
      158.062614316016
    ],
    [
      66.74083468269777,
      149.37751303494758
    ],
    [
      61.5646017545529,
      140.5609104008479
    ],
    [
      56.496038056282686,
      131.68175416368223
    ],
    [
      51.29804737389392,
      122.87818803089631
    ],
    [
      45.749520014656255,
      114.29193589521945
    ],
    [
      39.798618843859884,
      105.97939158076069
    ]
  ],
  "bboxes": [],
  "categories": [],
  "control_points": [
    [
      89.54302208529226,
      183.30932752880557
    ],
    [
      59.69638014043284,
      142.6093612403609
    ],
    [
      58.79193644513406,
      131.30381504912626
    ],
    [
      39.798618843859884,
      105.97939158076069
    ]
  ]
}