{
  "image_path": "/home/quynhthu/Documents/AI-project/e2e/data/raw/Video_19700101_085820_output_frame_001820.jpg",
  "command": 2,
  "waypoints": [
    [
      87.00826446280992,
      193.63966942148758
    ],
    [
      89.77854853673871,
      177.24234489561684
    ],
    [
      93.65010566025353,
      161.0733603975723
    ],
    [
      99.43183148458039,
      145.49807778620945
    ],
    [
      108.39772065117894,
      131.55371746129572
    ],
    [
      121.27753666278396,
      121.16264689927506
    ],
    [
      136.71787649638432,
      115.09936496652473
    ],
    [
      153.05066709097204,
      112.02945845832538
    ],
    [
      169.6155069431169,
      110.58000715927052
    ],
    [
      186.23471074380163,
      109.96363636363635
    ]
  ],
  "bboxes": [],
  "categories": [],
  "control_points": [
    [
      87.00826446280992,
      193.63966942148758
    ],
    [
      97.37520661157023,
      122.18181818181817
    ],
    [
      117.36859504132231,
      111.44462809917354
    ],
    [
      186.23471074380163,
      109.96363636363635
    ]
  ]
}