{
  "image_path": "/home/quynhthu/Documents/AI-project/e2e/data/raw/Video_19700101_085820_output_frame_002100_dup1.jpg",
  "command": 2,
  "waypoints": [
    [
      14.513049247326968,
      218.17083562597426
    ],
    [
      19.264800423199276,
      199.52432484101564
    ],
    [
      25.655665625955958,
      181.3783651459919
    ],
    [
      34.20651638082404,
      164.15343237550192
    ],
    [
      45.47861834028702,
      148.5887836293553
    ],
    [
      59.745841371649256,
      135.73125825355413
    ],
    [
      76.50322950744227,
      126.33702492932042
    ],
    [
      94.69672823186626,
      120.11045278738963
    ],
    [
      113.46670900657242,
      115.8691423743584
    ],
    [
      132.35897696120495,
      112.19133813328537
    ]
  ],
  "bboxes": [],
  "categories": [],
  "control_points": [
    [
      14.513049247326968,
      218.17083562597426
    ],
    [
      34.97241169765301,
      123.64858110546795
    ],
    [
      84.48406882744203,
      122.01183210944188
    ],
    [
      132.35897696120495,
      112.19133813328537
    ]
  ]
}