{
  "image_path": "/home/quynhthu/Documents/AI-project/e2e/data/raw/Video_19700101_085820_output_frame_001470_dup1.jpg",
  "command": 0,
  "waypoints": [
    [
      93.50145357720376,
      187.61721743419275
    ],
    [
      96.70642716618285,
      173.58791538043837
    ],
    [
      101.04128799869976,
      159.8681756191788
    ],
    [
      106.85805036156424,
      146.71297598922322
    ],
    [
      114.54527457078397,
      134.5644272971971
    ],
    [
      124.36848760760942,
      124.07923789854647
    ],
    [
      136.21489608103494,
      115.95567963565617
    ],
    [
      149.51507824357014,
      110.5168706933968
    ],
    [
      163.58678767352777,
      107.56507228439851
    ],
    [
      177.94074521520182,
      106.6253384252955
    ]
  ],
  "bboxes": [],
  "categories": [],
  "control_points": [
    [
      93.50145357720376,
      187.61721743419275
    ],
    [
      103.44366379355021,
      136.24913131640278
    ],
    [
      126.6421542983586,
      106.97484567938268
    ],
    [
      177.94074521520182,
      106.6253384252955
    ]
  ]
}