{
  "image_path": "/home/quynhthu/Documents/AI-project/e2e/data/raw/Video_19700101_085820_output_frame_001190_dup1.jpg",
  "command": 2,
  "waypoints": [
    [
      114.86643565859197,
      203.83355168267582
    ],
    [
      122.38242578010914,
      193.43385233545754
    ],
    [
      132.41005032083524,
      185.44554022048374
    ],
    [
      143.6621660927801,
      179.2684295175442
    ],
    [
      155.5304669403327,
      174.36267095720302
    ],
    [
      167.73335531357898,
      170.35318919934824
    ],
    [
      180.12853703614186,
      166.9804096594363
    ],
    [
      192.63238636104126,
      164.03300171095532
    ],
    [
      205.1748132031034,
      161.256296538284
    ],
    [
      217.52079507500238,
      157.70692322243855
    ]
  ],
  "bboxes": [
    [
      127.07869406816056,
      73.14113837623096,
      5.153267285489164,
      7.881467613101094
    ]
  ],
  "categories": [
    8
  ],
  "control_points": []
}