{
  "image_path": "/home/quynhthu/Documents/AI-project/e2e/data/raw/Video_19700101_085820_output_frame_001560_dup2.jpg",
  "command": 3,
  "waypoints": [
    [
      135.60060093580077,
      189.6594671768701
    ],
    [
      136.86189285195633,
      177.82053009090276
    ],
    [
      138.1143707695498,
      165.98065750097334
    ],
    [
      139.35706971134942,
      154.13975457780677
    ],
    [
      140.58948772635165,
      142.29777717139044
    ],
    [
      141.8125681310132,
      130.4548315086814
    ],
    [
      143.0331917602769,
      118.61163360465699
    ],
    [
      144.28542187205153,
      106.77178943474286
    ],
    [
      145.72371523628001,
      94.95335190579569
    ],
    [
      147.53754324260817,
      83.18659112760672
    ]
  ],
  "bboxes": [
    [
      116.21405966422208,
      96.94281952101828,
      61.72071774214473,
      10.31451347712391
    ]
  ],
  "categories": [
    7
  ],
  "control_points": []
}