{
  "image_path": "/home/quynhthu/Documents/AI-project/e2e/data/raw/Video_19700101_085820_output_frame_002240.jpg",
  "command": 3,
  "waypoints": [
    [
      103.7230298737,
      181.56922392976844
    ],
    [
      103.30965524007134,
      172.76163109172106
    ],
    [
      102.97148287257596,
      163.95085649407085
    ],
    [
      102.73288155391192,
      155.13685304383304
    ],
    [
      102.62968473586425,
      146.32028776496563
    ],
    [
      102.71906075781261,
      137.50371065131046
    ],
    [
      103.08780718598676,
      128.69464265660798
    ],
    [
      103.83313121064874,
      119.90949825508216
    ],
    [
      104.9081126008149,
      111.15817770519412
    ],
    [
      105.9630168368148,
      102.40421187892352
    ]
  ],
  "bboxes": [
    [
      134.75243183878183,
      66.41744312646476,
      10.42375370760874,
      17.372922846014575
    ],
    [
      83.13003252490994,
      100.66691959432207,
      49.14055319301265,
      6.204615302148056
    ]
  ],
  "categories": [
    0,
    7
  ],
  "control_points": []
}