{
  "image_path": "/home/quynhthu/Documents/AI-project/e2e/data/raw/Video_19700101_085820_output_frame_002590_dup2.jpg",
  "command": 2,
  "waypoints": [
    [
      123.00743881134677,
      186.02265861470187
    ],
    [
      124.73209186114363,
      172.0639767361009
    ],
    [
      126.6778710503942,
      158.13473527801085
    ],
    [
      129.21203940433216,
      144.30257236831378
    ],
    [
      133.23238039236966,
      130.8424533126294
    ],
    [
      140.90293574007154,
      119.19212443610414
    ],
    [
      153.33105668094703,
      112.94246379186438
    ],
    [
      167.28131052157747,
      111.3738279056262
    ],
    [
      181.3385553385414,
      111.70398930279732
    ],
    [
      195.36293443524843,
      112.76271929550147
    ]
  ],
  "bboxes": [],
  "categories": [],
  "control_points": [
    [
      123.00743881134677,
      186.02265861470187
    ],
    [
      131.5996539166851,
      114.571606686099
    ],
    [
      134.3129850025814,
      107.33605712370885
    ],
    [
      195.36293443524843,
      112.76271929550147
    ]
  ]
}