{
  "image_path": "/home/quynhthu/Documents/AI-project/e2e/data/raw/Video_19700101_085820_output_frame_002050_dup1.jpg",
  "command": 3,
  "waypoints": [
    [
      119.26498499299629,
      221.03514636901988
    ],
    [
      118.54375335196954,
      206.27665074157872
    ],
    [
      117.93305430471092,
      191.51312968478624
    ],
    [
      117.30205911677362,
      176.75049101884971
    ],
    [
      116.46924764012364,
      161.99801204376413
    ],
    [
      115.37659767605167,
      147.26247502830114
    ],
    [
      114.07419318562943,
      132.54391481072292
    ],
    [
      112.62422030915445,
      117.83911169077781
    ],
    [
      111.07102733502602,
      103.14483094993466
    ],
    [
      109.44449101683979,
      88.45847769090716
    ]
  ],
  "bboxes": [],
  "categories": [],
  "control_points": [
    [
      119.26498499299629,
      221.03514636901988
    ],
    [
      116.80986149895716,
      175.20617448028955
    ],
    [
      118.44661049498325,
      168.24999124717874
    ],
    [
      109.44449101683979,
      88.45847769090716
    ]
  ]
}