{
  "image_path": "/home/quynhthu/Documents/AI-project/e2e/data/raw/Video_19700101_085820_output_frame_002620.jpg",
  "command": 3,
  "waypoints": [
    [
      113.96300185835906,
      194.16265187239085
    ],
    [
      113.50658650998847,
      182.95660038548098
    ],
    [
      112.91814673402419,
      171.75673974256344
    ],
    [
      112.15594423176358,
      160.56742619204766
    ],
    [
      111.15977161545548,
      149.39664619336065
    ],
    [
      109.83981045714597,
      138.25975398150305
    ],
    [
      108.06667858778577,
      127.18649239056171
    ],
    [
      105.7012114711366,
      116.2250426662643
    ],
    [
      102.73593557210872,
      105.40980345847217
    ],
    [
      99.49190273357874,
      94.67384538952606
    ]
  ],
  "bboxes": [],
  "categories": [],
  "control_points": [
    [
      113.96300185835906,
      194.16265187239085
    ],
    [
      111.70189262011213,
      130.85159320147687
    ],
    [
      106.27523044831952,
      117.28493777199532
    ],
    [
      99.49190273357874,
      94.67384538952606
    ]
  ]
}