{
  "image_path": "/home/quynhthu/Documents/AI-project/e2e/data/raw/Video_19700101_085820_output_frame_000950_dup1.jpg",
  "command": 2,
  "waypoints": [
    [
      126.43953440387608,
      217.62592505290488
    ],
    [
      127.40816601352951,
      201.08203991341256
    ],
    [
      128.78708105573082,
      184.56778714618036
    ],
    [
      130.7666523638546,
      168.1156202222256
    ],
    [
      133.6806688938656,
      151.8057999748757
    ],
    [
      138.16935952156228,
      135.86842110795206
    ],
    [
      145.56809835076234,
      121.10069178925613
    ],
    [
      157.77000906061184,
      110.0497662269976
    ],
    [
      173.55898412148377,
      105.28596400869125
    ],
    [
      190.09222946438916,
      104.39113068209733
    ]
  ],
  "bboxes": [
    [
      95.61822942720657,
      114.77657040249684,
      84.0885603167831,
      16.415695041921794
    ]
  ],
  "categories": [
    7
  ],
  "control_points": []
}