{
  "image_path": "/home/quynhthu/Documents/AI-project/e2e/data/raw/Video_19700101_085820_output_frame_001280_dup1.jpg",
  "command": 0,
  "waypoints": [
    [
      119.51159295791778,
      208.53626910478005
    ],
    [
      117.19606764212166,
      195.54572227532142
    ],
    [
      114.83634477948064,
      182.56313132248178
    ],
    [
      112.50202691802335,
      169.57596495184436
    ],
    [
      110.2794546592712,
      156.5692678320365
    ],
    [
      108.24723044951051,
      143.5315462157426
    ],
    [
      106.4514497644358,
      130.4591979276846
    ],
    [
      104.90034194713738,
      117.35555767087398
    ],
    [
      103.57640108310473,
      104.22698610201226
    ],
    [
      102.45069761303576,
      91.07983675915436
    ]
  ],
  "bboxes": [
    [
      131.34196859445538,
      67.88391293178273,
      7.170527626316954,
      12.870177790825295
    ],
    [
      83.31199068988724,
      96.21072257051611,
      42.51946669121911,
      3.3276104367040915
    ]
  ],
  "categories": [
    8,
    7
  ],
  "control_points": []
}