{
  "image_path": "/home/quynhthu/Documents/AI-project/e2e/data/raw/Video_19700101_085820_output_frame_001140.jpg",
  "command": 2,
  "waypoints": [
    [
      107.0874632697148,
      184.26755176207968
    ],
    [
      107.54777531044896,
      170.07590414480237
    ],
    [
      108.76692108973026,
      155.93190651949197
    ],
    [
      111.29918626663827,
      141.97167964522652
    ],
    [
      116.29923633620592,
      128.7262340996852
    ],
    [
      125.47625997751996,
      117.99835544827914
    ],
    [
      138.1942009223382,
      111.82052627658875
    ],
    [
      152.0269411594448,
      108.68175229154485
    ],
    [
      166.06873947761463,
      106.57863993097294
    ],
    [
      180.12055549704039,
      104.53417584417382
    ]
  ],
  "bboxes": [
    [
      175.76537109816314,
      47.581764474241034,
      22.7809645479731,
      63.31768087598409
    ],
    [
      60.185477435652516,
      130.33026805290805,
      100.5042553587049,
      8.375354613225426
    ]
  ],
  "categories": [
    12,
    7
  ],
  "control_points": []
}