{
  "image_path": "/home/quynhthu/Documents/AI-project/e2e/data/raw/Video_19700101_085820_output_frame_001990.jpg",
  "command": 3,
  "waypoints": [
    [
      66.88901712016163,
      186.66341745247215
    ],
    [
      62.64763312070327,
      177.5946524620268
    ],
    [
      58.45856059380056,
      168.50168646163704
    ],
    [
      54.49559607005853,
      159.30852223587843
    ],
    [
      51.06887044834717,
      149.90438058797633
    ],
    [
      48.58006254884546,
      140.21285894295082
    ],
    [
      47.2734845392657,
      130.2928441323913
    ],
    [
      47.023452659366995,
      120.2878092211058
    ],
    [
      47.51507665035124,
      110.28975749537476
    ],
    [
      48.4755909148682,
      100.32490791209626
    ]
  ],
  "bboxes": [],
  "categories": [],
  "control_points": [
    [
      66.88901712016163,
      186.66341745247215
    ],
    [
      49.703152661887756,
      149.83656504188528
    ],
    [
      43.974531175796464,
      140.0160710657288
    ],
    [
      48.4755909148682,
      100.32490791209626
    ]
  ]
}