{
  "image_path": "/home/quynhthu/Documents/AI-project/e2e/data/raw/Video_20260119_140111_output_frame_000650.jpg",
  "command": 0,
  "waypoints": [
    [
      73.2630355699144,
      203.20708882537855
    ],
    [
      74.41091664653676,
      190.66364159139496
    ],
    [
      75.4995470621423,
      178.11491931257441
    ],
    [
      76.5117402345262,
      165.55981068266578
    ],
    [
      77.42355344477488,
      152.99703206682727
    ],
    [
      78.20471448664921,
      140.42547939574007
    ],
    [
      78.84174266590078,
      127.84578380209027
    ],
    [
      79.44058996251042,
      115.2641881870882
    ],
    [
      80.2636876800841,
      102.69560102707382
    ],
    [
      81.40302882760332,
      90.1516269130322
    ]
  ],
  "bboxes": [],
  "categories": [],
  "control_points": [
    [
      73.2630355699144,
      203.20708882537855
    ],
    [
      80.49858513230456,
      125.87715287733364
    ],
    [
      77.78525404640824,
      125.87715287733364
    ],
    [
      81.40302882760332,
      90.1516269130322
    ]
  ]
}