{
  "image_path": "/home/quynhthu/Documents/AI-project/e2e/data/raw/Video_20260119_140111_output_frame_000860.jpg",
  "command": 0,
  "waypoints": [
    [
      64.21859861692668,
      207.27708545422297
    ],
    [
      68.3088347201381,
      194.35458845094618
    ],
    [
      72.28315502696901,
      181.39600568093604
    ],
    [
      76.09301999659533,
      168.3881930598452
    ],
    [
      79.66221861980839,
      155.3124568540313
    ],
    [
      82.86762442816993,
      142.1431980095784
    ],
    [
      85.51307273740197,
      128.85100276501427
    ],
    [
      87.3352382886164,
      115.42254364756728
    ],
    [
      88.15791339235152,
      101.89613607548628
    ],
    [
      88.1863565423441,
      88.34273952243467
    ]
  ],
  "bboxes": [],
  "categories": [],
  "control_points": [
    [
      64.21859861692668,
      207.27708545422297
    ],
    [
      86.82969099939595,
      136.73047722091889
    ],
    [
      88.6385783899935,
      118.18938146729408
    ],
    [
      88.1863565423441,
      88.34273952243467
    ]
  ]
}