{
  "image_path": "/home/quynhthu/Documents/AI-project/e2e/data/raw/Video_19700101_085820_output_frame_002130.jpg",
  "command": 3,
  "waypoints": [
    [
      55.43177414797904,
      203.84928191074604
    ],
    [
      59.61933206613146,
      191.4270670268463
    ],
    [
      63.74677238038833,
      178.98474580864965
    ],
    [
      67.8340833034777,
      166.5291739603502
    ],
    [
      71.96417232585657,
      154.08777890446
    ],
    [
      76.36071602796072,
      141.73866901195478
    ],
    [
      81.29645126330573,
      129.5957300516926
    ],
    [
      86.74842619617674,
      117.67489019130004
    ],
    [
      92.49962499099169,
      105.89496105392227
    ],
    [
      98.39643529366373,
      94.18709917699846
    ]
  ],
  "bboxes": [],
  "categories": [],
  "control_points": [
    [
      55.43177414797904,
      203.84928191074604
    ],
    [
      76.70951109631812,
      141.24363281274836
    ],
    [
      73.43601310426597,
      143.28956905778097
    ],
    [
      98.39643529366373,
      94.18709917699846
    ]
  ]
}