{
  "image_path": "/home/quynhthu/Documents/AI-project/e2e/data/raw/Video_19700101_085820_output_frame_002810.jpg",
  "command": 0,
  "waypoints": [
    [
      108.98856153421583,
      189.640433395897
    ],
    [
      98.39668635493732,
      183.28293454876012
    ],
    [
      88.43601867470387,
      175.98008261639544
    ],
    [
      79.14064948489629,
      167.84486370420564
    ],
    [
      70.26685488031386,
      159.24914182730632
    ],
    [
      61.54575611334776,
      150.49766565056868
    ],
    [
      52.82571365334886,
      141.74506056798398
    ],
    [
      44.04401539397433,
      133.05435411328824
    ],
    [
      35.18007744878021,
      124.44756007788335
    ],
    [
      26.231963414378317,
      115.92827222904715
    ]
  ],
  "bboxes": [
    [
      60.6008238357316,
      70.25386561645925,
      9.948880648286476,
      13.114433581832174
    ]
  ],
  "categories": [
    10
  ],
  "control_points": []
}