{
  "image_path": "/home/quynhthu/Documents/AI-project/e2e/data/raw/Video_19700101_085820_output_frame_002270.jpg",
  "command": 2,
  "waypoints": [
    [
      100.13502552572703,
      198.16038134786282
    ],
    [
      103.01071118207359,
      181.11950507707436
    ],
    [
      105.4835440063561,
      164.01564410160563
    ],
    [
      108.41021717352443,
      146.9877058995478
    ],
    [
      113.24700484905111,
      130.4246145098784
    ],
    [
      122.18197512595276,
      115.71979286811134
    ],
    [
      136.02697206925598,
      105.52729734146234
    ],
    [
      152.45130555343783,
      100.31086369104348
    ],
    [
      169.60428087939115,
      98.35054714238358
    ],
    [
      186.88272231510945,
      98.31869259027178
    ]
  ],
  "bboxes": [
    [
      72.17715420117533,
      112.53984064692459,
      87.73103844398078,
      13.566655429481543
    ],
    [
      163.52596742635114,
      58.27321892899836,
      23.063314230118635,
      32.55997303075573
    ]
  ],
  "categories": [
    7,
    0
  ],
  "control_points": []
}