{
  "image_path": "/home/quynhthu/Documents/AI-project/e2e/data/raw/Video_19700101_085820_output_frame_000510.jpg",
  "command": 0,
  "waypoints": [
    [
      101.03975535168195,
      221.2599388379205
    ],
    [
      99.69195225670401,
      206.91381653467735
    ],
    [
      97.99235351658359,
      192.60530480471826
    ],
    [
      95.83851112119198,
      178.35845811285327
    ],
    [
      93.07102065435923,
      164.21878961909457
    ],
    [
      89.42528803814477,
      150.2817492333054
    ],
    [
      84.4224397100643,
      136.77892472422928
    ],
    [
      77.14229900969657,
      124.38309338171207
    ],
    [
      66.3084566803694,
      115.04149388402176
    ],
    [
      52.74617737003058,
      110.2874617737003
    ]
  ],
  "bboxes": [],
  "categories": [],
  "control_points": [
    [
      101.03975535168195,
      221.2599388379205
    ],
    [
      92.47706422018348,
      118.50764525993883
    ],
    [
      70.5565749235474,
      115.08256880733944
    ],
    [
      52.74617737003058,
      110.2874617737003
    ]
  ]
}