{
  "image_path": "/home/quynhthu/Documents/AI-project/e2e/data/raw/Video_20260119_140111_output_frame_000760.jpg",
  "command": 0,
  "waypoints": [
    [
      151.94963706090743,
      210.4426383877687
    ],
    [
      151.07365994590467,
      196.9780700431144
    ],
    [
      150.36330272925375,
      183.5037412914242
    ],
    [
      149.8014027749806,
      170.02237952271363
    ],
    [
      149.34503727401903,
      156.53699312098988
    ],
    [
      148.9043583170309,
      143.05107817712235
    ],
    [
      148.30787072093167,
      129.57139136785662
    ],
    [
      147.25612306116435,
      116.12067304655424
    ],
    [
      145.30695155413457,
      102.77331008241374
    ],
    [
      142.00075641262094,
      89.69940506538282
    ]
  ],
  "bboxes": [],
  "categories": [],
  "control_points": [
    [
      151.94963706090743,
      210.4426383877687
    ],
    [
      147.42741858441357,
      147.13157971685476
    ],
    [
      151.04519336560867,
      118.18938146729408
    ],
    [
      142.00075641262094,
      89.69940506538282
    ]
  ]
}