{
  "image_path": "/home/quynhthu/Documents/AI-project/e2e/data/raw/Video_19700101_085820_output_frame_001480.jpg",
  "command": 0,
  "waypoints": [
    [
      87.9780034570113,
      184.30314736207728
    ],
    [
      93.24703606814515,
      170.01230191766615
    ],
    [
      99.90013309601797,
      156.31447893749126
    ],
    [
      108.21362790439814,
      143.56129487365294
    ],
    [
      118.37997623181619,
      132.23661892576774
    ],
    [
      130.3644662935302,
      122.86254904678557
    ],
    [
      143.83897272512263,
      115.79349653716548
    ],
    [
      158.30633183662945,
      111.06427656801539
    ],
    [
      173.30212012262726,
      108.4291131647772
    ],
    [
      188.50479564451427,
      107.52719069140193
    ]
  ],
  "bboxes": [],
  "categories": [],
  "control_points": [
    [
      87.9780034570113,
      184.30314736207728
    ],
    [
      103.44366379355021,
      136.24913131640278
    ],
    [
      132.71794943057031,
      108.07953570342119
    ],
    [
      188.50479564451427,
      107.52719069140193
    ]
  ]
}