{
  "image_path": "/home/quynhthu/Documents/AI-project/e2e/data/raw/Video_19700101_085820_output_frame_002030.jpg",
  "command": 0,
  "waypoints": [
    [
      160.18370989364837,
      212.85140138888946
    ],
    [
      160.54716304278446,
      201.01753051339395
    ],
    [
      161.13921122575908,
      189.19291380261475
    ],
    [
      161.9357802177268,
      177.38021705658304
    ],
    [
      162.82751747371702,
      165.5742308180686
    ],
    [
      163.68183791574367,
      153.76550338239298
    ],
    [
      164.42262005001163,
      141.9491418611586
    ],
    [
      165.03307553116275,
      130.12532917706994
    ],
    [
      165.52372245504947,
      118.29592543321637
    ],
    [
      165.91233137973967,
      106.46271664719409
    ]
  ],
  "bboxes": [],
  "categories": [],
  "control_points": [
    [
      160.18370989364837,
      212.85140138888946
    ],
    [
      161.00208439166138,
      175.20617448028955
    ],
    [
      164.27558238371358,
      162.93055701009396
    ],
    [
      165.91233137973967,
      106.46271664719409
    ]
  ]
}