{
  "image_path": "/home/quynhthu/Documents/AI-project/e2e/data/raw/Video_19700101_085820_output_frame_002090_dup1.jpg",
  "command": 3,
  "waypoints": [
    [
      14.513049247326968,
      218.17083562597426
    ],
    [
      17.44536772846056,
      204.57972216706568
    ],
    [
      20.35128224408862,
      190.98293970521877
    ],
    [
      23.225561155305716,
      177.37943579248474
    ],
    [
      26.061462146904606,
      163.76788144784152
    ],
    [
      28.850848738922657,
      150.14672135455285
    ],
    [
      31.58865413895202,
      136.51509956856844
    ],
    [
      34.306444864297525,
      122.87947091145018
    ],
    [
      37.239520290204666,
      109.28918599312094
    ],
    [
      40.7010331837443,
      95.82384817302453
    ]
  ],
  "bboxes": [],
  "categories": [],
  "control_points": [
    [
      14.513049247326968,
      218.17083562597426
    ],
    [
      35.79078619566605,
      119.96589586440928
    ],
    [
      33.33566270162692,
      122.83020660745491
    ],
    [
      40.7010331837443,
      95.82384817302453
    ]
  ]
}