{
  "image_path": "/home/quynhthu/Documents/AI-project/e2e/data/raw/Video_19700101_085820_output_frame_002060_dup1.jpg",
  "command": 3,
  "waypoints": [
    [
      85.71163057446158,
      221.44433361802643
    ],
    [
      85.2156533657978,
      206.7601130954356
    ],
    [
      84.75597694927447,
      192.07471358520286
    ],
    [
      84.34448657231287,
      177.3878888148142
    ],
    [
      84.00011243910356,
      162.6993466916738
    ],
    [
      83.75602758036182,
      148.00882246011864
    ],
    [
      83.6803647969728,
      133.31656386436148
    ],
    [
      83.93565268003351,
      118.6268204477392
    ],
    [
      84.74969570781487,
      103.95745339826647
    ],
    [
      85.30244332545506,
      89.27685218892022
    ]
  ],
  "bboxes": [],
  "categories": [],
  "control_points": [
    [
      85.71163057446158,
      221.44433361802643
    ],
    [
      81.61975808439637,
      104.00759315315496
    ],
    [
      84.89325607644855,
      119.14752136639622
    ],
    [
      85.30244332545506,
      89.27685218892022
    ]
  ]
}