{
  "image_path": "/home/quynhthu/Documents/AI-project/e2e/data/raw/Video_19700101_085820_output_frame_001810_dup2.jpg",
  "command": 2,
  "waypoints": [
    [
      86.26776859504132,
      190.6776859504132
    ],
    [
      88.4657797700595,
      175.34968869725935
    ],
    [
      91.4559743647337,
      160.15819590647146
    ],
    [
      95.76066251073847,
      145.2914603593183
    ],
    [
      102.28008720792843,
      131.2738929879912
    ],
    [
      112.14963748672596,
      119.42523579991997
    ],
    [
      125.34278464044863,
      111.447736901644
    ],
    [
      140.21686698667997,
      107.23990176499758
    ],
    [
      155.58249931340302,
      105.37990103590828
    ],
    [
      171.05454545454543,
      104.78016528925619
    ]
  ],
  "bboxes": [],
  "categories": [],
  "control_points": [
    [
      86.26776859504132,
      190.6776859504132
    ],
    [
      95.15371900826446,
      119.2198347107438
    ],
    [
      112.92561983471073,
      105.52066115702479
    ],
    [
      171.05454545454543,
      104.78016528925619
    ]
  ]
}