{
  "image_path": "/home/quynhthu/Documents/AI-project/e2e/data/raw/Video_20260119_140111_output_frame_000480.jpg",
  "command": 0,
  "waypoints": [
    [
      98.58745903827997,
      198.23264850123525
    ],
    [
      99.02430360068846,
      186.21642321644322
    ],
    [
      99.58791886694081,
      174.20549099036833
    ],
    [
      100.28981670170458,
      162.20184914217998
    ],
    [
      101.11523795842417,
      150.20603659074308
    ],
    [
      101.98213392283455,
      138.21312030435755
    ],
    [
      102.70467862573497,
      126.21087443214918
    ],
    [
      103.07825392429737,
      114.1930630173307
    ],
    [
      103.03994750506378,
      102.16945023845345
    ],
    [
      102.65745566712444,
      90.1516269130322
    ]
  ],
  "bboxes": [],
  "categories": [],
  "control_points": [
    [
      98.58745903827997,
      198.23264850123525
    ],
    [
      100.39634642887751,
      140.80047384976334
    ],
    [
      104.46634305772199,
      131.75603689677564
    ],
    [
      102.65745566712444,
      90.1516269130322
    ]
  ]
}