{
  "image_path": "/home/quynhthu/Documents/AI-project/e2e/data/raw/Video_19700101_085820_output_frame_000940_dup3.jpg",
  "command": 0,
  "waypoints": [
    [
      112.0,
      212.5
    ],
    [
      114.37511006631756,
      201.03484584156647
    ],
    [
      116.97042013335964,
      189.61761470541012
    ],
    [
      119.75909097425352,
      178.2460291764367
    ],
    [
      122.71721502942559,
      166.91731207155954
    ],
    [
      125.82175732038917,
      155.62781468147398
    ],
    [
      129.048245285313,
      144.3725349365686
    ],
    [
      132.3626883448998,
      133.14281093826602
    ],
    [
      135.6952054082221,
      121.91865737567731
    ],
    [
      138.63978709372623,
      110.58654764568402
    ]
  ],
  "bboxes": [
    [
      106.05796891190803,
      107.99481210849392,
      68.49586776859505,
      14.439669421487608
    ]
  ],
  "categories": [
    7
  ],
  "control_points": []
}