{
  "image_path": "/home/quynhthu/Documents/AI-project/e2e/data/raw/Video_19700101_085820_output_frame_000790.jpg",
  "command": 1,
  "waypoints": [
    [
      59.93883792048929,
      191.11926605504587
    ],
    [
      66.37037037037037,
      181.60516479782535
    ],
    [
      72.80190282025143,
      172.09106354060484
    ],
    [
      79.23343527013249,
      162.5769622833843
    ],
    [
      85.66496772001362,
      153.0628610261638
    ],
    [
      92.09650016989468,
      143.5487597689432
    ],
    [
      98.52803261977579,
      134.03465851172268
    ],
    [
      104.95956506965683,
      124.5205572545022
    ],
    [
      111.39109751953791,
      115.00645599728168
    ],
    [
      117.82262996941895,
      105.49235474006116
    ]
  ],
  "bboxes": [
    [
      155.49847094801223,
      89.0519877675841,
      62.33639143730886,
      63.36391437308869
    ]
  ],
  "categories": [
    3
  ],
  "control_points": []
}