{
  "image_path": "/home/quynhthu/Documents/AI-project/e2e/data/raw/Video_19700101_085820_output_frame_001200_dup1.jpg",
  "command": 1,
  "waypoints": [
    [
      115.77087935389075,
      198.40688951088325
    ],
    [
      111.61705325824653,
      182.18382691568192
    ],
    [
      105.21640551211166,
      166.72423897485365
    ],
    [
      95.97752843034938,
      152.7878744155743
    ],
    [
      83.7842579788129,
      141.35477216910448
    ],
    [
      69.29223371667621,
      133.0133863717609
    ],
    [
      53.47344083106072,
      127.55884308749269
    ],
    [
      37.04071381105661,
      124.35698685537018
    ],
    [
      20.366268599382035,
      122.80293847546896
    ],
    [
      3.6198611368432645,
      122.43361910578652
    ]
  ],
  "bboxes": [
    [
      131.92882798391508,
      70.71607141835368,
      4.243867176285221,
      7.881467613101108
    ]
  ],
  "categories": [
    8
  ],
  "control_points": []
}