{
  "image_path": "/home/quynhthu/Documents/AI-project/e2e/data/raw/Video_19700101_085820_output_frame_001110.jpg",
  "command": 1,
  "waypoints": [
    [
      111.44264766859202,
      191.63786382171804
    ],
    [
      113.39939191357907,
      175.52753745856936
    ],
    [
      115.22570811998351,
      159.4021426269079
    ],
    [
      116.60588824938333,
      143.2343197025469
    ],
    [
      116.72935593896506,
      127.02478494967066
    ],
    [
      113.0663923647726,
      111.33154074074886
    ],
    [
      101.3458718282648,
      100.37414259141558
    ],
    [
      85.79661128256838,
      95.98254372584492
    ],
    [
      69.68347713230028,
      94.12475157819927
    ],
    [
      53.485193745072166,
      93.14369357018725
    ]
  ],
  "bboxes": [
    [
      88.99669730514793,
      106.54426095134791,
      60.97258158428096,
      6.03025532152229
    ],
    [
      158.0096193181253,
      60.31230348634365,
      12.06051064304458,
      34.84147519101771
    ]
  ],
  "categories": [
    7,
    12
  ],
  "control_points": []
}