{
  "image_path": "/home/quynhthu/Documents/AI-project/e2e/data/raw/Video_19700101_085820_output_frame_000940_dup2.jpg",
  "command": 1,
  "waypoints": [
    [
      117.5711447603922,
      204.67904984255898
    ],
    [
      121.67416188714375,
      188.10903273727627
    ],
    [
      125.18952483915785,
      171.40563185334474
    ],
    [
      127.78406602058892,
      154.53724001584553
    ],
    [
      128.79781475505902,
      137.51127551670115
    ],
    [
      126.63858495012215,
      120.64452088841036
    ],
    [
      117.84650427469856,
      106.20658227133038
    ],
    [
      102.59892333614337,
      98.83066558335622
    ],
    [
      85.744286595757,
      96.32955477119512
    ],
    [
      68.69841748766493,
      95.45590934669123
    ]
  ],
  "bboxes": [
    [
      103.5017232727889,
      108.41458703264163,
      69.23636363636362,
      14.809917355371894
    ]
  ],
  "categories": [
    7
  ],
  "control_points": []
}