{
  "image_path": "/home/quynhthu/Documents/AI-project/e2e/data/raw/Video_20260119_140111_output_frame_000350.jpg",
  "command": 0,
  "waypoints": [
    [
      107.63189599126767,
      191.9015426341439
    ],
    [
      107.62892524373275,
      179.98129752646977
    ],
    [
      107.6043514529989,
      168.06108169490236
    ],
    [
      107.52441311620437,
      156.14112475119708
    ],
    [
      107.34232443412736,
      144.2223269162913
    ],
    [
      107.00958633484522,
      132.30682873033993
    ],
    [
      106.497048387309,
      120.39772677210732
    ],
    [
      105.80720330629642,
      108.49755659505934
    ],
    [
      104.96792400475225,
      96.60695587840478
    ],
    [
      104.01412121007259,
      84.72496474123957
    ]
  ],
  "bboxes": [],
  "categories": [],
  "control_points": [
    [
      107.63189599126767,
      191.9015426341439
    ],
    [
      107.63189599126767,
      147.13157971685476
    ],
    [
      107.63189599126767,
      127.68604026793118
    ],
    [
      104.01412121007259,
      84.72496474123957
    ]
  ]
}