{
  "image_path": "/home/quynhthu/Documents/AI-project/e2e/data/raw/Video_19700101_085820_output_frame_001150.jpg",
  "command": 3,
  "waypoints": [
    [
      106.18459917634743,
      184.22468530572442
    ],
    [
      106.10694057704458,
      173.7741451811679
    ],
    [
      105.99806725153911,
      163.32388473270726
    ],
    [
      105.85421469673929,
      152.87404842226482
    ],
    [
      105.67159983037027,
      142.42481844699319
    ],
    [
      105.4498308844893,
      131.97634535697574
    ],
    [
      105.19952428396347,
      121.52851244156118
    ],
    [
      104.96615867400055,
      111.08030197594654
    ],
    [
      104.87133235915742,
      100.63010841912337
    ],
    [
      105.07385537469455,
      90.18171009911288
    ]
  ],
  "bboxes": [],
  "categories": [],
  "control_points": [
    [
      106.18459917634743,
      184.22468530572442
    ],
    [
      105.81435124246313,
      123.13377621481534
    ],
    [
      104.33335950692594,
      110.91559439663352
    ],
    [
      105.07385537469455,
      90.18171009911288
    ]
  ]
}