{
  "image_path": "/home/quynhthu/Documents/AI-project/e2e/data/raw/Video_20260119_140111_output_frame_001310.jpg",
  "command": 0,
  "waypoints": [
    [
      134.3129850025814,
      209.5381946924699
    ],
    [
      132.68885855022037,
      195.41659530171134
    ],
    [
      130.87248905959643,
      181.31847932648853
    ],
    [
      128.82222049061795,
      167.25254529796266
    ],
    [
      126.48906514972651,
      153.2308501701573
    ],
    [
      123.82701619485107,
      139.2679375998057
    ],
    [
      120.82513181674206,
      125.37407153936252
    ],
    [
      117.57128852953277,
      111.53680528342095
    ],
    [
      114.29043243740406,
      97.70587863998497
    ],
    [
      111.24967077246276,
      83.82052104594082
    ]
  ],
  "bboxes": [],
  "categories": [],
  "control_points": [
    [
      134.3129850025814,
      209.5381946924699
    ],
    [
      126.62521359254185,
      138.99158645916583
    ],
    [
      118.48522033485291,
      119.09382516259286
    ],
    [
      111.24967077246276,
      83.82052104594082
    ]
  ]
}