{
  "image_path": "/home/quynhthu/Documents/AI-project/e2e/data/raw/Video_19700101_085820_output_frame_001900_dup2.jpg",
  "command": 1,
  "waypoints": [
    [
      160.22551822694845,
      205.75063396357476
    ],
    [
      166.07212058717363,
      189.38463536126622
    ],
    [
      171.76330965169615,
      172.96405538330123
    ],
    [
      177.12732188682776,
      156.43416044703812
    ],
    [
      181.79816563517085,
      139.69737289840631
    ],
    [
      184.77563167611848,
      122.59350963349242
    ],
    [
      182.3317530035868,
      105.61510402128557
    ],
    [
      168.84275491709687,
      95.38823409099344
    ],
    [
      151.79225222785553,
      92.20682514896347
    ],
    [
      134.4467215395376,
      91.17820424174896
    ]
  ],
  "bboxes": [],
  "categories": [],
  "control_points": [
    [
      160.22551822694845,
      205.75063396357476
    ],
    [
      196.64318338852877,
      104.68138345896413
    ],
    [
      196.64318338852877,
      93.22414048678156
    ],
    [
      134.4467215395376,
      91.17820424174896
    ]
  ]
}