{
  "image_path": "/home/quynhthu/Documents/AI-project/e2e/data/raw/Video_19700101_085820_output_frame_001740.jpg",
  "command": 0,
  "waypoints": [
    [
      146.46727489341058,
      187.36426781254747
    ],
    [
      145.21398624163552,
      177.7373824426249
    ],
    [
      143.92899003681387,
      168.1146773637643
    ],
    [
      142.61798540517165,
      158.49547896974616
    ],
    [
      141.29726453528977,
      148.87760809697372
    ],
    [
      140.00159493383612,
      139.25634179626644
    ],
    [
      138.79074486194284,
      129.62408749302924
    ],
    [
      137.73712968496918,
      119.97346072633135
    ],
    [
      136.88756718427516,
      110.30277109202032
    ],
    [
      136.23759366824757,
      100.61657102316512
    ]
  ],
  "bboxes": [],
  "categories": [],
  "control_points": [
    [
      146.46727489341058,
      187.36426781254747
    ],
    [
      140.7386534073193,
      142.76285767083675
    ],
    [
      137.87434266427366,
      128.85049120461503
    ],
    [
      136.23759366824757,
      100.61657102316511
    ]
  ]
}