{
  "image_path": "/home/quynhthu/Documents/AI-project/e2e/data/raw/Video_19700101_085820_output_frame_000740.jpg",
  "command": 0,
  "waypoints": [
    [
      146.93577981651376,
      222.97247706422016
    ],
    [
      145.64186204553175,
      210.29969418960243
    ],
    [
      144.34794427454977,
      197.6269113149847
    ],
    [
      143.05402650356777,
      184.95412844036701
    ],
    [
      141.76010873258582,
      172.28134556574926
    ],
    [
      140.4661909616038,
      159.6085626911315
    ],
    [
      139.1722731906218,
      146.9357798165138
    ],
    [
      137.8783554196398,
      134.26299694189606
    ],
    [
      136.58443764865783,
      121.5902140672783
    ],
    [
      135.29051987767582,
      108.91743119266054
    ]
  ],
  "bboxes": [
    [
      121.93272171253822,
      79.46177370030581,
      23.97553516819572,
      27.743119266055032
    ]
  ],
  "categories": [
    3
  ],
  "control_points": []
}