{
  "image_path": "/home/quynhthu/Documents/AI-project/e2e/data/raw/Video_19700101_085820_output_frame_000670_dup1.jpg",
  "command": 2,
  "waypoints": [
    [
      105.14984709480122,
      220.5749235474006
    ],
    [
      104.84930720032251,
      207.4424899937382
    ],
    [
      104.26529170949428,
      194.31987288708584
    ],
    [
      103.29196680198102,
      181.22073412934904
    ],
    [
      101.7658637523369,
      168.17526372803994
    ],
    [
      99.42560288740637,
      155.25306633016675
    ],
    [
      95.84767719164846,
      142.62237406972915
    ],
    [
      90.46032016686452,
      130.6591523833823
    ],
    [
      82.89744185500432,
      119.94022308326919
    ],
    [
      73.63914373088684,
      110.62996941896024
    ]
  ],
  "bboxes": [
    [
      150.0183486238532,
      61.993883792048926,
      13.35779816513761,
      28.770642201834868
    ],
    [
      53.773700305810394,
      79.11926605504587,
      16.097859327217122,
      16.440366972477065
    ]
  ],
  "categories": [
    11,
    3
  ],
  "control_points": []
}