{
  "image_path": "/home/quynhthu/Documents/AI-project/e2e/data/raw/Video_19700101_085820_output_frame_000650.jpg",
  "command": 0,
  "waypoints": [
    [
      116.79510703363914,
      224.0
    ],
    [
      116.1732307138492,
      211.0117420361972
    ],
    [
      115.43924748717448,
      198.02939565020088
    ],
    [
      114.51864408395944,
      185.05907044274164
    ],
    [
      113.29739925625447,
      172.1138980631371
    ],
    [
      111.60093879294692,
      159.2231718632549
    ],
    [
      109.14987162896072,
      146.45641746979135
    ],
    [
      105.51666625061755,
      133.97937345050127
    ],
    [
      100.1205783356219,
      122.16659992174421
    ],
    [
      92.47706422018348,
      111.65749235474006
    ]
  ],
  "bboxes": [
    [
      137.6880733944954,
      68.15902140672783,
      9.247706422018354,
      16.44036697247705
    ],
    [
      61.65137614678899,
      79.46177370030581,
      14.385321100917423,
      14.04281345565748
    ]
  ],
  "categories": [
    11,
    3
  ],
  "control_points": []
}