{
  "image_path": "/home/quynhthu/Documents/AI-project/e2e/data/raw/Video_19700101_085820_output_frame_000690.jpg",
  "command": 0,
  "waypoints": [
    [
      84.25688073394495,
      221.2599388379205
    ],
    [
      82.38688216346537,
      208.44511572431082
    ],
    [
      80.48077563938692,
      195.63561771395334
    ],
    [
      78.52783440841354,
      182.83318078362447
    ],
    [
      76.51228595697617,
      170.04046005361198
    ],
    [
      74.40909203921521,
      157.2618773900807
    ],
    [
      72.17659866560511,
      144.50530212928697
    ],
    [
      69.74440901431828,
      131.7854064911789
    ],
    [
      67.02028765805716,
      119.12485996487678
    ],
    [
      64.04892966360856,
      106.51987767584097
    ]
  ],
  "bboxes": [
    [
      51.71865443425076,
      78.77675840978593,
      16.440366972477072,
      18.152905198776764
    ]
  ],
  "categories": [
    3
  ],
  "control_points": []
}