{
  "image_path": "/home/quynhthu/Documents/AI-project/e2e/data/raw/Video_20260119_140111_output_frame_000090.jpg",
  "command": 0,
  "waypoints": [
    [
      97.6830153429812,
      190.54487709119573
    ],
    [
      99.14963371543543,
      179.64397634381896
    ],
    [
      100.48313136360933,
      168.7260192849767
    ],
    [
      101.65682387766952,
      157.78975927955727
    ],
    [
      102.65198830976165,
      146.83582496213006
    ],
    [
      103.47358318843514,
      135.86747451356032
    ],
    [
      104.16858796092913,
      124.89031057929753
    ],
    [
      104.81845006692912,
      113.91035080480154
    ],
    [
      105.50391740723911,
      102.932573570686
    ],
    [
      106.27523044831952,
      91.96051430362975
    ]
  ],
  "bboxes": [],
  "categories": [],
  "control_points": [
    [
      97.6830153429812,
      190.54487709119573
    ],
    [
      104.01412121007259,
      145.3226923262572
    ],
    [
      103.5618993624232,
      128.13826211558057
    ],
    [
      106.27523044831952,
      91.96051430362975
    ]
  ]
}