{
  "image_path": "/home/quynhthu/Documents/AI-project/e2e/data/raw/Video_19700101_085820_output_frame_002850_dup2.jpg",
  "command": 3,
  "waypoints": [
    [
      84.11635991349965,
      200.4937577394822
    ],
    [
      84.559258073474,
      187.95479749578703
    ],
    [
      85.06542171818963,
      175.41824447919296
    ],
    [
      85.65434869604017,
      162.8853209349438
    ],
    [
      86.35558109108288,
      150.35820988460836
    ],
    [
      87.21654705320763,
      137.84113937823727
    ],
    [
      88.32121348307128,
      125.34344151779176
    ],
    [
      89.82762239668021,
      112.88844891867268
    ],
    [
      92.01218295046127,
      100.53514692808322
    ],
    [
      94.96968425708488,
      88.34273952243466
    ]
  ],
  "bboxes": [
    [
      32.56306928146972,
      121.3549344008398,
      111.24657452174876,
      14.01887727713094
    ],
    [
      154.21074629915435,
      63.470537901718465,
      14.923320972429707,
      24.872201620716204
    ]
  ],
  "categories": [
    7,
    10
  ],
  "control_points": []
}