{
  "image_path": "/home/quynhthu/Documents/AI-project/e2e/data/raw/Video_19700101_085820_output_frame_000760.jpg",
  "command": 0,
  "waypoints": [
    [
      164.40366972477062,
      219.88990825688072
    ],
    [
      162.9194699286442,
      208.511043153245
    ],
    [
      161.43527013251781,
      197.13217804960922
    ],
    [
      159.9510703363914,
      185.75331294597348
    ],
    [
      158.46687054026503,
      174.37444784233776
    ],
    [
      156.9826707441386,
      162.99558273870204
    ],
    [
      155.4984709480122,
      151.6167176350663
    ],
    [
      154.01427115188582,
      140.23785253143055
    ],
    [
      152.53007135575942,
      128.85898742779472
    ],
    [
      151.045871559633,
      117.48012232415901
    ]
  ],
  "bboxes": [
    [
      133.57798165137615,
      82.20183486238531,
      29.113149847094803,
      32.19571865443426
    ]
  ],
  "categories": [
    3
  ],
  "control_points": []
}