{
  "image_path": "/home/quynhthu/Documents/AI-project/e2e/data/raw/Video_19700101_085820_output_frame_001710.jpg",
  "command": 3,
  "waypoints": [
    [
      129.28141043513673,
      185.72751881652138
    ],
    [
      130.60463063597254,
      176.18893376067683
    ],
    [
      131.88874938403217,
      166.64500679182083
    ],
    [
      133.16127358788714,
      157.09952591344523
    ],
    [
      134.4709437455259,
      147.5590980723127
    ],
    [
      135.89546132805253,
      138.03524744433153
    ],
    [
      137.5430009331449,
      128.5476713725602
    ],
    [
      139.5335356151716,
      119.12641193285992
    ],
    [
      141.95605457542192,
      109.8070998163752
    ],
    [
      144.83052589738452,
      100.61657102316511
    ]
  ],
  "bboxes": [],
  "categories": [],
  "control_points": []
}