{
  "image_path": "/home/quynhthu/Documents/AI-project/e2e/data/raw/Video_19700101_085820_output_frame_002760.jpg",
  "command": 0,
  "waypoints": [
    [
      123.00743881134677,
      187.83154600529943
    ],
    [
      120.05180510046421,
      175.26126922673373
    ],
    [
      116.5355645710524,
      162.83787190390225
    ],
    [
      111.91237213417818,
      150.7891847041151
    ],
    [
      105.32239934764971,
      139.71464740509595
    ],
    [
      96.09406129142664,
      130.74770485661705
    ],
    [
      84.77775419827424,
      124.59086476748334
    ],
    [
      72.48423576524603,
      120.6741019272975
    ],
    [
      59.82757880419355,
      118.12920010602339
    ],
    [
      47.034168406250046,
      116.38049407669655
    ]
  ],
  "bboxes": [],
  "categories": [],
  "control_points": [
    [
      123.00743881134677,
      187.83154600529943
    ],
    [
      111.70189262011213,
      136.73047722091889
    ],
    [
      102.20523381947505,
      122.71159994378793
    ],
    [
      47.034168406250046,
      116.38049407669655
    ]
  ]
}