{
  "image_path": "/home/quynhthu/Documents/AI-project/e2e/data/raw/Video_19700101_085820_output_frame_001260.jpg",
  "command": 3,
  "waypoints": [
    [
      137.16183989959396,
      194.18871377543104
    ],
    [
      135.74567181143343,
      182.6040286693654
    ],
    [
      134.09278025778184,
      171.05087914067727
    ],
    [
      132.19189125616492,
      159.53589859811518
    ],
    [
      130.10029060609094,
      148.05392103866717
    ],
    [
      127.93121943846856,
      136.5862601832831
    ],
    [
      125.78862728136498,
      125.11362690329779
    ],
    [
      123.72836741627913,
      113.6259407957244
    ],
    [
      121.76682904028165,
      102.12099124661502
    ],
    [
      119.9014079139775,
      90.60004481309431
    ]
  ],
  "bboxes": [
    [
      143.9300473387583,
      69.93990624225475,
      6.5124349842863865,
      11.228336179804117
    ]
  ],
  "categories": [
    8
  ],
  "control_points": []
}