{
  "image_path": "/home/quynhthu/Documents/AI-project/e2e/data/raw/Video_19700101_085820_output_frame_002160.jpg",
  "command": 3,
  "waypoints": [
    [
      87.34837957048767,
      184.61748120743954
    ],
    [
      91.44414683627578,
      175.33520585168557
    ],
    [
      95.49748656365608,
      166.0343331127105
    ],
    [
      99.49962839190816,
      156.71132081474752
    ],
    [
      103.43979791148116,
      147.36195593795404
    ],
    [
      107.30593126224487,
      137.98173991833113
    ],
    [
      111.09248186563937,
      128.56910363735
    ],
    [
      114.84886324738211,
      119.14446939483992
    ],
    [
      118.83046442523991,
      109.81352808483605
    ],
    [
      123.35685748306149,
      100.73409516110279
    ]
  ],
  "bboxes": [
    [
      144.6734908678772,
      70.63070232736109,
      5.956430690062149,
      7.445538362577665
    ]
  ],
  "categories": [
    0
  ],
  "control_points": []
}