{
  "image_path": "/home/quynhthu/Documents/AI-project/e2e/data/raw/Video_20260119_140111_output_frame_000850.jpg",
  "command": 0,
  "waypoints": [
    [
      64.21859861692668,
      207.27708545422297
    ],
    [
      66.51080873110843,
      194.32650253353853
    ],
    [
      68.82007109570212,
      181.37894834415835
    ],
    [
      71.13167441809892,
      168.43181175347962
    ],
    [
      73.41389545643695,
      155.47947339693582
    ],
    [
      75.59899352990082,
      142.51046291549196
    ],
    [
      77.54560313989013,
      129.50383609553992
    ],
    [
      78.99835625610254,
      116.43381808958893
    ],
    [
      79.68029221148612,
      103.3018976397001
    ],
    [
      79.59414143700579,
      90.1516269130322
    ]
  ],
  "bboxes": [],
  "categories": [],
  "control_points": [
    [
      64.21859861692668,
      207.27708545422297
    ],
    [
      76.88081035110947,
      135.37381167797074
    ],
    [
      80.49858513230456,
      121.3549344008398
    ],
    [
      79.59414143700579,
      90.1516269130322
    ]
  ]
}