{
  "image_path": "/home/quynhthu/Documents/AI-project/e2e/data/raw/Video_19700101_085820_output_frame_000660_dup2.jpg",
  "command": 1,
  "waypoints": [
    [
      115.08256880733944,
      220.5749235474006
    ],
    [
      115.0391906880253,
      208.05248197009414
    ],
    [
      114.71249328410083,
      195.53448955924827
    ],
    [
      114.00999531547232,
      183.03224417092105
    ],
    [
      112.8036116009298,
      170.56907959833254
    ],
    [
      110.91206397298043,
      158.19245848252206
    ],
    [
      108.08138033660302,
      145.99845405787468
    ],
    [
      103.98196362660633,
      134.17423579618006
    ],
    [
      98.27113050379404,
      123.04360545836153
    ],
    [
      90.76452599388381,
      113.02752293577983
    ]
  ],
  "bboxes": [
    [
      144.88073394495413,
      64.73394495412843,
      12.330275229357795,
      22.948012232415905
    ],
    [
      61.30886850152905,
      80.14678899082568,
      13.700305810397552,
      14.042813455657495
    ]
  ],
  "categories": [
    11,
    3
  ],
  "control_points": []
}