{
  "image_path": "/home/quynhthu/Documents/AI-project/e2e/data/raw/Video_19700101_085820_output_frame_000460.jpg",
  "command": 0,
  "waypoints": [
    [
      101.72477064220183,
      221.60244648318042
    ],
    [
      101.27462241357614,
      207.22679007560015
    ],
    [
      100.60446597548264,
      192.85986871567772
    ],
    [
      99.55793081175446,
      178.515923592003
    ],
    [
      97.85345054649977,
      164.2367244245405
    ],
    [
      94.94754707735808,
      150.15851658092703
    ],
    [
      89.8517590330112,
      136.73774191217865
    ],
    [
      81.41834505497589,
      125.15779331385633
    ],
    [
      70.0142400864557,
      116.45434951775441
    ],
    [
      57.198776758409785,
      109.94495412844036
    ]
  ],
  "bboxes": [],
  "categories": [],
  "control_points": [
    [
      101.72477064220183,
      221.60244648318042
    ],
    [
      99.66972477064219,
      142.48318042813455
    ],
    [
      93.50458715596329,
      126.04281345565748
    ],
    [
      57.198776758409785,
      109.94495412844036
    ]
  ]
}