{
  "image_path": "/home/quynhthu/Documents/AI-project/e2e/data/raw/Video_19700101_085820_output_frame_000630.jpg",
  "command": 1,
  "waypoints": [
    [
      93.16207951070336,
      221.60244648318042
    ],
    [
      94.62748617342659,
      208.9501650182855
    ],
    [
      95.89960351411696,
      196.27710687154322
    ],
    [
      96.92112402391712,
      183.5815040212876
    ],
    [
      97.61669971770397,
      170.8640764725822
    ],
    [
      97.88173467624794,
      158.13077918493835
    ],
    [
      97.56186460164595,
      145.399541227166
    ],
    [
      96.41740022399469,
      132.71772596177723
    ],
    [
      94.04755118491607,
      120.21223761763727
    ],
    [
      89.73700305810397,
      108.23241590214067
    ]
  ],
  "bboxes": [
    [
      47.608562691131496,
      80.83180428134555,
      14.727828746177366,
      11.645259938837924
    ]
  ],
  "categories": [
    3
  ],
  "control_points": []
}