{
  "image_path": "/home/quynhthu/Documents/AI-project/e2e/data/raw/Video_19700101_085820_output_frame_003320.jpg",
  "command": 0,
  "waypoints": [
    [
      89.54302208529226,
      183.30932752880557
    ],
    [
      86.34397650668268,
      175.41334093551814
    ],
    [
      83.14223025391459,
      167.51844942327594
    ],
    [
      79.95344856470763,
      159.61831792929868
    ],
    [
      76.80826506923593,
      151.7007577423016
    ],
    [
      73.7651546443108,
      143.74352141432095
    ],
    [
      70.92591604772724,
      135.7115805978542
    ],
    [
      68.42724643051868,
      127.56765177816611
    ],
    [
      66.35830022916225,
      119.30415808064583
    ],
    [
      64.67082046457607,
      110.95383190490392
    ]
  ],
  "bboxes": [
    [
      28.49307265262526,
      100.55272940896806,
      59.24106204206947,
      14.01887727713094
    ],
    [
      89.54302208529226,
      68.44497822586172,
      9.04443695298771,
      12.662211734182776
    ]
  ],
  "categories": [
    7,
    4
  ],
  "control_points": []
}