{
  "image_path": "/home/quynhthu/Documents/AI-project/e2e/data/raw/Video_19700101_085820_output_frame_002600_dup1.jpg",
  "command": 1,
  "waypoints": [
    [
      130.24298837373692,
      188.73598970059817
    ],
    [
      126.00398143500544,
      172.95758904689427
    ],
    [
      120.79683329671373,
      157.47624524429773
    ],
    [
      113.57862619595592,
      142.8448033674901
    ],
    [
      102.93835015283173,
      130.5373370871124
    ],
    [
      88.88401953633667,
      122.33578426977742
    ],
    [
      73.20525149632857,
      117.82112005993245
    ],
    [
      57.04347476363992,
      115.46339024216326
    ],
    [
      40.750981903308215,
      114.25474226076761
    ],
    [
      24.423076023780787,
      113.66716299080025
    ]
  ],
  "bboxes": [],
  "categories": [],
  "control_points": [
    [
      130.24298837373692,
      188.73598970059817
    ],
    [
      114.86744555365784,
      127.23381842028179
    ],
    [
      102.20523381947505,
      115.47605038139778
    ],
    [
      24.423076023780787,
      113.66716299080025
    ]
  ]
}