{
  "image_path": "/home/quynhthu/Documents/AI-project/e2e/data/raw/Video_19700101_085820_output_frame_002540.jpg",
  "command": 3,
  "waypoints": [
    [
      117.9671765928505,
      190.8740068495716
    ],
    [
      120.19260090292171,
      179.72135465757705
    ],
    [
      122.29544868253743,
      168.5450285552973
    ],
    [
      124.19089872344631,
      157.33178074195638
    ],
    [
      125.81242352036563,
      146.07573409110535
    ],
    [
      127.14481194231142,
      134.78179083534263
    ],
    [
      128.2228125689302,
      123.46065031144906
    ],
    [
      129.10179542511082,
      112.12224113221761
    ],
    [
      129.8343478382429,
      100.77337814137879
    ],
    [
      130.46173745636392,
      89.41817263784263
    ]
  ],
  "bboxes": [
    [
      84.98153591317507,
      107.91012271584249,
      78.96562465740482,
      15.993037905297172
    ]
  ],
  "categories": [
    7
  ],
  "control_points": []
}