{
  "image_path": "/home/quynhthu/Documents/AI-project/e2e/data/raw/Video_19700101_085820_output_frame_001650.jpg",
  "command": 3,
  "waypoints": [
    [
      59.15512156326919,
      186.38789370204998
    ],
    [
      62.255729875977444,
      175.56390577148844
    ],
    [
      65.41787254578507,
      164.75775850686978
    ],
    [
      68.70199193056324,
      153.98813755979788
    ],
    [
      72.20813099224038,
      143.28898956486364
    ],
    [
      76.08947691514966,
      132.7207859257179
    ],
    [
      80.52347195651902,
      122.37317574281941
    ],
    [
      85.60682532759871,
      112.32882967862666
    ],
    [
      91.25833180874778,
      102.5919396100065
    ],
    [
      97.29065875335182,
      93.08541436320704
    ]
  ],
  "bboxes": [],
  "categories": [],
  "control_points": [
    [
      59.15512156326919,
      186.38789370204998
    ],
    [
      73.59479098475678,
      135.66392675990122
    ],
    [
      78.40801412525266,
      121.96475320618222
    ],
    [
      97.29065875335182,
      93.08541436320704
    ]
  ]
}