{
  "image_path": "/home/quynhthu/Documents/AI-project/e2e/data/raw/Video_19700101_085820_output_frame_001490.jpg",
  "command": 0,
  "waypoints": [
    [
      87.9780034570113,
      184.30314736207728
    ],
    [
      93.65995201818087,
      169.5437233522042
    ],
    [
      101.40940610177033,
      155.7685669983435
    ],
    [
      111.67360227118081,
      143.7647750181756
    ],
    [
      124.30980395559878,
      134.29075893957344
    ],
    [
      138.56779431864038,
      127.4720511420513
    ],
    [
      153.68322506767547,
      122.82088971052659
    ],
    [
      169.19666392757262,
      119.72017200511645
    ],
    [
      184.88737707111798,
      117.68058118406839
    ],
    [
      200.65638590893775,
      116.36471088370988
    ]
  ],
  "bboxes": [],
  "categories": [],
  "control_points": [
    [
      87.9780034570113,
      184.30314736207728
    ],
    [
      103.44366379355021,
      136.24913131640278
    ],
    [
      133.27029444258955,
      120.78347097986386
    ],
    [
      200.65638590893775,
      116.36471088370988
    ]
  ]
}