{
  "image_path": "/home/quynhthu/Documents/AI-project/e2e/data/raw/Video_19700101_085820_output_frame_002100.jpg",
  "command": 3,
  "waypoints": [
    [
      14.513049247326968,
      218.17083562597426
    ],
    [
      17.464149071826874,
      204.59424145707837
    ],
    [
      20.437991816957158,
      191.02261208062802
    ],
    [
      23.44489620194987,
      177.45827246851022
    ],
    [
      26.502794310704235,
      163.90534583450918
    ],
    [
      29.646582711436043,
      150.37211301972513
    ],
    [
      32.95250844383272,
      136.87769893643167
    ],
    [
      36.602891550779574,
      123.47300118395789
    ],
    [
      40.82115713261384,
      110.23617108511498
    ],
    [
      45.20209292281603,
      97.05140992004411
    ]
  ],
  "bboxes": [],
  "categories": [],
  "control_points": [
    [
      14.513049247326968,
      218.17083562597426
    ],
    [
      35.79078619566605,
      119.96589586440928
    ],
    [
      35.79078619566605,
      126.10370459950707
    ],
    [
      45.20209292281603,
      97.05140992004411
    ]
  ]
}