{
  "image_path": "/home/quynhthu/Documents/AI-project/e2e/data/raw/Video_19700101_085820_output_frame_003270.jpg",
  "command": 3,
  "waypoints": [
    [
      108.08411783891705,
      195.51931741533895
    ],
    [
      110.29870068715104,
      184.05663112981563
    ],
    [
      112.38128158200406,
      172.56925485540708
    ],
    [
      114.3036923521392,
      161.05402642538846
    ],
    [
      116.03215687392617,
      149.508144235334
    ],
    [
      117.53342489503275,
      137.93057687146347
    ],
    [
      118.79515484163014,
      126.32443662389026
    ],
    [
      119.88842694848866,
      114.70106061648251
    ],
    [
      121.04116854441533,
      103.08358377499489
    ],
    [
      122.55521696369738,
      91.50829245598035
    ]
  ],
  "bboxes": [],
  "categories": [],
  "control_points": [
    [
      108.08411783891705,
      195.51931741533895
    ],
    [
      120.29410772545046,
      134.01714613502259
    ],
    [
      118.48522033485291,
      118.18938146729408
    ],
    [
      122.55521696369738,
      91.50829245598035
    ]
  ]
}