{
  "image_path": "/home/quynhthu/Documents/AI-project/e2e/data/raw/Video_19700101_085820_output_frame_001120_dup2.jpg",
  "command": 3,
  "waypoints": [
    [
      113.45273277576611,
      187.61769360736986
    ],
    [
      113.7271675477998,
      176.59832095220403
    ],
    [
      113.98756508471695,
      165.5786083525501
    ],
    [
      114.22974503253783,
      154.5584811244541
    ],
    [
      114.44701990480334,
      143.5378365227334
    ],
    [
      114.62831886095238,
      132.5165463605325
    ],
    [
      114.75197835420522,
      121.49447787317223
    ],
    [
      114.7668908069721,
      110.4718562719086
    ],
    [
      114.5031429328237,
      99.45274390398538
    ],
    [
      113.78774696029514,
      88.45349498678102
    ]
  ],
  "bboxes": [
    [
      80.95635687645154,
      111.23445953475414,
      70.35297875109342,
      8.710368797754427
    ],
    [
      160.6897327943574,
      57.63219001011152,
      14.070595750218672,
      44.22187235783016
    ]
  ],
  "categories": [
    7,
    12
  ],
  "control_points": []
}