{
  "image_path": "/home/quynhthu/Documents/AI-project/e2e/data/raw/Video_19700101_085820_output_frame_001410.jpg",
  "command": 2,
  "waypoints": [
    [
      98.21829567506506,
      187.21994985737928
    ],
    [
      105.99681853016091,
      175.51557536629593
    ],
    [
      114.82583303373956,
      164.57232205741832
    ],
    [
      124.26093654467051,
      154.1455308193036
    ],
    [
      134.16955775900178,
      144.16725565125287
    ],
    [
      144.51510682688502,
      134.6428517637575
    ],
    [
      155.3185181691533,
      125.64182180763609
    ],
    [
      166.65395568795452,
      117.32293902611121
    ],
    [
      178.67783634470896,
      110.04276219227998
    ],
    [
      191.67761093414543,
      104.75584815819073
    ]
  ],
  "bboxes": [],
  "categories": [],
  "control_points": [
    [
      98.21829567506506,
      187.21994985737928
    ],
    [
      112.0,
      162.5
    ],
    [
      162.0,
      112.5
    ],
    [
      191.67761093414543,
      104.75584815819073
    ]
  ]
}