{
  "image_path": "/home/quynhthu/Documents/AI-project/e2e/data/raw/Video_19700101_085820_output_frame_002410.jpg",
  "command": 0,
  "waypoints": [
    [
      119.96630633101265,
      165.38510268800422
    ],
    [
      121.4914032250753,
      155.52400674371623
    ],
    [
      122.092139871865,
      145.56838019202095
    ],
    [
      121.13551121838863,
      135.64983228395235
    ],
    [
      117.92420943585608,
      126.23299355619052
    ],
    [
      112.09888718873114,
      118.179691310564
    ],
    [
      104.1661922535235,
      112.17493511604334
    ],
    [
      95.04186508819649,
      108.17233281926514
    ],
    [
      85.37496194887996,
      105.72450827385579
    ],
    [
      75.48566965690486,
      104.41164567405872
    ]
  ],
  "bboxes": [],
  "categories": [],
  "control_points": [
    [
      119.96630633101265,
      165.38510268800422
    ],
    [
      123.96456580733694,
      143.3946755682206
    ],
    [
      127.96282528366122,
      108.90968758492356
    ],
    [
      75.48566965690486,
      104.41164567405872
    ]
  ]
}