{
  "image_path": "/home/quynhthu/Documents/AI-project/e2e/data/raw/Video_19700101_085820_output_frame_001260_dup1.jpg",
  "command": 0,
  "waypoints": [
    [
      137.16183989959396,
      194.18871377543104
    ],
    [
      135.65195176692157,
      182.61225773786964
    ],
    [
      133.963458784546,
      171.06057302946127
    ],
    [
      132.0957918252124,
      159.53646763537776
    ],
    [
      130.1071976714724,
      148.03255086925532
    ],
    [
      128.10235321482165,
      136.5314385990919
    ],
    [
      126.16943626653457,
      125.01804389561558
    ],
    [
      124.34637773595746,
      113.48675786516013
    ],
    [
      122.63536351152021,
      101.93831107453828
    ],
    [
      121.02424153195791,
      90.37547808949824
    ]
  ],
  "bboxes": [
    [
      143.58878971737894,
      69.79918491514675,
      6.24492594087053,
      10.25952118857299
    ]
  ],
  "categories": [
    8
  ],
  "control_points": []
}