{
  "image_path": "/home/quynhthu/Documents/AI-project/e2e/data/raw/Video_19700101_085820_output_frame_002850.jpg",
  "command": 1,
  "waypoints": [
    [
      88.6385783899935,
      199.13709219653407
    ],
    [
      87.62488468398047,
      183.46980451411926
    ],
    [
      86.65223193365789,
      167.79995047825756
    ],
    [
      85.48782827127195,
      152.1437453349251
    ],
    [
      83.64366734543702,
      136.5572426422458
    ],
    [
      79.97245379001839,
      121.3251200844087
    ],
    [
      71.90966559377047,
      107.97974227699345
    ],
    [
      58.31353491427628,
      100.37609757037255
    ],
    [
      42.828621039378675,
      98.0844242410772
    ],
    [
      27.136407109677098,
      98.29162017072115
    ]
  ],
  "bboxes": [
    [
      31.206403738521573,
      122.25937809613856,
      115.31657115059323,
      13.114433581832174
    ],
    [
      153.30630260385558,
      62.566094206419706,
      16.27998651537783,
      26.68108901131373
    ]
  ],
  "categories": [
    7,
    10
  ],
  "control_points": []
}