{
  "image_path": "/home/quynhthu/Documents/AI-project/e2e/data/raw/Video_19700101_085820_output_frame_002600.jpg",
  "command": 2,
  "waypoints": [
    [
      110.79744892481337,
      190.54487709119573
    ],
    [
      113.69231956791174,
      175.77180604883665
    ],
    [
      116.78899283477269,
      161.04006170232236
    ],
    [
      120.50913959903876,
      146.4559022535559
    ],
    [
      125.9355413846824,
      132.43852647339656
    ],
    [
      135.48590969869034,
      120.98942750484514
    ],
    [
      149.3974287853643,
      115.56046556204224
    ],
    [
      164.38122457079757,
      114.30028665219598
    ],
    [
      179.42995607483124,
      114.60459829759073
    ],
    [
      194.4584907399496,
      115.47605038139778
    ]
  ],
  "bboxes": [],
  "categories": [],
  "control_points": [
    [
      110.79744892481337,
      190.54487709119573
    ],
    [
      125.2685480495937,
      115.92827222904717
    ],
    [
      126.62521359254185,
      110.95383190490392
    ],
    [
      194.4584907399496,
      115.47605038139778
    ]
  ]
}