{
  "image_path": "/home/quynhthu/Documents/AI-project/e2e/data/raw/Video_19700101_085820_output_frame_000970_dup2.jpg",
  "command": 0,
  "waypoints": [
    [
      128.44961951105017,
      218.96598179102094
    ],
    [
      129.11964788010823,
      209.92059880873754
    ],
    [
      129.78967624916623,
      200.8752158264541
    ],
    [
      130.45970461822424,
      191.8298328441707
    ],
    [
      131.12973298728235,
      182.78444986188728
    ],
    [
      131.79976135634035,
      173.73906687960383
    ],
    [
      132.46978972539839,
      164.69368389732034
    ],
    [
      133.13981809445642,
      155.64830091503686
    ],
    [
      133.80984646351445,
      146.60291793275337
    ],
    [
      134.47987483257248,
      137.55753495046997
    ]
  ],
  "bboxes": [
    [
      70.49216558753034,
      137.55753495046994,
      116.24992203156867,
      18.090765964566884
    ]
  ],
  "categories": [
    7
  ],
  "control_points": []
}