{
  "image_path": "/home/quynhthu/Documents/AI-project/e2e/data/raw/Video_19700101_085820_output_frame_001100_dup2.jpg",
  "command": 2,
  "waypoints": [
    [
      110.0349539787039,
      191.81131285080494
    ],
    [
      111.64574280033591,
      177.1576333521435
    ],
    [
      113.04987554901231,
      162.48270926405957
    ],
    [
      114.47827599152045,
      147.8103913068042
    ],
    [
      116.41993548112022,
      133.20071765347822
    ],
    [
      119.98117569220244,
      118.92260473934695
    ],
    [
      127.41821663605698,
      106.2919148876152
    ],
    [
      139.691077409156,
      98.2972729643251
    ],
    [
      153.97141646379603,
      94.79957537841088
    ],
    [
      168.66243627128176,
      93.65215678380312
    ]
  ],
  "bboxes": [
    [
      95.29432985942715,
      101.02246884344149,
      51.927198601997574,
      6.365269506051305
    ],
    [
      156.26691144370815,
      61.15578088448853,
      9.715411351341487,
      31.491333345727547
    ]
  ],
  "categories": [
    7,
    12
  ],
  "control_points": []
}