{
  "image_path": "/home/quynhthu/Documents/AI-project/e2e/data/raw/Video_19700101_085820_output_frame_001380.jpg",
  "command": 2,
  "waypoints": [
    [
      119.70894036030812,
      204.71233506629804
    ],
    [
      121.59926862698389,
      187.8906398821668
    ],
    [
      124.78005255441857,
      171.2703833242858
    ],
    [
      130.4798880760374,
      155.36434164895414
    ],
    [
      140.6116624925638,
      141.93350674909638
    ],
    [
      155.11251430127123,
      133.3656575058449
    ],
    [
      171.37183951468748,
      128.72037187058964
    ],
    [
      188.05996128411903,
      125.88890810812437
    ],
    [
      204.85214187561024,
      123.73785432456043
    ],
    [
      221.6645570065776,
      121.74845093256897
    ]
  ],
  "bboxes": [],
  "categories": [],
  "control_points": [
    [
      119.70894036030812,
      204.71233506629804
    ],
    [
      126.20611200933511,
      130.2447523197581
    ],
    [
      146.19740939095658,
      130.74453475429863
    ],
    [
      221.6645570065776,
      121.74845093256897
    ]
  ]
}