{
  "image_path": "/home/quynhthu/Documents/AI-project/e2e/data/raw/Video_19700101_085820_output_frame_003300.jpg",
  "command": 1,
  "waypoints": [
    [
      97.6830153429812,
      179.69155274761047
    ],
    [
      90.7768737756651,
      171.41936637518987
    ],
    [
      83.87564341484291,
      163.14308069042548
    ],
    [
      76.93103687928858,
      154.90321341861312
    ],
    [
      69.84816553000408,
      146.78222466288864
    ],
    [
      62.464619392985085,
      138.93483722447795
    ],
    [
      54.58859619824623,
      131.58407550579324
    ],
    [
      46.14116382201408,
      124.89822504460773
    ],
    [
      37.23383795631483,
      118.83626835060457
    ],
    [
      28.040850804975868,
      113.21494114315085
    ]
  ],
  "bboxes": [],
  "categories": [],
  "control_points": [
    [
      97.6830153429812,
      179.69155274761047
    ],
    [
      65.12304231222546,
      140.80047384976334
    ],
    [
      58.79193644513406,
      131.30381504912626
    ],
    [
      28.040850804975868,
      113.21494114315085
    ]
  ]
}