{
  "image_path": "/home/quynhthu/Documents/AI-project/e2e/data/raw/Video_19700101_085820_output_frame_003000.jpg",
  "command": 0,
  "waypoints": [
    [
      104.91856490537137,
      176.5259998140648
    ],
    [
      99.58973065471487,
      164.8734559344959
    ],
    [
      94.40383809984068,
      153.15625592429322
    ],
    [
      88.88851875035888,
      141.59257015979767
    ],
    [
      82.18993685169576,
      130.68561058773696
    ],
    [
      73.29370848521208,
      121.52018665863105
    ],
    [
      62.17670887231609,
      115.23055124465012
    ],
    [
      49.895584592974224,
      111.63850633347722
    ],
    [
      37.21526466089028,
      109.84067743292654
    ],
    [
      24.423076023780787,
      109.14494451430639
    ]
  ],
  "bboxes": [],
  "categories": [],
  "control_points": [
    [
      104.91856490537137,
      176.5259998140648
    ],
    [
      84.11635991349965,
      132.66048059207444
    ],
    [
      83.66413806585024,
      110.50161005725454
    ],
    [
      24.423076023780787,
      109.14494451430639
    ]
  ]
}