{
  "image_path": "/home/quynhthu/Documents/AI-project/e2e/data/raw/Video_19700101_085820_output_frame_002610_dup1.jpg",
  "command": 2,
  "waypoints": [
    [
      113.96300185835906,
      194.16265187239085
    ],
    [
      113.25271656041325,
      180.89827024091798
    ],
    [
      113.41121545844608,
      167.61823837451684
    ],
    [
      115.0525712464922,
      154.44739105209962
    ],
    [
      119.358285064409,
      141.9254330375207
    ],
    [
      127.78245203206058,
      131.7880544342852
    ],
    [
      139.57934770915193,
      125.82942837936835
    ],
    [
      152.5623565358673,
      123.1001163852206
    ],
    [
      165.8011974178829,
      122.04678162290813
    ],
    [
      179.08294791987058,
      121.80715624848918
    ]
  ],
  "bboxes": [],
  "categories": [],
  "control_points": [
    [
      113.96300185835906,
      194.16265187239085
    ],
    [
      108.98856153421583,
      129.9471495061781
    ],
    [
      127.52965728784062,
      121.80715624848918
    ],
    [
      179.08294791987058,
      121.80715624848918
    ]
  ]
}