{
  "image_path": "/home/quynhthu/Documents/AI-project/e2e/data/raw/Video_19700101_085820_output_frame_001460_dup1.jpg",
  "command": 2,
  "waypoints": [
    [
      106.33297663906072,
      186.41685198156705
    ],
    [
      108.9322180367176,
      173.15174993433885
    ],
    [
      111.8570756188242,
      159.95544902586818
    ],
    [
      115.56338092821863,
      146.9601849300794
    ],
    [
      120.75228028971782,
      134.4931303516551
    ],
    [
      128.32609845783801,
      123.3402938353281
    ],
    [
      138.72950813183635,
      114.79427009582318
    ],
    [
      151.16031718901053,
      109.5813118381074
    ],
    [
      164.44095339751627,
      107.1560238281603
    ],
    [
      177.94074521520182,
      106.6253384252955
    ]
  ],
  "bboxes": [],
  "categories": [],
  "control_points": [
    [
      106.33297663906072,
      186.41685198156705
    ],
    [
      115.74428336621071,
      137.31438210078457
    ],
    [
      122.2233942022046,
      105.87015565534419
    ],
    [
      177.94074521520182,
      106.6253384252955
    ]
  ]
}