{
  "image_path": "/home/quynhthu/Documents/AI-project/e2e/data/raw/Video_19700101_085820_output_frame_002200_dup1.jpg",
  "command": 0,
  "waypoints": [
    [
      111.16856823627768,
      181.81740854185438
    ],
    [
      112.43296802096842,
      172.26941994491602
    ],
    [
      113.71484932485603,
      162.72376487965613
    ],
    [
      115.02801348864183,
      153.18236943964038
    ],
    [
      116.39867518163634,
      143.64908733483935
    ],
    [
      117.87812912614402,
      134.13215820241916
    ],
    [
      119.55334250339097,
      124.64786324136118
    ],
    [
      121.49278262917653,
      115.21405186935063
    ],
    [
      123.6243306719785,
      105.82162274203183
    ],
    [
      125.81146034934709,
      96.44190198429703
    ]
  ],
  "bboxes": [
    [
      145.41804470413499,
      69.63796387901739,
      5.9564306900621204,
      8.934646035093209
    ]
  ],
  "categories": [
    0
  ],
  "control_points": []
}