{
  "image_path": "/home/quynhthu/Documents/AI-project/e2e/data/raw/Video_19700101_085820_output_frame_000930_dup2.jpg",
  "command": 1,
  "waypoints": [
    [
      115.71990509097071,
      203.9385539747904
    ],
    [
      118.67845138595607,
      187.529654219498
    ],
    [
      121.50086193791499,
      171.09696064148469
    ],
    [
      123.95241326567123,
      154.60584525658547
    ],
    [
      125.48893355264326,
      138.0113722883684
    ],
    [
      124.55534166650101,
      121.42727523116612
    ],
    [
      116.68079459344526,
      106.94659674494252
    ],
    [
      101.73872417450323,
      99.86672529561064
    ],
    [
      85.3197686496461,
      97.11684343370698
    ],
    [
      68.69841748766493,
      95.82615728057552
    ]
  ],
  "bboxes": [
    [
      102.0207315372517,
      103.97161182603007,
      62.201652892561995,
      12.588429752066105
    ]
  ],
  "categories": [
    7
  ],
  "control_points": []
}