{
  "image_path": "/home/quynhthu/Documents/AI-project/e2e/data/raw/Video_19700101_085820_output_frame_002230_dup1.jpg",
  "command": 3,
  "waypoints": [
    [
      103.7230298737,
      181.56922392976844
    ],
    [
      104.21908315393425,
      172.59809265926006
    ],
    [
      104.75193518351261,
      163.629078417779
    ],
    [
      105.33523768904868,
      154.66321281723773
    ],
    [
      105.99088287679685,
      145.70236794274177
    ],
    [
      106.75459106985394,
      136.75013705555125
    ],
    [
      107.68445698239732,
      127.81373969633958
    ],
    [
      108.84982766335197,
      118.90504674880503
    ],
    [
      110.23591943539456,
      110.02787496008575
    ],
    [
      111.66493746044951,
      101.15740961392957
    ]
  ],
  "bboxes": [
    [
      138.22701640798473,
      67.16199696272253,
      8.19009219883543,
      14.891076725155344
    ],
    [
      91.07194011165946,
      95.95141196468954,
      46.90689168423937,
      7.197353750491743
    ]
  ],
  "categories": [
    0,
    7
  ],
  "control_points": []
}