{
  "image_path": "/home/quynhthu/Documents/AI-project/e2e/data/raw/Video_19700101_085820_output_frame_002820.jpg",
  "command": 0,
  "waypoints": [
    [
      85.92524730409717,
      199.58931404418345
    ],
    [
      81.1789467094862,
      190.21435262674805
    ],
    [
      75.57468621932392,
      181.326309499012
    ],
    [
      69.64127064690105,
      172.65228722915788
    ],
    [
      63.77054722379928,
      163.93569155910677
    ],
    [
      58.184878234759914,
      155.03422560939373
    ],
    [
      52.984745068132206,
      145.90241547645914
    ],
    [
      48.19740333703944,
      136.547587997351
    ],
    [
      43.8117756287478,
      126.99771884981861
    ],
    [
      39.79861884385989,
      117.28493777199533
    ]
  ],
  "bboxes": [
    [
      79.59414143700579,
      69.80164376880987,
      9.948880648286476,
      12.209989886533407
    ]
  ],
  "categories": [
    10
  ],
  "control_points": []
}