{
  "image_path": "/home/quynhthu/Documents/AI-project/e2e/data/raw/Video_20260119_140111_output_frame_000260.jpg",
  "command": 0,
  "waypoints": [
    [
      95.87412795238366,
      190.54487709119573
    ],
    [
      97.44270228193015,
      179.6528106584112
    ],
    [
      98.92035586329965,
      168.74806051965183
    ],
    [
      100.271521007181,
      157.82695605168652
    ],
    [
      101.45460970425829,
      146.88642141844895
    ],
    [
      102.43253475927511,
      135.92568782085925
    ],
    [
      103.19095383924247,
      124.9475778220361
    ],
    [
      103.75034064722188,
      113.9574722767704
    ],
    [
      104.15763576552256,
      102.96061695926493
    ],
    [
      104.46634305772199,
      91.96051430362975
    ]
  ],
  "bboxes": [],
  "categories": [],
  "control_points": [
    [
      95.87412795238366,
      190.54487709119573
    ],
    [
      102.20523381947505,
      147.5838015645041
    ],
    [
      103.5618993624232,
      128.13826211558057
    ],
    [
      104.46634305772199,
      91.96051430362975
    ]
  ]
}