{
  "image_path": "/home/quynhthu/Documents/AI-project/e2e/data/raw/Video_19700101_085820_output_frame_002420.jpg",
  "command": 0,
  "waypoints": [
    [
      119.96630633101265,
      165.38510268800422
    ],
    [
      121.56168740250759,
      154.47007003186505
    ],
    [
      121.69149673131876,
      143.45153952556473
    ],
    [
      119.26099753317,
      132.72732854364176
    ],
    [
      113.52444987909816,
      123.36849894850342
    ],
    [
      105.02830043259111,
      116.39362187951525
    ],
    [
      95.03904283347818,
      111.75262385235548
    ],
    [
      84.3998469552741,
      108.8583442952611
    ],
    [
      73.49604614676664,
      107.191872568478
    ],
    [
      62.491326358850905,
      106.41077541222087
    ]
  ],
  "bboxes": [],
  "categories": [],
  "control_points": [
    [
      119.96630633101265,
      165.38510268800422
    ],
    [
      123.96456580733694,
      143.3946755682206
    ],
    [
      127.96282528366122,
      108.90968758492356
    ],
    [
      62.491326358850905,
      106.41077541222087
    ]
  ]
}