{
  "image_path": "/home/quynhthu/Documents/AI-project/e2e/data/raw/Video_19700101_085820_output_frame_001420_dup1.jpg",
  "command": 2,
  "waypoints": [
    [
      121.58246523072948,
      180.372243627177
    ],
    [
      126.09542926188956,
      169.4921610689379
    ],
    [
      131.02943749696445,
      158.79695860677793
    ],
    [
      136.51807588513,
      148.3763785360897
    ],
    [
      142.70809785505153,
      138.35798671413733
    ],
    [
      149.75608126007552,
      128.92577808219622
    ],
    [
      157.80610287069118,
      120.33654388443632
    ],
    [
      166.9386610677473,
      112.91348596127011
    ],
    [
      177.11205039000208,
      107.0017588059549
    ],
    [
      188.11995042976145,
      102.84691683564435
    ]
  ],
  "bboxes": [],
  "categories": [],
  "control_points": [
    [
      121.58246523072948,
      180.372243627177
    ],
    [
      135.62248504336927,
      144.96697627356363
    ],
    [
      153.93555436420374,
      112.6138871400894
    ],
    [
      188.11995042976145,
      102.84691683564435
    ]
  ]
}