{
  "image_path": "/home/quynhthu/Documents/AI-project/e2e/data/raw/Video_19700101_085820_output_frame_002060.jpg",
  "command": 2,
  "waypoints": [
    [
      77.93707284333769,
      221.03514636901988
    ],
    [
      79.11461097756967,
      203.27903555114858
    ],
    [
      80.83383039926544,
      185.5676064955527
    ],
    [
      83.28357794762266,
      167.94323291740983
    ],
    [
      86.77205748157984,
      150.49687193366782
    ],
    [
      91.86759264819257,
      133.4575085505498
    ],
    [
      99.70461728965711,
      117.52401285578253
    ],
    [
      112.29424081198343,
      105.17667341153714
    ],
    [
      129.31556281852693,
      100.58530552750885
    ],
    [
      147.08971792543971,
      99.91572066308974
    ]
  ],
  "bboxes": [],
  "categories": [],
  "control_points": [
    [
      77.93707284333769,
      221.03514636901988
    ],
    [
      85.30244332545506,
      82.72985620481587
    ],
    [
      122.53848298504846,
      103.1892186551419
    ],
    [
      147.08971792543971,
      99.91572066308974
    ]
  ]
}