{
  "image_path": "/home/quynhthu/Documents/AI-project/e2e/data/raw/Video_19700101_085820_output_frame_000750.jpg",
  "command": 0,
  "waypoints": [
    [
      159.26605504587155,
      221.2599388379205
    ],
    [
      157.28712198436972,
      209.0818892286782
    ],
    [
      155.30818892286783,
      196.90383961943587
    ],
    [
      153.3292558613659,
      184.72579001019358
    ],
    [
      151.35032279986407,
      172.54774040095128
    ],
    [
      149.37138973836218,
      160.36969079170896
    ],
    [
      147.39245667686032,
      148.19164118246675
    ],
    [
      145.41352361535846,
      136.01359157322452
    ],
    [
      143.43459055385662,
      123.83554196398234
    ],
    [
      141.45565749235473,
      111.65749235474006
    ]
  ],
  "bboxes": [
    [
      126.04281345565748,
      81.1743119266055,
      27.400611620795118,
      31.16819571865443
    ]
  ],
  "categories": [
    3
  ],
  "control_points": []
}