{
  "image_path": "/home/quynhthu/Documents/AI-project/e2e/data/raw/Video_19700101_085820_output_frame_001910_dup2.jpg",
  "command": 0,
  "waypoints": [
    [
      143.8580282666876,
      224.0
    ],
    [
      144.35636969978924,
      211.39378919552152
    ],
    [
      144.87819848162655,
      198.78853028649777
    ],
    [
      145.42795070176317,
      186.1844591118607
    ],
    [
      146.00975893546953,
      173.58182809466692
    ],
    [
      146.6299910900813,
      160.98103165640555
    ],
    [
      147.2979533168057,
      148.382679023459
    ],
    [
      148.0280056115007,
      135.78778283490067
    ],
    [
      148.8543817277684,
      123.19890776983002
    ],
    [
      149.92611413460256,
      110.62855609799179
    ]
  ],
  "bboxes": [
    [
      105.35261852677458,
      105.2351549001745,
      94.9314417695128,
      20.86854969933256
    ]
  ],
  "categories": [
    7
  ],
  "control_points": []
}