{
  "image_path": "/home/quynhthu/Documents/AI-project/e2e/data/raw/Video_19700101_085820_output_frame_001000_dup1.jpg",
  "command": 2,
  "waypoints": [
    [
      112.0,
      212.5
    ],
    [
      117.16807224983994,
      196.9388130847531
    ],
    [
      123.17830506786679,
      181.6859007646981
    ],
    [
      130.4529462302973,
      166.9997907113993
    ],
    [
      139.66176798824108,
      153.4593899904049
    ],
    [
      151.6223536366231,
      142.30781505698494
    ],
    [
      166.29022597925825,
      135.0825880039101
    ],
    [
      182.26098342621512,
      131.45774087143226
    ],
    [
      198.5359370010325,
      129.47888099304384
    ],
    [
      214.82367648546503,
      127.58286109507924
    ]
  ],
  "bboxes": [
    [
      116.7079740061262,
      67.23244787193876,
      5.923966942148766,
      14.069421487603307
    ]
  ],
  "categories": [
    12
  ],
  "control_points": []
}