{
  "image_path": "/home/quynhthu/Documents/AI-project/e2e/data/raw/Video_19700101_085820_output_frame_002260.jpg",
  "command": 1,
  "waypoints": [
    [
      94.7884500067048,
      185.45423100520102
    ],
    [
      96.7604676194434,
      169.0270101316787
    ],
    [
      98.25811883024147,
      152.55167088329466
    ],
    [
      98.50068461997623,
      136.02290936517653
    ],
    [
      95.41487204629385,
      119.8523545799584
    ],
    [
      85.16760237530254,
      107.07434104138417
    ],
    [
      69.87416810413389,
      101.02013382504947
    ],
    [
      53.512790433416924,
      98.70337680234965
    ],
    [
      36.98600935315585,
      98.00670651227738
    ],
    [
      20.44145971212866,
      98.09464536725159
    ]
  ],
  "bboxes": [
    [
      142.0516086961616,
      62.918155991704865,
      14.740624119276731,
      22.780964547973127
    ],
    [
      68.3546403708479,
      105.59227715054939,
      75.69964106620634,
      11.457242972182584
    ]
  ],
  "categories": [
    0,
    7
  ],
  "control_points": []
}