{
  "image_path": "/home/quynhthu/Documents/AI-project/e2e/data/raw/013565d5-frame_3061_jpg.rf.606623a6119d1a71ac91e404e5e9450c.jpg",
  "command": 2,
  "waypoints": [
    [
      110.0,
      223.66666666666666
    ],
    [
      110.51582914563963,
      202.95569255646694
    ],
    [
      112.55983764021398,
      182.3459239253457
    ],
    [
      117.05217504733449,
      162.14484627698607
    ],
    [
      125.68990766007609,
      143.3915784004014
    ],
    [
      140.40211963459586,
      128.98200738909833
    ],
    [
      159.707646793906,
      121.737360487564
    ],
    [
      180.30351831819732,
      119.82311580611375
    ],
    [
      201.00661951755384,
      120.4441784358988
    ],
    [
      221.66666666666666,
      122.0
    ]
  ],
  "bboxes": [
    [
      190.0,
      89.66666666666667,
      16.666666666666668,
      30.666666666666668
    ],
    [
      36.7946064502475,
      148.8688085823931,
      155.11209374373914,
      19.89776129657298
    ]
  ],
  "categories": [
    11,
    7
  ],
  "control_points": []
}