{
  "image_path": "/home/quynhthu/Documents/AI-project/e2e/data/raw/01769b66-frame_949_jpg.rf.2da6194041c2f63498458c18b9aaa2ee.jpg",
  "command": 2,
  "waypoints": [
    [
      90.33333333333333,
      223.33333333333334
    ],
    [
      92.31106618843643,
      200.6503688347748
    ],
    [
      95.8344706627684,
      178.16292051716536
    ],
    [
      102.05694647568804,
      156.29338444529796
    ],
    [
      113.34471171659727,
      136.64892605165485
    ],
    [
      132.03851777728497,
      123.95697172305881
    ],
    [
      154.38895274527826,
      120.09767946896868
    ],
    [
      177.14559903270197,
      120.2728474195829
    ],
    [
      199.8967539139456,
      121.20119927574841
    ],
    [
      222.66666666666666,
      121.33333333333333
    ]
  ],
  "bboxes": [
    [
      183.0,
      90.0,
      26.333333333333332,
      30.0
    ],
    [
      19.157954391921475,
      142.53770271530172,
      155.11209374373917,
      23.51553607776799
    ]
  ],
  "categories": [
    5,
    7
  ],
  "control_points": []
}