{
  "image_path": "/home/quynhthu/Documents/AI-project/e2e/data/raw/01783d05-frame_907_jpg.rf.4cd28b2b8a82d3de312f04a2bd2a5b25.jpg",
  "command": 2,
  "waypoints": [
    [
      56.666666666666664,
      223.33333333333334
    ],
    [
      58.37363502732678,
      200.23336562092686
    ],
    [
      60.93644738016219,
      177.2215247923548
    ],
    [
      66.73906765831006,
      154.8554179203914
    ],
    [
      79.44102945484194,
      135.64425209900213
    ],
    [
      98.91936785627003,
      123.32576154551953
    ],
    [
      121.1131405232098,
      116.85387750167365
    ],
    [
      144.04669741832961,
      113.69334535113701
    ],
    [
      167.1710158978304,
      112.42510721056608
    ],
    [
      190.33333333333337,
      112.33333333333333
    ]
  ],
  "bboxes": [
    [
      145.0,
      87.33333333333333,
      23.333333333333332,
      29.0
    ],
    [
      0.0,
      145.25103380119802,
      144.87562803845057,
      14.018877277130912
    ]
  ],
  "categories": [
    5,
    7
  ],
  "control_points": []
}