{
  "image_path": "/home/quynhthu/Documents/AI-project/e2e/data/raw/034604cf-frame_1925_jpg.rf.ba6a6943454021168b5c1675d9bef66d.jpg",
  "command": 2,
  "waypoints": [
    [
      104.66666666666667,
      221.33333333333334
    ],
    [
      106.54130156982934,
      201.46981782621467
    ],
    [
      109.35588833146177,
      181.72056854045385
    ],
    [
      113.80190180572642,
      162.28334486059182
    ],
    [
      121.32957421181972,
      143.86197648112798
    ],
    [
      134.40561255098288,
      128.95466243048529
    ],
    [
      152.6702499207681,
      121.1956535228862
    ],
    [
      172.43727966224054,
      118.73401705073958
    ],
    [
      192.38103188264125,
      118.29983572658935
    ],
    [
      212.33333333333334,
      118.33333333333333
    ]
  ],
  "bboxes": [
    [
      183.0,
      91.33333333333333,
      28.0,
      31.0
    ],
    [
      30.011278735506725,
      144.79881195354864,
      155.11209374373914,
      19.445539448923597
    ]
  ],
  "categories": [
    6,
    7
  ],
  "control_points": []
}