{
  "image_path": "/home/quynhthu/Documents/AI-project/e2e/data/raw/04933875-frame_3511_jpg.rf.72feaf410f440ea579ee9266fb12c81b.jpg",
  "command": 2,
  "waypoints": [
    [
      114.0,
      222.66666666666666
    ],
    [
      115.45960564588107,
      203.58824682426837
    ],
    [
      118.09222055607384,
      184.64090945593608
    ],
    [
      122.75396980199696,
      166.1026553886981
    ],
    [
      131.02021218626106,
      148.91209854884704
    ],
    [
      144.62334105178672,
      135.6001522856877
    ],
    [
      162.22347107522359,
      128.2836448373546
    ],
    [
      181.09139814086308,
      125.25012714720361
    ],
    [
      200.19872976091867,
      124.32282555779928
    ],
    [
      219.33333333333334,
      124.33333333333333
    ]
  ],
  "bboxes": [
    [
      202.66666666666666,
      90.0,
      20.0,
      37.666666666666664
    ],
    [
      36.7946064502475,
      154.7476926018351,
      160.53875591553177,
      21.706648687170514
    ]
  ],
  "categories": [
    9,
    7
  ],
  "control_points": []
}