{
  "image_path": "/home/quynhthu/Documents/AI-project/e2e/data/raw/04933875-frame_3511_jpg.rf.bb6d5629525fe470a85c97b2b15c8242.jpg",
  "command": 2,
  "waypoints": [
    [
      114.0,
      222.66666666666666
    ],
    [
      115.4596072648232,
      203.58823180412458
    ],
    [
      118.09222638504494,
      184.64087953262228
    ],
    [
      122.75397724853299,
      166.10263485638612
    ],
    [
      131.0200584973606,
      148.91231519534045
    ],
    [
      144.6235470989131,
      135.60001765721202
    ],
    [
      162.2234976088583,
      128.28363740946207
    ],
    [
      181.09136755437606,
      125.2501303356484
    ],
    [
      200.1987146101754,
      124.32282591933975
    ],
    [
      219.33333333333334,
      124.33333333333333
    ]
  ],
  "bboxes": [
    [
      204.66666666666666,
      90.66666666666667,
      18.666666666666668,
      33.333333333333336
    ],
    [
      33.6290535167018,
      153.84324890653633,
      162.79986515377868,
      18.08887390597542
    ]
  ],
  "categories": [
    9,
    7
  ],
  "control_points": []
}