{
  "image_path": "/home/quynhthu/Documents/AI-project/e2e/data/raw/0501ac4e-frame_1021_jpg.rf.60f1ed6fcb8c951e507f64d2ffa4da81.jpg",
  "command": 1,
  "waypoints": [
    [
      104.33333333333333,
      223.66666666666666
    ],
    [
      103.03011713126219,
      204.36860199745018
    ],
    [
      100.4550791549657,
      185.20442475261964
    ],
    [
      95.67580111843992,
      166.48192717972356
    ],
    [
      87.31276779813582,
      149.09283514256143
    ],
    [
      74.3534931551157,
      134.82482285082375
    ],
    [
      57.73196144762925,
      125.03820318463453
    ],
    [
      39.33413677943168,
      119.15222638292502
    ],
    [
      20.27768367738757,
      115.89640110066897
    ],
    [
      1.0,
      114.33333333333333
    ]
  ],
  "bboxes": [
    [
      196.66666666666666,
      94.33333333333333,
      26.666666666666668,
      40.666666666666664
    ],
    [
      20.062398087220245,
      160.6265766212771,
      163.70430884907745,
      17.184430210676595
    ]
  ],
  "categories": [
    5,
    7
  ],
  "control_points": []
}