{
  "image_path": "/home/quynhthu/Documents/AI-project/e2e/data/raw/06719aad-frame_2579_jpg.rf.90e6d145ed270624eeabc3e44bc784fc.jpg",
  "command": 1,
  "waypoints": [
    [
      90.66666666666667,
      223.33333333333334
    ],
    [
      90.93199784862264,
      204.54150279642212
    ],
    [
      90.45616589880376,
      185.75659982685727
    ],
    [
      88.3938282647104,
      167.090462407291
    ],
    [
      83.0589712140527,
      149.12418912115197
    ],
    [
      72.16603170659853,
      133.9314190682326
    ],
    [
      56.26450814631542,
      124.07017546687011
    ],
    [
      38.29964257473165,
      118.6612531857174
    ],
    [
      19.736097605484296,
      115.7871021313884
    ],
    [
      0.999999999999981,
      114.33333333333333
    ]
  ],
  "bboxes": [
    [
      191.66666666666666,
      100.66666666666667,
      30.0,
      38.666666666666664
    ],
    [
      7.852408200686847,
      161.0787984689265,
      167.77430547792193,
      17.636652058326035
    ]
  ],
  "categories": [
    8,
    7
  ],
  "control_points": []
}