{
  "image_path": "/home/quynhthu/Documents/AI-project/e2e/data/raw/0694a4ab-frame_4415_jpg.rf.67c9eff3eb6243b853620ebcdc058d61.jpg",
  "command": 1,
  "waypoints": [
    [
      111.33333333333333,
      223.0
    ],
    [
      109.8511876948347,
      202.93788323284508
    ],
    [
      106.92449122833746,
      183.04207957098438
    ],
    [
      101.52067647583505,
      163.68907416627286
    ],
    [
      92.1072357736407,
      145.9730100652811
    ],
    [
      77.80216513269461,
      131.9310188479262
    ],
    [
      60.038771943636235,
      122.59149537447342
    ],
    [
      40.781672481862834,
      116.83779466002791
    ],
    [
      20.988054475367495,
      113.27520008690921
    ],
    [
      1.0,
      111.0
    ]
  ],
  "bboxes": [
    [
      180.33333333333334,
      89.33333333333333,
      30.333333333333332,
      36.666666666666664
    ],
    [
      26.39350395431164,
      156.10435814478328,
      156.92098113433667,
      20.349983144222335
    ]
  ],
  "categories": [
    0,
    7
  ],
  "control_points": []
}