{
  "image_path": "/home/quynhthu/Documents/AI-project/e2e/data/raw/0811abcb-frame_7211_jpg.rf.5ed870b1eabd48ebd297e4ef11579630.jpg",
  "command": 0,
  "waypoints": [
    [
      131.66666666666666,
      224.0
    ],
    [
      130.2068743500607,
      210.20747924978062
    ],
    [
      128.69442313828083,
      196.42063233511678
    ],
    [
      127.13332326846796,
      182.6392079578609
    ],
    [
      125.52706918530964,
      168.8629724851156
    ],
    [
      123.87860214042456,
      155.09172374933613
    ],
    [
      122.19052013310868,
      141.32527419145302
    ],
    [
      120.46536464147601,
      127.56342062399115
    ],
    [
      118.70799750269735,
      113.80564181289189
    ],
    [
      117.33333333333333,
      102.33333333333333
    ]
  ],
  "bboxes": [
    [
      56.666666666666664,
      119.66666666666667,
      127.0,
      21.666666666666668
    ],
    [
      156.0,
      53.666666666666664,
      10.333333333333334,
      15.333333333333334
    ],
    [
      134.0,
      45.0,
      8.333333333333334,
      11.0
    ]
  ],
  "categories": [
    7,
    6,
    8
  ],
  "control_points": [
    [
      131.66666666666666,
      224.0
    ],
    [
      124.33333333333333,
      153.33333333333334
    ],
    [
      115.66666666666667,
      92.0
    ],
    [
      117.33333333333333,
      102.33333333333333
    ]
  ]
}