{
  "image_path": "/home/quynhthu/Documents/AI-project/e2e/data/raw/08306448-frame_8001_jpg.rf.a70e2153f2d2004e9c8fb8a8001a921e.jpg",
  "command": 1,
  "waypoints": [
    [
      95.33333333333333,
      223.0
    ],
    [
      92.62090661510682,
      205.12429776318208
    ],
    [
      88.35675941965712,
      187.55645519302473
    ],
    [
      82.22962220691443,
      170.55245610623612
    ],
    [
      73.92961010849889,
      154.50260757118212
    ],
    [
      63.226604503352185,
      139.95194885102518
    ],
    [
      50.119291783741296,
      127.52943875276925
    ],
    [
      34.934009596714326,
      117.75583977128832
    ],
    [
      18.24601640604723,
      110.84359433849903
    ],
    [
      0.6666666666666666,
      106.66666666666667
    ]
  ],
  "bboxes": [
    [
      198.33333333333334,
      107.33333333333333,
      24.666666666666668,
      42.666666666666664
    ]
  ],
  "categories": [
    13
  ],
  "control_points": [
    [
      95.33333333333333,
      223.0
    ],
    [
      85.33333333333333,
      134.33333333333334
    ],
    [
      35.333333333333336,
      112.33333333333333
    ],
    [
      0.6666666666666666,
      106.66666666666667
    ]
  ]
}