{
  "image_path": "/home/quynhthu/Documents/AI-project/e2e/data/raw/107777ad-frame_7_jpg.rf.465675fe36c321da8c7e2f17ff6f545b.jpg",
  "command": 2,
  "waypoints": [
    [
      89.33333333333333,
      223.66666666666666
    ],
    [
      91.76044931035507,
      202.12703926411513
    ],
    [
      95.76319765800459,
      180.83377703912294
    ],
    [
      102.82895358583202,
      160.38764994965314
    ],
    [
      115.4611342927555,
      142.905963734924
    ],
    [
      134.03756266143057,
      131.95021656219063
    ],
    [
      155.07867923197188,
      126.92854549638845
    ],
    [
      176.65510700911457,
      124.9443798148972
    ],
    [
      198.3224279510859,
      124.33881025508737
    ],
    [
      220.0,
      124.33333333333333
    ]
  ],
  "bboxes": [
    [
      182.33333333333334,
      88.66666666666667,
      26.333333333333332,
      33.0
    ],
    [
      6.495742657738689,
      162.88768585952403,
      172.74874580206514,
      13.114433581832202
    ]
  ],
  "categories": [
    10,
    7
  ],
  "control_points": []
}