{
  "image_path": "/home/quynhthu/Documents/AI-project/e2e/data/raw/1103eba8-frame_3373_jpg.rf.7ce02e4810a2b0cd619775500cfea517.jpg",
  "command": 1,
  "waypoints": [
    [
      89.33333333333333,
      223.66666666666666
    ],
    [
      91.76045283975766,
      202.12701575767773
    ],
    [
      95.76321021742353,
      180.8337297017694
    ],
    [
      102.8288806456531,
      160.3877919231472
    ],
    [
      115.46112416815117,
      142.90597306324872
    ],
    [
      134.03774719468564,
      131.95014312022576
    ],
    [
      155.07861322796546,
      126.92855634595035
    ],
    [
      176.65506069537338,
      124.9443825827501
    ],
    [
      198.32240469697138,
      124.33881058115028
    ],
    [
      220.0,
      124.33333333333333
    ]
  ],
  "bboxes": [
    [
      209.33333333333334,
      90.66666666666667,
      14.333333333333334,
      32.0
    ],
    [
      45.38682155558582,
      148.4165867347437,
      158.27764667728485,
      23.515536077768047
    ]
  ],
  "categories": [
    9,
    7
  ],
  "control_points": []
}