{
  "image_path": "/home/quynhthu/Documents/AI-project/e2e/data/raw/1406055a-frame_3997_jpg.rf.271856341fd42d6bfc028c912a22ac84.jpg",
  "command": 2,
  "waypoints": [
    [
      103.0,
      223.66666666666666
    ],
    [
      105.24146649341574,
      204.55458871885122
    ],
    [
      110.19209213510034,
      185.975803588854
    ],
    [
      118.56382471620502,
      168.68219427805738
    ],
    [
      130.7331572691807,
      153.82829092775722
    ],
    [
      146.23881528644515,
      142.4983170339464
    ],
    [
      163.90634150447738,
      134.93808375688099
    ],
    [
      182.6379668176154,
      130.5818575038752
    ],
    [
      201.77140076717754,
      128.53756608330494
    ],
    [
      221.0,
      127.66666666666667
    ]
  ],
  "bboxes": [
    [
      186.33333333333334,
      96.66666666666667,
      35.0,
      40.666666666666664
    ],
    [
      6.947964505388073,
      175.0976757460574,
      186.7676230791961,
      18.088873905975447
    ]
  ],
  "categories": [
    0,
    7
  ],
  "control_points": []
}