{
  "image_path": "/home/quynhthu/Documents/AI-project/e2e/data/raw/1406055a-frame_3997_jpg.rf.d16e425e46deca3b7762511dc99a3c1a.jpg",
  "command": 2,
  "waypoints": [
    [
      103.0,
      223.66666666666666
    ],
    [
      105.23161590996537,
      204.4423409772895
    ],
    [
      110.0136855621919,
      185.704411446389
    ],
    [
      118.13766608794114,
      168.17156273647984
    ],
    [
      130.1390683505803,
      153.04486383247595
    ],
    [
      145.6724433566156,
      141.5753524961791
    ],
    [
      163.4921867266849,
      134.1013355048621
    ],
    [
      182.38218213207023,
      129.95229037692144
    ],
    [
      201.6481794444975,
      128.13698793754554
    ],
    [
      221.0,
      127.66666666666667
    ]
  ],
  "bboxes": [
    [
      188.0,
      98.33333333333333,
      32.666666666666664,
      37.666666666666664
    ],
    [
      6.043520810089304,
      172.8365665078105,
      192.19428525098874,
      22.158870534819897
    ]
  ],
  "categories": [
    0,
    7
  ],
  "control_points": []
}