{
  "image_path": "/home/quynhthu/Documents/AI-project/e2e/data/raw/1472f5f0-frame_4149_jpg.rf.54e782e184db1af0be8001eb6ace641d.jpg",
  "command": 2,
  "waypoints": [
    [
      96.66666666666667,
      223.0
    ],
    [
      99.6071190591632,
      203.0755752981619
    ],
    [
      104.78489059747793,
      183.62515291822095
    ],
    [
      113.10058118055346,
      165.31485538778574
    ],
    [
      125.47783996714708,
      149.49514903687816
    ],
    [
      141.89057517453136,
      137.92890861709748
    ],
    [
      160.832355297091,
      131.20672972981905
    ],
    [
      180.73343615431054,
      128.21579995771438
    ],
    [
      200.85749871431972,
      127.4505489592844
    ],
    [
      221.0,
      127.66666666666667
    ]
  ],
  "bboxes": [
    [
      183.66666666666666,
      97.66666666666667,
      29.666666666666668,
      36.666666666666664
    ],
    [
      1.0690804859460665,
      166.95768248836853,
      198.9776129657295,
      21.706648687170457
    ]
  ],
  "categories": [
    0,
    7
  ],
  "control_points": []
}