{
  "image_path": "/home/quynhthu/Documents/AI-project/e2e/data/raw/1472f5f0-frame_4149_jpg.rf.ae7ebd6a6ea5f780e6041d787a265f5b.jpg",
  "command": 2,
  "waypoints": [
    [
      96.66666666666667,
      223.0
    ],
    [
      99.57910347242463,
      203.0914094764677
    ],
    [
      104.68791450945935,
      183.64312427797952
    ],
    [
      112.93909040043198,
      165.32659689749266
    ],
    [
      125.34285313283453,
      149.55694120690575
    ],
    [
      141.86942304127805,
      138.19325243181981
    ],
    [
      160.88048399428078,
      131.72762825587776
    ],
    [
      180.77857794129886,
      128.83519319862248
    ],
    [
      200.87720589495865,
      127.90009323405978
    ],
    [
      221.0,
      127.66666666666667
    ]
  ],
  "bboxes": [
    [
      182.33333333333334,
      95.33333333333333,
      31.0,
      37.666666666666664
    ],
    [
      4.234633419491761,
      171.027679117213,
      187.67206677449488,
      18.993317601274157
    ]
  ],
  "categories": [
    0,
    7
  ],
  "control_points": []
}