{
  "image_path": "/home/quynhthu/Documents/AI-project/e2e/data/raw/1569_Color_jpg.rf.cd84282f6dbd5c34ddbe792c0ccf47c5.jpg",
  "command": 2,
  "waypoints": [
    [
      109.0,
      223.0
    ],
    [
      109.70993593373852,
      206.17840285068485
    ],
    [
      110.45913566013098,
      189.35850935775622
    ],
    [
      111.25019309508589,
      172.540533034481
    ],
    [
      112.08487404170346,
      155.7246654407801
    ],
    [
      112.9624919318889,
      138.91098351159243
    ],
    [
      113.87780428227062,
      122.09930993012364
    ],
    [
      114.81791749011467,
      105.28900285554666
    ],
    [
      115.75913238130835,
      88.47875741521433
    ],
    [
      116.66666666666667,
      71.66666666666667
    ]
  ],
  "bboxes": [
    [
      162.66666666666666,
      23.0,
      14.666666666666666,
      23.0
    ],
    [
      159.66666666666666,
      28.0,
      62.333333333333336,
      48.666666666666664
    ]
  ],
  "categories": [
    8,
    3
  ],
  "control_points": [
    [
      109.0,
      223.0
    ],
    [
      112.0,
      150.0
    ],
    [
      114.66666666666667,
      110.0
    ],
    [
      116.66666666666667,
      71.66666666666667
    ]
  ]
}