{
  "image_path": "/home/quynhthu/Documents/AI-project/e2e/data/raw/15698f2e-frame_115_jpg.rf.36a0a4d8f4b1caa6a36b5c0b3b3c3614.jpg",
  "command": 2,
  "waypoints": [
    [
      98.33333333333333,
      223.0
    ],
    [
      100.46414299003398,
      203.34712535397964
    ],
    [
      105.20364245314597,
      184.16849527471152
    ],
    [
      113.67660919128782,
      166.351907157613
    ],
    [
      126.78455486278274,
      151.65290105139795
    ],
    [
      143.82381444114424,
      141.75700321951544
    ],
    [
      162.83308471725172,
      136.42067717955499
    ],
    [
      182.46340783087885,
      134.09719433606696
    ],
    [
      202.2248402801777,
      133.33595491714004
    ],
    [
      222.0,
      133.0
    ]
  ],
  "bboxes": [
    [
      197.0,
      97.0,
      25.666666666666668,
      41.666666666666664
    ]
  ],
  "categories": [
    10
  ],
  "control_points": [
    [
      98.33333333333333,
      223.0
    ],
    [
      103.66666666666667,
      128.33333333333334
    ],
    [
      165.33333333333334,
      134.33333333333334
    ],
    [
      222.0,
      133.0
    ]
  ]
}