{
  "image_path": "/home/quynhthu/Documents/AI-project/e2e/data/raw/15698f2e-frame_115_jpg.rf.e7b577eff64bb3b593b860b42b4a278b.jpg",
  "command": 1,
  "waypoints": [
    [
      87.66666666666667,
      222.33333333333334
    ],
    [
      87.49605556714796,
      204.5993413724517
    ],
    [
      86.91838514299798,
      186.87557078001726
    ],
    [
      84.85304206949894,
      169.27416236658604
    ],
    [
      79.31425499203046,
      152.48907148181226
    ],
    [
      68.30563830172515,
      138.74016255568083
    ],
    [
      53.06415270049809,
      129.80778617598278
    ],
    [
      36.13344883855404,
      124.60107893582979
    ],
    [
      18.65778330916855,
      121.62215708935078
    ],
    [
      1.0,
      120.0
    ]
  ],
  "bboxes": [
    [
      196.66666666666666,
      97.33333333333333,
      26.0,
      41.333333333333336
    ]
  ],
  "categories": [
    10
  ],
  "control_points": [
    [
      87.66666666666667,
      222.33333333333334
    ],
    [
      87.0,
      158.66666666666666
    ],
    [
      90.33333333333333,
      125.66666666666667
    ],
    [
      1.0,
      120.0
    ]
  ]
}