{
  "image_path": "/home/quynhthu/Documents/AI-project/e2e/data/raw/1589_Color_jpg.rf.d76a8066de9086b81dc8e4cb82cb775c_dup1.jpg",
  "command": 3,
  "waypoints": [
    [
      74.33333333333333,
      222.0
    ],
    [
      75.56955632978143,
      204.23020334410467
    ],
    [
      76.79877685598163,
      186.45992108064135
    ],
    [
      78.01365190569682,
      168.68865312001188
    ],
    [
      79.19441446437914,
      150.91509163343338
    ],
    [
      80.28746584181441,
      133.13595120925007
    ],
    [
      81.27634144801446,
      115.3506817008991
    ],
    [
      82.26736668311572,
      97.56552748955903
    ],
    [
      83.28879171035058,
      79.78209278589834
    ],
    [
      84.33333333333333,
      62.00000000000002
    ]
  ],
  "bboxes": [
    [
      112.66666666666667,
      1.0,
      9.666666666666666,
      15.333333333333334
    ]
  ],
  "categories": [
    8
  ],
  "control_points": [
    [
      74.33333333333333,
      222.0
    ],
    [
      82.0,
      112.0
    ],
    [
      79.0,
      152.0
    ],
    [
      84.33333333333333,
      62.0
    ]
  ]
}