{
  "image_path": "/home/quynhthu/Documents/AI-project/e2e/data/raw/1591_Color_jpg.rf.5147a8b21f2844ebf91805b24a962add.jpg",
  "command": 0,
  "waypoints": [
    [
      65.10412605366001,
      223.85562044421297
    ],
    [
      66.30854660232127,
      205.7590018143993
    ],
    [
      67.5237846981525,
      187.66310660345994
    ],
    [
      68.75542137127523,
      169.56832068616075
    ],
    [
      70.01486539580064,
      151.4754512971239
    ],
    [
      71.33247942839807,
      133.38673953952403
    ],
    [
      72.75856144629444,
      115.30625713757377
    ],
    [
      74.0925773573339,
      97.21879071824141
    ],
    [
      75.32671594382616,
      79.12418129854792
    ],
    [
      76.52422554044169,
      61.02710518106755
    ]
  ],
  "bboxes": [
    [
      106.36384032848419,
      2.821436829083449,
      10.314928568706042,
      16.945954077159932
    ]
  ],
  "categories": [
    8
  ],
  "control_points": [
    [
      65.10412605366001,
      223.85562044421297
    ],
    [
      74.3138837042904,
      84.97247507270659
    ],
    [
      70.62998064403824,
      150.91433985122023
    ],
    [
      76.52422554044169,
      61.02710518106756
    ]
  ]
}