{
  "image_path": "/home/quynhthu/Documents/AI-project/e2e/data/raw/1591_Color_jpg.rf.8ba4b7501fbc742697d633dbd7bf99f6.jpg",
  "command": 2,
  "waypoints": [
    [
      65.10412605366001,
      223.85562044421297
    ],
    [
      66.308546321697,
      205.75900601281373
    ],
    [
      67.52378412220595,
      187.66311512356958
    ],
    [
      68.75542047662269,
      169.56833368676874
    ],
    [
      70.0148640744978,
      151.47546986078729
    ],
    [
      71.33247775747348,
      133.3867615922528
    ],
    [
      72.75855980591416,
      115.30627858777841
    ],
    [
      74.09257831927427,
      97.21877714851523
    ],
    [
      75.32671622282211,
      79.12417714300679
    ],
    [
      76.52422554044169,
      61.02710518106755
    ]
  ],
  "bboxes": [
    [
      104.89027910438331,
      1.7162659110078013,
      13.630441322932995,
      18.05112499523558
    ]
  ],
  "categories": [
    8
  ],
  "control_points": []
}