{
  "image_path": "/home/quynhthu/Documents/AI-project/e2e/data/raw/1592_Color_jpg.rf.05055b2ce744e8d564ebcb53aa7d9a47_dup1.jpg",
  "command": 2,
  "waypoints": [
    [
      60.683442381357416,
      223.48723013818778
    ],
    [
      62.35259605825126,
      206.06018497327148
    ],
    [
      64.00556647974075,
      188.63159787353064
    ],
    [
      65.63355167342202,
      171.20066063869464
    ],
    [
      67.21795957070943,
      153.76571468937837
    ],
    [
      68.70595426358693,
      136.3223213831633
    ],
    [
      70.00365072819794,
      118.86374590901742
    ],
    [
      71.44566329350182,
      101.41657668255125
    ],
    [
      73.03599248177208,
      83.9821774919532
    ],
    [
      74.68227401031562,
      66.5529597714458
    ]
  ],
  "bboxes": [
    [
      100.83798573810594,
      3.9266077471590966,
      13.998831628958214,
      18.05112499523558
    ]
  ],
  "categories": [
    8
  ],
  "control_points": [
    [
      60.683442381357416,
      223.48723013818778
    ],
    [
      73.57710309223997,
      89.39315874500919
    ],
    [
      66.20929697173565,
      155.33502352352284
    ],
    [
      74.68227401031562,
      66.5529597714458
    ]
  ]
}