{
  "image_path": "/home/quynhthu/Documents/AI-project/e2e/data/raw/1597_Color_jpg.rf.0ad52a699ee78a393e1be799edc442fd_dup3.jpg",
  "command": 2,
  "waypoints": [
    [
      39.68519493792011,
      224.22401075023822
    ],
    [
      41.89167346000616,
      206.86264700674204
    ],
    [
      44.08882398780341,
      189.5001005314809
    ],
    [
      46.272875015488744,
      172.13590176816112
    ],
    [
      48.43692080452539,
      154.76919958194665
    ],
    [
      50.567648926041166,
      137.39837965846024
    ],
    [
      52.755079221508076,
      120.03465222324411
    ],
    [
      55.139961730686274,
      102.69693503652121
    ],
    [
      57.544442541649,
      85.36188496585267
    ],
    [
      59.946661769306985,
      68.02652099554666
    ]
  ],
  "bboxes": [
    [
      94.20696022965205,
      9.08407203151212,
      12.893660710882557,
      21.735028055487742
    ]
  ],
  "categories": [
    8
  ],
  "control_points": []
}