{
  "image_path": "/home/quynhthu/Documents/AI-project/e2e/data/raw/1601_Color_jpg.rf.9d90c41aed6624b41c02ecf3ac009cf1_dup2.jpg",
  "command": 0,
  "waypoints": [
    [
      49.472543645729225,
      224.72480896470014
    ],
    [
      52.06697626472726,
      207.82566645586925
    ],
    [
      54.649331716362916,
      190.92467454666374
    ],
    [
      57.21663598609082,
      174.0213900337394
    ],
    [
      59.76523182161828,
      157.11527491373153
    ],
    [
      62.292737743830756,
      140.20599349548402
    ],
    [
      64.81399801476157,
      123.29578537719236
    ],
    [
      67.41529658201495,
      106.39773197315031
    ],
    [
      70.1620831699576,
      89.52271614012425
    ],
    [
      72.9845467403125,
      72.660165573759
    ]
  ],
  "bboxes": [
    [
      108.40522672695742,
      11.895378355290518,
      13.13007965022183,
      23.51200309458327
    ]
  ],
  "categories": [
    8
  ],
  "control_points": []
}