{
  "image_path": "/home/quynhthu/Documents/AI-project/e2e/data/raw/1603_Color_jpg.rf.2fbbaea93c9667a6691337c4707a12ba_dup1.jpg",
  "command": 0,
  "waypoints": [
    [
      54.052803988829865,
      225.64086103332028
    ],
    [
      56.5180757298684,
      209.2279659770458
    ],
    [
      58.983093652192245,
      192.81503279883088
    ],
    [
      61.44739691209352,
      176.40199230590272
    ],
    [
      63.909940285717546,
      159.98868769062844
    ],
    [
      66.367839162597,
      143.5746870454323
    ],
    [
      68.80925710481019,
      127.15822943491828
    ],
    [
      71.14327220349054,
      110.72628024244042
    ],
    [
      73.41096358607416,
      94.28493759685728
    ],
    [
      75.73270294617288,
      77.85112729593973
    ]
  ],
  "bboxes": [
    [
      115.4282925863784,
      13.727482492530772,
      13.13007965022183,
      23.512003094583275
    ]
  ],
  "categories": [
    8
  ],
  "control_points": [
    [
      54.052803988829865,
      225.64086103332028
    ],
    [
      76.34340432525296,
      77.24042591685962
    ],
    [
      66.57218225997161,
      142.28012278888866
    ],
    [
      75.73270294617288,
      77.8511272959397
    ]
  ]
}