{
  "image_path": "/home/quynhthu/Documents/AI-project/e2e/data/raw/1603_Color_jpg.rf.14b1809a2257348d66091876e0f3a857_dup2.jpg",
  "command": 1,
  "waypoints": [
    [
      54.052803988829865,
      225.64086103332028
    ],
    [
      56.57514772455134,
      209.23628638483623
    ],
    [
      59.09385178267617,
      192.83115256081095
    ],
    [
      61.607016439095986,
      176.4251693151613
    ],
    [
      64.11082895200558,
      160.01775657525934
    ],
    [
      66.59596987605768,
      143.60750837527664
    ],
    [
      69.03019211068343,
      127.18968646788277
    ],
    [
      71.24122476075154,
      110.74031544405513
    ],
    [
      73.42599042204367,
      94.28739432353913
    ],
    [
      75.73270294617288,
      77.8511272959397
    ]
  ],
  "bboxes": [
    [
      114.81759120729832,
      14.948885250690942,
      14.046131718841949,
      21.67989895734302
    ]
  ],
  "categories": [
    8
  ],
  "control_points": []
}