{
  "image_path": "/home/quynhthu/Documents/AI-project/e2e/data/raw/1603_Color_jpg.rf.2fbbaea93c9667a6691337c4707a12ba.jpg",
  "command": 2,
  "waypoints": [
    [
      54.052803988829865,
      225.64086103332028
    ],
    [
      56.57515341740233,
      209.23624933419973
    ],
    [
      59.093863149381406,
      192.83107844459425
    ],
    [
      61.60703344169326,
      176.42505811609306
    ],
    [
      64.11085151695282,
      160.01760815847527
    ],
    [
      66.59599792574441,
      143.60732125718195
    ],
    [
      69.03022927499687,
      127.18942396601152
    ],
    [
      71.24122571575877,
      110.74030829034807
    ],
    [
      73.4259849674897,
      94.28743421095324
    ],
    [
      75.73270294617288,
      77.8511272959397
    ]
  ],
  "bboxes": [
    [
      114.20688982821824,
      12.506079734370603,
      14.351482408381997,
      26.565509989983703
    ]
  ],
  "categories": [
    8
  ],
  "control_points": [
    [
      54.052803988829865,
      225.64086103332028
    ],
    [
      76.64875501479301,
      78.76717936455982
    ],
    [
      66.57218225997161,
      142.28012278888866
    ],
    [
      75.73270294617288,
      77.8511272959397
    ]
  ]
}