{
  "image_path": "/home/quynhthu/Documents/AI-project/e2e/data/raw/1604_Color_jpg.rf.7d273399d8f8fd341743a1d40e47bacf.jpg",
  "command": 0,
  "waypoints": [
    [
      58.93841502147054,
      223.80875689608
    ],
    [
      61.14923399802201,
      207.68895690829683
    ],
    [
      63.35618802930646,
      191.56862735401435
    ],
    [
      65.55822084503382,
      175.4476248633325
    ],
    [
      67.75363661708892,
      159.32571998922532
    ],
    [
      69.93969916964929,
      143.20254427412203
    ],
    [
      72.11562472718515,
      127.07800456732161
    ],
    [
      74.37760097078355,
      110.96532567125584
    ],
    [
      76.73679720212976,
      94.86658189073727
    ],
    [
      79.09156053111334,
      78.7671793645598
    ]
  ],
  "bboxes": [
    [
      115.73364327591845,
      14.6435345611509,
      16.488937235162282,
      24.428055163203403
    ]
  ],
  "categories": [
    8
  ],
  "control_points": []
}