{
  "image_path": "/home/quynhthu/Documents/AI-project/e2e/data/raw/1605_Color_jpg.rf.b9bb568327aa216afe74f3e3e92b3e3a.jpg",
  "command": 0,
  "waypoints": [
    [
      53.13675192020973,
      223.19805551699994
    ],
    [
      55.92664565506425,
      207.68149132465695
    ],
    [
      58.729982293335766,
      192.16735053420814
    ],
    [
      61.55177510019082,
      176.65655676899217
    ],
    [
      64.40173024990084,
      161.15091503842325
    ],
    [
      67.30147220970598,
      145.65451691599802
    ],
    [
      70.32338660791893,
      130.18158441788077
    ],
    [
      73.40029922860299,
      114.72002220843886
    ],
    [
      76.12755268763357,
      99.19237657394373
    ],
    [
      78.78620984157331,
      83.6527903972005
    ]
  ],
  "bboxes": [
    [
      118.78715017131887,
      17.08634007747124,
      14.962183787462095,
      22.901301715503187
    ]
  ],
  "categories": [
    8
  ],
  "control_points": [
    [
      53.13675192020973,
      223.19805551699994
    ],
    [
      78.17550846249323,
      83.6527903972005
    ],
    [
      66.57218225997161,
      155.4102024391105
    ],
    [
      78.78620984157331,
      83.6527903972005
    ]
  ]
}