{
  "image_path": "/home/quynhthu/Documents/AI-project/e2e/data/raw/18413e69-frame_7021_jpg.rf.3a20b95a87e0b30289f586f19947c013_dup1.jpg",
  "command": 3,
  "waypoints": [
    [
      102.9289256198347,
      223.62975206611569
    ],
    [
      103.92260497993264,
      206.15922875753694
    ],
    [
      104.85245500477781,
      188.68520356368026
    ],
    [
      105.68738324025492,
      171.20640212618108
    ],
    [
      106.3884758876186,
      153.72173482965763
    ],
    [
      106.94699862494689,
      136.23191511825004
    ],
    [
      107.44034244641209,
      118.74011174234141
    ],
    [
      107.96710561543138,
      101.24928548995445
    ],
    [
      108.56267079202209,
      83.76067076249666
    ],
    [
      109.22314049586777,
      66.27438016528926
    ]
  ],
  "bboxes": [
    [
      185.86446280991734,
      81.82479338842975,
      27.398347107438013,
      34.06280991735537
    ],
    [
      143.28595041322313,
      52.945454545454545,
      11.107438016528931,
      14.0694214876033
    ],
    [
      39.507937536143814,
      117.66550109458551,
      130.69211397067232,
      15.827764667728488
    ]
  ],
  "categories": [
    5,
    6,
    7
  ],
  "control_points": []
}