{
  "image_path": "/home/quynhthu/Documents/AI-project/e2e/data/raw/1858fdc5-frame_385_jpg.rf.0ca2192dc24e2a869e0f7c73d5ff8624.jpg",
  "command": 3,
  "waypoints": [
    [
      115.48120794124053,
      224.0
    ],
    [
      115.83293604496784,
      213.08949937247493
    ],
    [
      116.18466414869513,
      202.17899874494987
    ],
    [
      116.5363922524224,
      191.26849811742483
    ],
    [
      116.88812035614976,
      180.35799748989976
    ],
    [
      117.23984845987704,
      169.4474968623747
    ],
    [
      117.59157656360433,
      158.53699623484962
    ],
    [
      117.94330466733163,
      147.62649560732456
    ],
    [
      118.29503277105893,
      136.71599497979952
    ],
    [
      118.64676087478624,
      125.80549435227445
    ]
  ],
  "bboxes": [
    [
      19.157954391921475,
      165.60101694542033,
      171.8443021067664,
      21.254426839521102
    ],
    [
      199.1422497563768,
      104.55106751275335,
      21.706648687170485,
      40.69996628844467
    ]
  ],
  "categories": [
    7,
    13
  ],
  "control_points": [
    [
      115.48120794124053,
      224.0
    ],
    [
      116.52584040931062,
      191.59581313625057
    ],
    [
      117.5704728773807,
      159.19162627250114
    ],
    [
      118.64676087478624,
      125.80549435227445
    ]
  ]
}