{
  "image_path": "/home/quynhthu/Documents/AI-project/e2e/data/raw/1871b40b-frame_1989_jpg.rf.daad3202cb695226de58763f04e3e254.jpg",
  "command": 2,
  "waypoints": [
    [
      94.41322314049586,
      224.0
    ],
    [
      95.71325441653761,
      205.26550921484517
    ],
    [
      98.029804565914,
      186.63419000982543
    ],
    [
      102.38150503373276,
      168.38995208549446
    ],
    [
      110.80861991574328,
      151.69276668553195
    ],
    [
      125.00097491277552,
      139.55563805903844
    ],
    [
      142.5566440775973,
      133.0446725507541
    ],
    [
      161.0292585937304,
      129.7356079556847
    ],
    [
      179.71401545384487,
      127.86851794538057
    ],
    [
      198.45289256198345,
      126.62479338842975
    ]
  ],
  "bboxes": [
    [
      196.97190082644627,
      102.9289256198347,
      26.287603305785126,
      46.280991735537185
    ],
    [
      0.0,
      184.14211269904513,
      195.97669682283112,
      16.279986515377857
    ]
  ],
  "categories": [
    6,
    7
  ],
  "control_points": []
}