{
  "image_path": "/home/quynhthu/Documents/AI-project/e2e/data/raw/18816473-frame_847_jpg.rf.77759f01a396adb09e1fb5406f316f1d.jpg",
  "command": 2,
  "waypoints": [
    [
      109.22314049586777,
      223.2595041322314
    ],
    [
      111.57579429751338,
      205.56330505412873
    ],
    [
      114.69902687433525,
      187.98892984142853
    ],
    [
      119.125804480303,
      170.7030365068684
    ],
    [
      125.86668448961623,
      154.20342074436365
    ],
    [
      136.4808572746613,
      139.93344722471832
    ],
    [
      151.40149576770315,
      130.2704803925414
    ],
    [
      168.5022160589546,
      125.27724918674762
    ],
    [
      186.191241103978,
      122.94072549706281
    ],
    [
      204.0066115702479,
      121.81157024793387
    ]
  ],
  "bboxes": [
    [
      204.0066115702479,
      95.15371900826446,
      19.252892561983487,
      37.02479338842974
    ],
    [
      19.610176239570862,
      163.3399077071734,
      169.58319286851946,
      16.279986515377857
    ]
  ],
  "categories": [
    5,
    7
  ],
  "control_points": []
}