{
  "image_path": "/home/quynhthu/Documents/AI-project/e2e/data/raw/18816473-frame_847_jpg.rf.77759f01a396adb09e1fb5406f316f1d_dup1.jpg",
  "command": 1,
  "waypoints": [
    [
      108.48264462809917,
      224.0
    ],
    [
      106.10167099234218,
      204.28047772279126
    ],
    [
      103.0438150721942,
      184.6564536929795
    ],
    [
      98.6675388273455,
      165.29158881642488
    ],
    [
      91.56990883320856,
      146.78768149859496
    ],
    [
      79.21736133396644,
      131.371496512603
    ],
    [
      61.59582356239347,
      122.41902938782744
    ],
    [
      42.17302600738482,
      118.41065470343374
    ],
    [
      22.41218035513236,
      116.44285234325814
    ],
    [
      2.5917355371900825,
      115.14710743801652
    ]
  ],
  "bboxes": [
    [
      201.78512396694214,
      95.89421487603305,
      21.104132231404947,
      37.39504132231404
    ],
    [
      22.775729173116563,
      157.008801840082,
      173.65318949736394,
      22.158870534819926
    ]
  ],
  "categories": [
    5,
    7
  ],
  "control_points": []
}