{
  "image_path": "/home/quynhthu/Documents/AI-project/e2e/data/raw/1902_Color_jpg.rf.e5d323178d9d22a34f57da325828077b_dup1.jpg",
  "command": 3,
  "waypoints": [
    [
      100.33719008264463,
      223.62975206611569
    ],
    [
      100.66629935720844,
      205.2819100091828
    ],
    [
      100.99540863177228,
      186.9340679522499
    ],
    [
      101.32451790633607,
      168.5862258953171
    ],
    [
      101.65362718089992,
      150.23838383838415
    ],
    [
      101.98273645546372,
      131.89054178145102
    ],
    [
      102.31184573002753,
      113.54269972451789
    ],
    [
      102.64095500459136,
      95.19485766758477
    ],
    [
      102.9700642791552,
      76.84701561065194
    ],
    [
      103.299173553719,
      58.499173553718975
    ]
  ],
  "bboxes": [
    [
      164.7603305785124,
      45.91074380165289,
      23.695867768595036,
      34.80330578512396
    ],
    [
      134.0297520661157,
      26.287603305785122,
      52.57520661157025,
      65.16363636363636
    ]
  ],
  "categories": [
    8,
    3
  ],
  "control_points": []
}