{
  "image_path": "/home/quynhthu/Documents/AI-project/e2e/data/raw/1907_Color_jpg.rf.aa6dec541e7df4e8b92ab23b4c8d236f.jpg",
  "command": 0,
  "waypoints": [
    [
      93.67272727272727,
      224.0
    ],
    [
      94.166391184573,
      205.73443526170797
    ],
    [
      94.66005509641874,
      187.46887052341597
    ],
    [
      95.15371900826445,
      169.20330578512397
    ],
    [
      95.6473829201102,
      150.93774104683195
    ],
    [
      96.14104683195592,
      132.67217630853995
    ],
    [
      96.63471074380165,
      114.40661157024793
    ],
    [
      97.12837465564738,
      96.1410468319559
    ],
    [
      97.62203856749312,
      77.87548209366389
    ],
    [
      98.11570247933884,
      59.6099173553719
    ]
  ],
  "bboxes": [
    [
      180.31074380165288,
      76.64132231404959,
      30.36033057851239,
      39.98677685950412
    ],
    [
      136.25123966942147,
      38.135537190082644,
      55.90743801652894,
      79.97355371900825
    ]
  ],
  "categories": [
    8,
    3
  ],
  "control_points": [
    [
      93.67272727272727,
      224.0
    ],
    [
      95.1389090909091,
      169.75127272727272
    ],
    [
      96.6050909090909,
      115.50254545454544
    ],
    [
      98.11570247933884,
      59.6099173553719
    ]
  ]
}