{
  "image_path": "/home/quynhthu/Documents/AI-project/e2e/data/raw/1907_Color_jpg.rf.7323ad1292cb019f5ccf290b6cbafa7e.jpg",
  "command": 0,
  "waypoints": [
    [
      93.67272727272727,
      224.0
    ],
    [
      94.166391184573,
      205.73443526170794
    ],
    [
      94.66005509641874,
      187.4688705234159
    ],
    [
      95.15371900826445,
      169.20330578512372
    ],
    [
      95.6473829201102,
      150.93774104683172
    ],
    [
      96.14104683195592,
      132.67217630853992
    ],
    [
      96.63471074380165,
      114.40661157024809
    ],
    [
      97.12837465564736,
      96.14104683195627
    ],
    [
      97.62203856749312,
      77.87548209366406
    ],
    [
      98.11570247933884,
      59.60991735537193
    ]
  ],
  "bboxes": [
    [
      180.31074380165288,
      74.4198347107438,
      28.879338842975216,
      42.20826446280991
    ],
    [
      136.62148760330578,
      35.54380165289256,
      59.239669421487605,
      78.49256198347106
    ]
  ],
  "categories": [
    8,
    3
  ],
  "control_points": []
}