{
  "image_path": "/home/quynhthu/Documents/AI-project/e2e/data/raw/1909_Color_jpg.rf.b1a9c467c636b76b900afa463d68b517.jpg",
  "command": 0,
  "waypoints": [
    [
      91.45123966942148,
      222.1487603305785
    ],
    [
      91.7803489439853,
      204.00661157024794
    ],
    [
      92.10945821854912,
      185.86446280991734
    ],
    [
      92.43856749311293,
      167.72231404958677
    ],
    [
      92.76767676767678,
      149.58016528925617
    ],
    [
      93.0967860422406,
      131.43801652892557
    ],
    [
      93.42589531680439,
      113.29586776859502
    ],
    [
      93.75500459136823,
      95.15371900826447
    ],
    [
      94.08411386593205,
      77.01157024793385
    ],
    [
      94.41322314049586,
      58.869421487603304
    ]
  ],
  "bboxes": [
    [
      135.14049586776858,
      42.94876033057851,
      66.64462809917356,
      84.41652892561983
    ],
    [
      192.5289256198347,
      99.59669421487602,
      30.36033057851239,
      48.502479338842974
    ]
  ],
  "categories": [
    3,
    8
  ],
  "control_points": [
    [
      91.45123966942148,
      222.1487603305785
    ],
    [
      92.42869421487603,
      168.26657851239668
    ],
    [
      93.40614876033057,
      114.38439669421486
    ],
    [
      94.41322314049586,
      58.869421487603304
    ]
  ]
}