{
  "image_path": "/home/quynhthu/Documents/AI-project/e2e/data/raw/1910_Color_jpg.rf.0422b8483a8b79e1b6d2f82706ea226d.jpg",
  "command": 0,
  "waypoints": [
    [
      87.00826446280992,
      222.1487603305785
    ],
    [
      87.70762167125804,
      203.88319559228648
    ],
    [
      88.40697887970616,
      185.61763085399448
    ],
    [
      89.10633608815425,
      167.35206611570248
    ],
    [
      89.80569329660241,
      149.08650137741046
    ],
    [
      90.50505050505049,
      130.82093663911846
    ],
    [
      91.20440771349863,
      112.55537190082644
    ],
    [
      91.90376492194675,
      94.28980716253442
    ],
    [
      92.60312213039487,
      76.02424242424244
    ],
    [
      93.30247933884297,
      57.75867768595044
    ]
  ],
  "bboxes": [
    [
      135.5107438016529,
      43.31900826446281,
      70.34710743801651,
      100.33719008264461
    ]
  ],
  "categories": [
    3
  ],
  "control_points": [
    [
      87.00826446280992,
      222.1487603305785
    ],
    [
      89.08535537190083,
      167.90003305785123
    ],
    [
      91.16244628099173,
      113.65130578512395
    ],
    [
      93.30247933884297,
      57.75867768595041
    ]
  ]
}