{
  "image_path": "/home/quynhthu/Documents/AI-project/e2e/data/raw/1912_Color_jpg.rf.1f09ac5cc46f8c80083891ae41b20e49.jpg",
  "command": 2,
  "waypoints": [
    [
      87.00826446280992,
      222.1487603305785
    ],
    [
      87.58420569329661,
      203.59522497704316
    ],
    [
      88.16014692378329,
      185.04168962350784
    ],
    [
      88.73608815426996,
      166.48815426997248
    ],
    [
      89.31202938475668,
      147.93461891643716
    ],
    [
      89.88797061524332,
      129.38108356290178
    ],
    [
      90.46391184573002,
      110.82754820936641
    ],
    [
      91.03985307621672,
      92.27401285583107
    ],
    [
      91.6157943067034,
      73.72047750229572
    ],
    [
      92.19173553719008,
      55.16694214876033
    ]
  ],
  "bboxes": [
    [
      135.88099173553718,
      47.76198347107438,
      76.27107438016529,
      109.59338842975205
    ]
  ],
  "categories": [
    3
  ],
  "control_points": [
    [
      87.00826446280992,
      222.1487603305785
    ],
    [
      88.71880991735537,
      167.0447603305785
    ],
    [
      90.42935537190083,
      111.9407603305785
    ],
    [
      92.19173553719008,
      55.16694214876033
    ]
  ]
}