{
  "image_path": "/home/quynhthu/Documents/AI-project/e2e/data/raw/1925_Color_jpg.rf.c591d829c73c036d2c3f5e5a0051167f.jpg",
  "command": 0,
  "waypoints": [
    [
      65.53388429752066,
      223.2595041322314
    ],
    [
      67.22056932966024,
      204.70596877869605
    ],
    [
      68.90725436179982,
      186.1524334251607
    ],
    [
      70.59393939393937,
      167.59889807162537
    ],
    [
      72.28062442607897,
      149.04536271809005
    ],
    [
      73.96730945821852,
      130.49182736455475
    ],
    [
      75.65399449035812,
      111.93829201101943
    ],
    [
      77.34067952249768,
      93.3847566574841
    ],
    [
      79.02736455463729,
      74.83122130394855
    ],
    [
      80.71404958677685,
      56.27768595041322
    ]
  ],
  "bboxes": [
    [
      137.36198347107438,
      73.6793388429752,
      85.15702479338842,
      149.5801652892562
    ]
  ],
  "categories": [
    3
  ],
  "control_points": []
}