{
  "image_path": "/home/quynhthu/Documents/AI-project/e2e/data/raw/229_jpg.rf.31d98e34a9be6a837a491e69b9670ed5.jpg",
  "command": 0,
  "waypoints": [
    [
      86.26776859504132,
      214.74380165289256
    ],
    [
      82.27450070209166,
      201.01851603444644
    ],
    [
      78.33417110412101,
      187.27792723168207
    ],
    [
      74.39542203852159,
      173.53688627783265
    ],
    [
      70.35240777185022,
      159.8262717836907
    ],
    [
      65.97444083870815,
      146.21973515939064
    ],
    [
      60.70493034586765,
      132.9391283860619
    ],
    [
      53.08327514021448,
      120.90995797074473
    ],
    [
      41.145621146998806,
      113.37392735479725
    ],
    [
      27.028099173553716,
      111.44462809917354
    ]
  ],
  "bboxes": [],
  "categories": [],
  "control_points": [
    [
      86.26776859504132,
      214.74380165289256
    ],
    [
      61.46115702479339,
      130.3272727272727
    ],
    [
      61.090909090909086,
      112.18512396694214
    ],
    [
      27.028099173553716,
      111.44462809917354
    ]
  ]
}