{
  "image_path": "/home/quynhthu/Documents/AI-project/e2e/data/raw/231_jpg.rf.c52afb44323d4553bc68fea5c25b4d5c.jpg",
  "command": 0,
  "waypoints": [
    [
      93.63578845977543,
      218.36757573185986
    ],
    [
      88.15830388794426,
      204.40929996777558
    ],
    [
      82.6638122945103,
      190.45771282188875
    ],
    [
      77.12211953711402,
      176.52482125948205
    ],
    [
      71.47563282681774,
      162.63413233959864
    ],
    [
      65.60183482400191,
      148.83834048498275
    ],
    [
      59.196626471868754,
      135.28320582432477
    ],
    [
      51.30800006840453,
      122.55969235865992
    ],
    [
      39.407266594903135,
      113.78607429391637
    ],
    [
      24.769672757296096,
      110.62542697152928
    ]
  ],
  "bboxes": [],
  "categories": [],
  "control_points": [
    [
      93.63578845977543,
      218.36757573185986
    ],
    [
      52.538267798618406,
      113.58741044260366
    ],
    [
      53.278763666387,
      115.43865011202514
    ],
    [
      24.769672757296096,
      110.62542697152928
    ]
  ]
}