{
  "image_path": "/home/quynhthu/Documents/AI-project/e2e/data/raw/2343_Color_jpg.rf.ce81c12e6456ad89f191bbb9c5be691b.jpg",
  "command": 3,
  "waypoints": [
    [
      121.03413556721344,
      224.66179060789293
    ],
    [
      124.07839635692878,
      207.21899905601046
    ],
    [
      127.1226571466441,
      189.77620750412802
    ],
    [
      130.16691793635943,
      172.33341595224556
    ],
    [
      133.21117872607482,
      154.89062440036312
    ],
    [
      136.25543951579013,
      137.44783284848066
    ],
    [
      139.29970030550544,
      120.00504129659818
    ],
    [
      142.34396109522078,
      102.56224974471571
    ],
    [
      145.38822188493612,
      85.11945819283326
    ],
    [
      148.43248267465145,
      67.67666664095077
    ]
  ],
  "bboxes": [],
  "categories": [],
  "control_points": [
    [
      121.03413556721344,
      224.66179060789293
    ],
    [
      130.07559011266798,
      172.856699698802
    ],
    [
      139.11704465812252,
      121.0516087897111
    ],
    [
      148.43248267465145,
      67.67666664095077
    ]
  ]
}