{
  "image_path": "/home/quynhthu/Documents/AI-project/e2e/data/raw/2346_Color_jpg.rf.e6db5794d14ec604a2d87152c4bb95f9.jpg",
  "command": 0,
  "waypoints": [
    [
      115.85066449283327,
      223.18079887235572
    ],
    [
      118.15442941478003,
      205.82028463911422
    ],
    [
      120.45819433672676,
      188.45977040587272
    ],
    [
      122.76195925867347,
      171.0992561726312
    ],
    [
      125.06572418062028,
      153.7387419393897
    ],
    [
      127.36948910256699,
      136.37822770614818
    ],
    [
      129.6732540245137,
      119.0177134729067
    ],
    [
      131.97701894646045,
      101.65719923966518
    ],
    [
      134.2807838684072,
      84.29668500642369
    ],
    [
      136.58454879035395,
      66.93617077318218
    ]
  ],
  "bboxes": [],
  "categories": [],
  "control_points": [
    [
      115.85066449283327,
      223.18079887235572
    ],
    [
      122.6928463110151,
      171.62007159962843
    ],
    [
      129.53502812919692,
      120.05934432690117
    ],
    [
      136.58454879035395,
      66.93617077318218
    ]
  ]
}