{
  "image_path": "/home/quynhthu/Documents/AI-project/e2e/data/raw/2347_Color_jpg.rf.7fd7c0459d7d00b986820f60b62f3c15.jpg",
  "command": 0,
  "waypoints": [
    [
      113.6291768895275,
      222.81055093847144
    ],
    [
      115.72724851487186,
      204.83295681542276
    ],
    [
      117.8253201402162,
      186.8553626923741
    ],
    [
      119.92339176556054,
      168.8777685693254
    ],
    [
      122.02146339090494,
      150.90017444627674
    ],
    [
      124.11953501624927,
      132.92258032322806
    ],
    [
      126.21760664159362,
      114.94498620017941
    ],
    [
      128.315678266938,
      96.96739207713075
    ],
    [
      130.41374989228234,
      78.98979795408208
    ],
    [
      132.5118215176267,
      61.01220383103342
    ]
  ],
  "bboxes": [
    [
      160.33564895458002,
      6.697129430922704,
      30.689043675489046,
      38.05441415760643
    ],
    [
      164.0183341956387,
      5.060380434896621,
      12.275617470195641,
      18.413426205293433
    ]
  ],
  "categories": [
    3,
    8
  ],
  "control_points": [
    [
      113.6291768895275,
      222.81055093847144
    ],
    [
      119.86044961680022,
      169.4170963930169
    ],
    [
      126.09172234407296,
      116.02364184756235
    ],
    [
      132.5118215176267,
      61.01220383103342
    ]
  ]
}