{
  "image_path": "/home/quynhthu/Documents/AI-project/e2e/data/raw/23477e10-frame_1659_jpg.rf.21617a28bbd7df0df6eca42862286598.jpg",
  "command": 2,
  "waypoints": [
    [
      104.00273060853576,
      222.81055093847144
    ],
    [
      105.90336230143164,
      202.5454815487089
    ],
    [
      108.98998428139599,
      182.4313313348237
    ],
    [
      114.06570923990978,
      162.73803997865022
    ],
    [
      122.70316770960369,
      144.37295684640432
    ],
    [
      136.96568963431707,
      130.0111836397985
    ],
    [
      155.75572905676069,
      122.41687194113608
    ],
    [
      175.8820591766877,
      119.55390921126241
    ],
    [
      196.21060789980544,
      118.58313610040321
    ],
    [
      216.5581025093622,
      118.03038564921523
    ]
  ],
  "bboxes": [
    [
      178.05231738539527,
      94.3345178806202,
      23.695867768595008,
      30.36033057851239
    ],
    [
      20.062398087220245,
      150.22547412534124,
      164.15653069672686,
      20.349983144222335
    ]
  ],
  "categories": [
    4,
    7
  ],
  "control_points": []
}