{
  "image_path": "/home/quynhthu/Documents/AI-project/e2e/data/raw/2349_Color_jpg.rf.1b2947a7f88e1b7f5e8be31107879672.jpg",
  "command": 0,
  "waypoints": [
    [
      101.82187234664755,
      222.74799690636567
    ],
    [
      104.63602520638145,
      203.90822420542926
    ],
    [
      106.80746919304245,
      184.9815348893034
    ],
    [
      109.01800713646118,
      166.05933009363912
    ],
    [
      111.22854507987995,
      147.13712529797473
    ],
    [
      113.43908302329868,
      128.2149205023103
    ],
    [
      115.64962096671742,
      109.29271570664586
    ],
    [
      117.86015891013615,
      90.37051091098152
    ],
    [
      120.07069685355488,
      71.44830611531735
    ],
    [
      122.28123479697359,
      52.526101319653
    ]
  ],
  "bboxes": [
    [
      154.60702746848872,
      7.106316679929225,
      13.503179217215177,
      19.231800703306476
    ],
    [
      149.6967804804105,
      9.56144017396835,
      31.50741817350209,
      37.64522690859991
    ]
  ],
  "categories": [
    8,
    3
  ],
  "control_points": []
}