{
  "image_path": "/home/quynhthu/Documents/AI-project/e2e/data/raw/2351_Color_jpg.rf.aa34ea0ad681476190fd8fb0fb4fa9be.jpg",
  "command": 0,
  "waypoints": [
    [
      97.87538920407742,
      224.9145847455824
    ],
    [
      99.60306869988273,
      205.91011029172398
    ],
    [
      101.33074819568805,
      186.90563583786556
    ],
    [
      103.05842769149334,
      167.90116138400714
    ],
    [
      104.7861071872987,
      148.89668693014872
    ],
    [
      106.51378668310396,
      129.8922124762903
    ],
    [
      108.24146617890929,
      110.88773802243192
    ],
    [
      109.9691456747146,
      91.88326356857351
    ],
    [
      111.69682517051993,
      72.87878911471509
    ],
    [
      113.42450466632522,
      53.87431466085667
    ]
  ],
  "bboxes": [
    [
      146.97785908485992,
      11.318840764178532,
      12.275617470195641,
      18.413426205293433
    ],
    [
      140.84005034976212,
      8.86371727013941,
      33.144167169528174,
      43.3738483946912
    ]
  ],
  "categories": [
    8,
    3
  ],
  "control_points": [
    [
      97.87538920407742,
      224.9145847455824
    ],
    [
      103.0065973066192,
      168.4712956176229
    ],
    [
      108.13780540916096,
      112.02800648966343
    ],
    [
      113.42450466632522,
      53.8743146608567
    ]
  ]
}