{
  "image_path": "/home/quynhthu/Documents/AI-project/e2e/data/raw/2356_Color_jpg.rf.5b72a041e89f952cb0d5a0da6fe313cb.jpg",
  "command": 0,
  "waypoints": [
    [
      72.50577976567314,
      223.27783574955632
    ],
    [
      74.14252876169923,
      203.909639296581
    ],
    [
      75.77927775772531,
      184.54144284360567
    ],
    [
      77.41602675375137,
      165.1732463906303
    ],
    [
      79.05277574977751,
      145.80504993765493
    ],
    [
      80.68952474580358,
      126.43685348467956
    ],
    [
      82.32627374182967,
      107.06865703170419
    ],
    [
      83.96302273785574,
      87.7004605787289
    ],
    [
      85.59977173388181,
      68.33226412575371
    ],
    [
      87.2365207299079,
      48.96406767277847
    ]
  ],
  "bboxes": [
    [
      127.74605838155344,
      25.640394479406762,
      17.18586445827387,
      20.868549699332558
    ],
    [
      122.42662414446868,
      18.68421124629591,
      36.00847791257384,
      47.87490813376292
    ]
  ],
  "categories": [
    8,
    3
  ],
  "control_points": []
}