{
  "image_path": "/home/quynhthu/Documents/AI-project/e2e/data/raw/2356_Color_jpg.rf.91bdb72cb68e7508206451c8fd7d652c.jpg",
  "command": 0,
  "waypoints": [
    [
      68.0047200266014,
      223.27783574955632
    ],
    [
      70.55077402041977,
      203.909639296581
    ],
    [
      73.09682801423811,
      184.54144284360564
    ],
    [
      75.64288200805643,
      165.1732463906303
    ],
    [
      78.18893600187482,
      145.805049937655
    ],
    [
      80.73498999569317,
      126.4368534846797
    ],
    [
      83.28104398951152,
      107.06865703170442
    ],
    [
      85.82709798332988,
      87.70046057872914
    ],
    [
      88.37315197714821,
      68.3322641257538
    ],
    [
      90.91920597096657,
      48.96406767277844
    ]
  ],
  "bboxes": [
    [
      128.97362012857303,
      25.640394479406762,
      15.549115462247755,
      22.505298695358643
    ],
    [
      121.60824964645563,
      19.502585744308945,
      37.64522690859992,
      49.10246988078249
    ]
  ],
  "categories": [
    8,
    3
  ],
  "control_points": []
}