{
  "image_path": "/home/quynhthu/Documents/AI-project/e2e/data/raw/2357_Color_jpg.rf.36a10ef78535d8706824d76547688fc7.jpg",
  "command": 2,
  "waypoints": [
    [
      62.68528578951664,
      223.6870229985628
    ],
    [
      65.23133978333499,
      204.36429179547713
    ],
    [
      67.77739377715334,
      185.04156059239142
    ],
    [
      70.32344777097167,
      165.71882938930574
    ],
    [
      72.86950176479007,
      146.39609818622003
    ],
    [
      75.4155557586084,
      127.07336698313433
    ],
    [
      77.96160975242675,
      107.75063578004864
    ],
    [
      80.5076637462451,
      88.42790457696293
    ],
    [
      83.05371774006348,
      69.10517337387721
    ],
    [
      85.59977173388181,
      49.782442170791484
    ]
  ],
  "bboxes": [
    [
      126.51849663453388,
      28.095517973445887,
      16.776677209267348,
      25.369609438404282
    ],
    [
      117.1071899073839,
      19.502585744308945,
      38.463601406612966,
      51.55759337482162
    ]
  ],
  "categories": [
    8,
    3
  ],
  "control_points": [
    [
      62.68528578951664,
      223.6870229985628
    ],
    [
      70.24706615115714,
      166.29851132539827
    ],
    [
      77.80884651279766,
      108.90999965223372
    ],
    [
      85.59977173388181,
      49.782442170791484
    ]
  ]
}