{
  "image_path": "/home/quynhthu/Documents/AI-project/e2e/data/raw/2357_Color_jpg.rf.d9b39597a3d898adfd31108920f195a9.jpg",
  "command": 3,
  "waypoints": [
    [
      62.68528578951664,
      223.6870229985628
    ],
    [
      65.23133978333499,
      204.36429179547716
    ],
    [
      67.77739377715332,
      185.04156059239148
    ],
    [
      70.32344777097167,
      165.71882938930574
    ],
    [
      72.86950176479007,
      146.39609818622003
    ],
    [
      75.41555575860842,
      127.07336698313424
    ],
    [
      77.96160975242678,
      107.75063578004846
    ],
    [
      80.50766374624513,
      88.42790457696273
    ],
    [
      83.05371774006349,
      69.10517337387715
    ],
    [
      85.59977173388181,
      49.782442170791484
    ]
  ],
  "bboxes": [
    [
      124.88174763850779,
      28.095517973445887,
      18.822613454299983,
      27.41554568343689
    ],
    [
      118.74393890341,
      20.320960242321988,
      41.32791214965857,
      49.920844378795536
    ]
  ],
  "categories": [
    8,
    3
  ],
  "control_points": []
}