{
  "image_path": "/home/quynhthu/Documents/AI-project/e2e/data/raw/235_jpg.rf.6474611dbafcf7ee6cf9d627add56feb.jpg",
  "command": 0,
  "waypoints": [
    [
      94.60189121202527,
      217.9584015124715
    ],
    [
      90.6827426956622,
      204.0273775009559
    ],
    [
      86.65520506772391,
      190.12735380981118
    ],
    [
      82.4347077750071,
      176.28483426068019
    ],
    [
      77.89319837343378,
      162.54464430402066
    ],
    [
      72.82734835031745,
      148.99001259694134
    ],
    [
      66.88559107957212,
      135.79913528670372
    ],
    [
      59.41284328956349,
      123.42501369051095
    ],
    [
      49.22256744118718,
      113.24968662625166
    ],
    [
      35.678927355086266,
      108.70540602773048
    ]
  ],
  "bboxes": [],
  "categories": [],
  "control_points": [
    [
      94.60189121202527,
      217.9584015124715
    ],
    [
      75.77927775772531,
      150.4425054263956
    ],
    [
      62.68528578951664,
      109.93296777475005
    ],
    [
      35.678927355086266,
      108.70540602773048
    ]
  ]
}