{
  "image_path": "/home/quynhthu/Documents/AI-project/e2e/data/raw/2361_Color_jpg.rf.dae4e27442443c30bf519e7414cbd6df.jpg",
  "command": 0,
  "waypoints": [
    [
      60.23016229547751,
      221.6410867535302
    ],
    [
      63.09447303852316,
      203.81870879680173
    ],
    [
      65.95878378156881,
      185.99633084007328
    ],
    [
      68.82309452461443,
      168.1739528833448
    ],
    [
      71.68740526766013,
      150.35157492661634
    ],
    [
      74.55171601070576,
      132.52919696988786
    ],
    [
      77.4160267537514,
      114.70681901315938
    ],
    [
      80.28033749679705,
      96.8844410564309
    ],
    [
      83.1446482398427,
      79.06206309970251
    ],
    [
      86.00895898288833,
      61.23968514297407
    ]
  ],
  "bboxes": [
    [
      136.3389906106904,
      56.73862540390234,
      21.277736948339083,
      33.14416716952818
    ],
    [
      121.19906239744911,
      32.596577712517615,
      48.69328263177597,
      65.0607725920368
    ]
  ],
  "categories": [
    8,
    3
  ],
  "control_points": [
    [
      60.23016229547751,
      221.6410867535302
    ],
    [
      68.73716520232308,
      168.70862422204667
    ],
    [
      77.24416810916865,
      115.77616169056314
    ],
    [
      86.00895898288833,
      61.23968514297407
    ]
  ]
}