{
  "image_path": "/home/quynhthu/Documents/AI-project/e2e/data/raw/2362_Color_jpg.rf.1bccf167c7067045e0ec8359c2653485_dup1.jpg",
  "command": 0,
  "waypoints": [
    [
      61.457724042497084,
      224.09621024756933
    ],
    [
      64.18563903587389,
      206.0010407915032
    ],
    [
      66.91355402925069,
      187.90587133543704
    ],
    [
      69.64146902262748,
      169.8107018793709
    ],
    [
      72.36938401600433,
      151.71553242330478
    ],
    [
      75.09729900938112,
      133.62036296723863
    ],
    [
      77.8252140027579,
      115.52519351117249
    ],
    [
      80.55312899613473,
      97.43002405510637
    ],
    [
      83.28104398951153,
      79.3348545990402
    ],
    [
      86.00895898288833,
      61.239685142974096
    ]
  ],
  "bboxes": [
    [
      142.4767993457882,
      66.14993213105232,
      24.551234940391225,
      35.5992906635673
    ],
    [
      125.29093488751433,
      33.005764961524136,
      50.33003162780203,
      73.65370482117373
    ]
  ],
  "categories": [
    8,
    3
  ],
  "control_points": []
}