{
  "image_path": "/home/quynhthu/Documents/AI-project/e2e/data/raw/2364_Color_jpg.rf.b9fa46f67136b052f23abb4adb24f215.jpg",
  "command": 0,
  "waypoints": [
    [
      64.32203478554273,
      222.45946125154322
    ],
    [
      67.09541502880914,
      204.36429179547704
    ],
    [
      69.86879527207559,
      186.26912233941087
    ],
    [
      72.64217551534198,
      168.17395288334467
    ],
    [
      75.41555575860843,
      150.07878342727852
    ],
    [
      78.18893600187484,
      131.98361397121246
    ],
    [
      80.96231624514124,
      113.88844451514638
    ],
    [
      83.73569648840765,
      95.79327505908029
    ],
    [
      86.50907673167407,
      77.69810560301414
    ],
    [
      89.28245697494049,
      59.60293614694798
    ]
  ],
  "bboxes": [
    [
      155.16160406499034,
      93.15629056548268,
      31.098230924495596,
      43.783035643697715
    ],
    [
      127.33687113254692,
      40.780322692648035,
      57.69540210991943,
      85.1109477933563
    ]
  ],
  "categories": [
    8,
    3
  ],
  "control_points": []
}