{
  "image_path": "/home/quynhthu/Documents/AI-project/e2e/data/raw/2364_Color_jpg.rf.438a1d01d0ae7b50d1ea116040c8818a.jpg",
  "command": 2,
  "waypoints": [
    [
      63.50366028752969,
      222.8686485005498
    ],
    [
      66.36797103057533,
      204.72801379459403
    ],
    [
      69.23228177362098,
      186.58737908863827
    ],
    [
      72.0965925166666,
      168.4467443826825
    ],
    [
      74.96090325971228,
      150.30610967672675
    ],
    [
      77.82521400275792,
      132.165474970771
    ],
    [
      80.68952474580355,
      114.02484026481525
    ],
    [
      83.5538354888492,
      95.8842055588595
    ],
    [
      86.41814623189484,
      77.74357085290373
    ],
    [
      89.28245697494049,
      59.60293614694798
    ]
  ],
  "bboxes": [
    [
      130.20118187559257,
      41.59869719066107,
      54.83109136687378,
      81.01907530329112
    ],
    [
      153.52485506896426,
      96.02060130852834,
      34.37172891654774,
      39.691163153632516
    ]
  ],
  "categories": [
    3,
    8
  ],
  "control_points": [
    [
      63.50366028752969,
      222.8686485005498
    ],
    [
      72.01066319437525,
      168.9909634238612
    ],
    [
      80.51766610122081,
      115.11327834717258
    ],
    [
      89.28245697494049,
      59.60293614694798
    ]
  ]
}