{
  "image_path": "/home/quynhthu/Documents/AI-project/e2e/data/raw/2367_Color_jpg.rf.18208309809b6c6d7661079aff2d1956.jpg",
  "command": 0,
  "waypoints": [
    [
      66.77715827958185,
      222.45946125154322
    ],
    [
      69.6869342725171,
      203.909639296581
    ],
    [
      72.59671026545236,
      185.35981734161876
    ],
    [
      75.5064862583876,
      166.8099953866565
    ],
    [
      78.41626225132289,
      148.26017343169423
    ],
    [
      81.32603824425813,
      129.71035147673192
    ],
    [
      84.2358142371934,
      111.16052952176959
    ],
    [
      87.14559023012868,
      92.61070756680725
    ],
    [
      90.05536622306393,
      74.06088561184508
    ],
    [
      92.96514221599918,
      55.511063656882776
    ]
  ],
  "bboxes": [
    [
      135.92980336168387,
      53.055940162843655,
      73.24451757216724,
      114.57242972182581
    ]
  ],
  "categories": [
    3
  ],
  "control_points": []
}