{
  "image_path": "/home/quynhthu/Documents/AI-project/e2e/data/raw/236_jpg.rf.0710016e80bd7301248c3d028baee019.jpg",
  "command": 0,
  "waypoints": [
    [
      108.51425767824698,
      215.9124652674389
    ],
    [
      104.79320571536553,
      203.16813695935548
    ],
    [
      101.2920443765677,
      190.3615794719593
    ],
    [
      97.94306582035053,
      177.51429665680277
    ],
    [
      94.63157638445598,
      164.65726731986416
    ],
    [
      91.15309688142271,
      151.84475637192136
    ],
    [
      87.12242748408245,
      139.1973523070839
    ],
    [
      81.75907779245216,
      127.06783378786737
    ],
    [
      73.60663763642088,
      116.67746025981054
    ],
    [
      61.8669112915036,
      110.75134227276308
    ]
  ],
  "bboxes": [],
  "categories": [],
  "control_points": [
    [
      108.51425767824698,
      215.9124652674389
    ],
    [
      89.69164422394702,
      153.71600341844774
    ],
    [
      88.87326972593397,
      117.29833825686742
    ],
    [
      61.8669112915036,
      110.75134227276308
    ]
  ]
}