{
  "image_path": "/home/quynhthu/Documents/AI-project/e2e/data/raw/2371_Color_jpg.rf.60f0e40270641c20bc6c3792dbee9a83.jpg",
  "command": 3,
  "waypoints": [
    [
      70.05065627163401,
      223.27783574955632
    ],
    [
      72.96043226456928,
      206.18290179106165
    ],
    [
      75.87020825750453,
      189.08796783256702
    ],
    [
      78.77998425043977,
      171.99303387407235
    ],
    [
      81.68976024337506,
      154.8980999155777
    ],
    [
      84.5995362363103,
      137.80316595708305
    ],
    [
      87.50931222924555,
      120.70823199858839
    ],
    [
      90.41908822218082,
      103.61329804009374
    ],
    [
      93.32886421511608,
      86.51836408159913
    ],
    [
      96.23864020805134,
      69.42343012310448
    ]
  ],
  "bboxes": [
    [
      147.05687419157007,
      77.83851741200355,
      77.30915746374907,
      145.32431785535346
    ]
  ],
  "categories": [
    3
  ],
  "control_points": [
    [
      70.05065627163401,
      223.27783574955632
    ],
    [
      78.69269097065173,
      172.5058818928272
    ],
    [
      87.33472566966944,
      121.7339280360981
    ],
    [
      96.23864020805134,
      69.42343012310448
    ]
  ]
}