{
  "image_path": "/home/quynhthu/Documents/AI-project/e2e/data/raw/2373_Color_jpg.rf.9b1c673896e7063e168b6e3f85f7082b.jpg",
  "command": 0,
  "waypoints": [
    [
      78.6192593875955,
      220.20565438076548
    ],
    [
      81.24786462012128,
      201.89929651138954
    ],
    [
      83.87646985264708,
      183.5929386420136
    ],
    [
      86.50507508517282,
      165.28658077263765
    ],
    [
      89.13368031769863,
      146.98022290326176
    ],
    [
      91.76228555022438,
      128.67386503388593
    ],
    [
      94.39089078275012,
      110.36750716451009
    ],
    [
      97.01949601527589,
      92.06114929513421
    ],
    [
      99.64810124780168,
      73.75479142575823
    ],
    [
      102.27670648032746,
      55.44843355638224
    ]
  ],
  "bboxes": [
    [
      158.04068891319562,
      99.38369244288445,
      64.6355250926427,
      123.77914282447254
    ]
  ],
  "categories": [
    3
  ],
  "control_points": []
}