{
  "image_path": "/home/quynhthu/Documents/AI-project/e2e/data/raw/2374_Color_jpg.rf.179c265d45a8a2d8744203e4e8c123eb.jpg",
  "command": 0,
  "waypoints": [
    [
      76.50698732574443,
      222.31792644261657
    ],
    [
      79.32335007487919,
      204.01156857324065
    ],
    [
      82.13971282401396,
      185.7052107038647
    ],
    [
      84.95607557314868,
      167.39885283448882
    ],
    [
      87.77243832228349,
      149.09249496511293
    ],
    [
      90.5888010714182,
      130.78613709573708
    ],
    [
      93.40516382055296,
      112.47977922636123
    ],
    [
      96.22152656968771,
      94.17342135698536
    ],
    [
      99.03788931882251,
      75.86706348760922
    ],
    [
      101.85425206795725,
      57.56070561823331
    ]
  ],
  "bboxes": [
    [
      161.84277862452754,
      109.10014392739934,
      61.67834420605121,
      114.90760016469808
    ]
  ],
  "categories": [
    3
  ],
  "control_points": []
}