{
  "image_path": "/home/quynhthu/Documents/AI-project/e2e/data/raw/2374_Color_jpg.rf.947644e1efd0e0b92d79684291777970.jpg",
  "command": 0,
  "waypoints": [
    [
      79.88662262470615,
      222.74038085498677
    ],
    [
      82.32747034062294,
      204.9034167771333
    ],
    [
      84.76831805653974,
      187.0664526992798
    ],
    [
      87.2091657724565,
      169.2294886214263
    ],
    [
      89.65001348837335,
      151.39252454357285
    ],
    [
      92.09086120429008,
      133.55556046571948
    ],
    [
      94.53170892020687,
      115.71859638786611
    ],
    [
      96.97255663612366,
      97.88163231001272
    ],
    [
      99.41340435204047,
      80.04466823215911
    ],
    [
      101.85425206795725,
      62.20770415430566
    ]
  ],
  "bboxes": [
    [
      161.84277862452754,
      105.29805421606744,
      62.10079861842138,
      117.44232663891933
    ]
  ],
  "categories": [
    3
  ],
  "control_points": []
}