{
  "image_path": "/home/quynhthu/Documents/AI-project/e2e/data/raw/2377_Color_jpg.rf.ad10ea33586d2b3c7371b203ce79334f.jpg",
  "command": 0,
  "waypoints": [
    [
      85.37852998551892,
      223.162835267357
    ],
    [
      87.49080204737,
      204.6687198813721
    ],
    [
      89.60307410922107,
      186.17460449538723
    ],
    [
      91.7153461710721,
      167.6804891094023
    ],
    [
      93.8276182329232,
      149.18637372341732
    ],
    [
      95.93989029477427,
      130.69225833743235
    ],
    [
      98.05216235662533,
      112.19814295144734
    ],
    [
      100.16443441847642,
      93.70402756546238
    ],
    [
      102.27670648032746,
      75.20991217947764
    ],
    [
      104.38897854217852,
      56.71579679349288
    ]
  ],
  "bboxes": [
    [
      133.11587858335304,
      -0.31554887648593777,
      10.138905896885149,
      13.096086783476618
    ]
  ],
  "categories": [
    8
  ],
  "control_points": []
}