{
  "image_path": "/home/quynhthu/Documents/AI-project/e2e/data/raw/2377_Color_jpg.rf.ae68ef179d59c9534e601680dfaa3c3a.jpg",
  "command": 0,
  "waypoints": [
    [
      84.5336211607785,
      224.43019850446763
    ],
    [
      86.73977198093405,
      205.79526498102598
    ],
    [
      88.94592280108962,
      187.16033145758428
    ],
    [
      91.15207362124515,
      168.52539793414257
    ],
    [
      93.35822444140075,
      149.89046441070093
    ],
    [
      95.5643752615563,
      131.2555308872594
    ],
    [
      97.77052608171182,
      112.6205973638179
    ],
    [
      99.97667690186739,
      93.98566384037635
    ],
    [
      102.18282772202296,
      75.35073031693456
    ],
    [
      104.38897854217852,
      56.715796793492906
    ]
  ],
  "bboxes": [
    [
      132.27096975861264,
      -2.0053665259667923,
      11.828723546365978,
      16.053267670068113
    ]
  ],
  "categories": [
    8
  ],
  "control_points": []
}