{
  "image_path": "/home/quynhthu/Documents/AI-project/e2e/data/raw/237_jpg.rf.edebecfd9dfb0b110b8924114616da53.jpg",
  "command": 1,
  "waypoints": [
    [
      105.65634177928916,
      214.29129260758253
    ],
    [
      104.91172628667434,
      201.6365395278009
    ],
    [
      104.1375706656763,
      188.98356713304509
    ],
    [
      103.28364171646999,
      176.3357656930417
    ],
    [
      102.25700660305054,
      163.7009656278212
    ],
    [
      100.87124809243403,
      151.10116475712863
    ],
    [
      98.70517069621845,
      138.61543062437863
    ],
    [
      94.72199775812045,
      126.60930523479986
    ],
    [
      87.0408446040723,
      116.65322485547084
    ],
    [
      76.08453291337422,
      110.36750716451
    ]
  ],
  "bboxes": [],
  "categories": [],
  "control_points": [
    [
      105.65634177928916,
      214.29129260758253
    ],
    [
      101.00934324321682,
      134.86986308198237
    ],
    [
      100.16443441847638,
      120.50641306139511
    ],
    [
      76.08453291337422,
      110.36750716451
    ]
  ]
}