{
  "image_path": "/home/quynhthu/Documents/AI-project/e2e/data/raw/2382_Color_jpg.rf.988909bdf2300c9a6bc4f6bbbd4ad600.jpg",
  "command": 0,
  "waypoints": [
    [
      90.44798293396148,
      221.89547203024634
    ],
    [
      92.93577002903054,
      203.8707504357839
    ],
    [
      95.42355712409955,
      185.84602884132144
    ],
    [
      97.91134421916857,
      167.82130724685902
    ],
    [
      100.39913131423764,
      149.79658565239657
    ],
    [
      102.88691840930665,
      131.77186405793412
    ],
    [
      105.3747055043757,
      113.74714246347168
    ],
    [
      107.86249259944474,
      95.72242086900924
    ],
    [
      110.35027969451376,
      77.69769927454686
    ],
    [
      112.8380667895828,
      59.67297768008437
    ]
  ],
  "bboxes": [
    [
      141.5649668307573,
      4.753904071956622,
      15.208358845327695,
      18.587994144289397
    ]
  ],
  "categories": [
    8
  ],
  "control_points": [
    [
      90.44798293396148,
      221.89547203024634
    ],
    [
      97.83671060631652,
      168.3620488946929
    ],
    [
      105.22543827867155,
      114.82862575913943
    ],
    [
      112.8380667895828,
      59.67297768008437
    ]
  ]
}