{
  "image_path": "/home/quynhthu/Documents/AI-project/e2e/data/raw/2382_Color_jpg.rf.c89185b20c55ebf4528e55fbfd6de199.jpg",
  "command": 0,
  "waypoints": [
    [
      90.44798293396148,
      222.74038085498677
    ],
    [
      92.93577002903054,
      204.62178050221982
    ],
    [
      95.42355712409955,
      186.5031801494529
    ],
    [
      97.91134421916857,
      168.38457979668595
    ],
    [
      100.39913131423765,
      150.265979443919
    ],
    [
      102.88691840930665,
      132.1473790911521
    ],
    [
      105.3747055043757,
      114.02877873838516
    ],
    [
      107.86249259944474,
      95.91017838561821
    ],
    [
      110.35027969451376,
      77.79157803285128
    ],
    [
      112.8380667895828,
      59.67297768008437
    ]
  ],
  "bboxes": [
    [
      143.2547844802382,
      5.598812896697051,
      11.40626913399575,
      16.89817649480854
    ]
  ],
  "categories": [
    8
  ],
  "control_points": [
    [
      90.44798293396148,
      222.74038085498677
    ],
    [
      97.83671060631652,
      168.92813780726897
    ],
    [
      105.22543827867155,
      115.1158947595512
    ],
    [
      112.8380667895828,
      59.67297768008437
    ]
  ]
}