{
  "image_path": "/home/quynhthu/Documents/AI-project/e2e/data/raw/238_jpg.rf.9d744e16ac1a3b5ae53818f6decab123.jpg",
  "command": 0,
  "waypoints": [
    [
      109.03597707825087,
      213.8688381952123
    ],
    [
      108.88969926589324,
      201.13761823625117
    ],
    [
      108.39589322870295,
      188.4153505726581
    ],
    [
      107.44048604678454,
      175.71982215887067
    ],
    [
      105.86351936372066,
      163.08728045639901
    ],
    [
      103.41952356685795,
      150.59533308022012
    ],
    [
      99.75053489713072,
      138.41104481083892
    ],
    [
      94.3625445131444,
      126.8925588338495
    ],
    [
      86.76531716988717,
      116.71067169184138
    ],
    [
      76.92944173811465,
      108.67768951502913
    ]
  ],
  "bboxes": [],
  "categories": [],
  "control_points": [
    [
      109.03597707825087,
      213.8688381952123
    ],
    [
      109.03597707825087,
      152.61294840153133
    ],
    [
      99.74198000610617,
      123.0411395356164
    ],
    [
      76.92944173811465,
      108.67768951502913
    ]
  ]
}