{
  "image_path": "/home/quynhthu/Documents/AI-project/e2e/data/raw/2390_Color_jpg.rf.7ecd00a2c16aaadb07928a781926aac4.jpg",
  "command": 0,
  "waypoints": [
    [
      103.9665241298083,
      221.0505632055059
    ],
    [
      105.32776612522343,
      202.9319628527389
    ],
    [
      106.68900812063859,
      184.8133624999719
    ],
    [
      108.05025011605369,
      166.69476214720487
    ],
    [
      109.41149211146887,
      148.57616179443795
    ],
    [
      110.77273410688397,
      130.45756144167115
    ],
    [
      112.1339761022991,
      112.33896108890436
    ],
    [
      113.49521809771421,
      94.22036073613756
    ],
    [
      114.85646009312936,
      76.1017603833705
    ],
    [
      116.2177020885445,
      57.98316003060356
    ]
  ],
  "bboxes": [
    [
      157.61823450082542,
      21.65208056676516,
      16.898176494808524,
      27.8819912164341
    ]
  ],
  "categories": [
    8
  ],
  "control_points": []
}