{
  "image_path": "/home/quynhthu/Documents/AI-project/e2e/data/raw/241_jpg.rf.fc9c3f3f410d73a9ddee82d272d9b4c6.jpg",
  "command": 0,
  "waypoints": [
    [
      117.06261091328491,
      212.17902054573145
    ],
    [
      116.1277086670762,
      198.35363554904114
    ],
    [
      115.37552748880279,
      184.51705288827443
    ],
    [
      114.71937190095552,
      170.6755145459533
    ],
    [
      113.93334800956443,
      156.84108021672196
    ],
    [
      112.40131523171549,
      143.0743797709386
    ],
    [
      108.36121235455867,
      129.87654044558883
    ],
    [
      99.20457283519377,
      119.67336395366503
    ],
    [
      86.78765439917703,
      113.60337187664652
    ],
    [
      73.54980643915295,
      109.52259833976956
    ]
  ],
  "bboxes": [],
  "categories": [],
  "control_points": [
    [
      117.06261091328491,
      212.17902054573145
    ],
    [
      111.14824914010194,
      133.60249984487174
    ],
    [
      120.86470062461684,
      122.19623071087598
    ],
    [
      73.54980643915295,
      109.52259833976956
    ]
  ]
}