{
  "image_path": "/home/quynhthu/Documents/AI-project/e2e/data/raw/242_jpg.rf.02d6d9fb28921631eac670a1fed3c63b.jpg",
  "command": 0,
  "waypoints": [
    [
      122.5545182740977,
      213.44638378284208
    ],
    [
      121.17550645595114,
      199.28532927524944
    ],
    [
      119.85165954201466,
      185.1189860852872
    ],
    [
      118.45412849449825,
      170.9598182784105
    ],
    [
      116.69508848037023,
      156.84200793223278
    ],
    [
      113.86186562611961,
      142.9080221135328
    ],
    [
      108.12723798745726,
      129.96152729323418
    ],
    [
      97.34988990671985,
      120.91436490251233
    ],
    [
      83.82407369997513,
      116.62701459063229
    ],
    [
      69.74771672782101,
      114.59205128821212
    ]
  ],
  "bboxes": [],
  "categories": [],
  "control_points": [
    [
      122.5545182740977,
      213.44638378284208
    ],
    [
      114.52788443906364,
      134.02495425724194
    ],
    [
      118.75242856276579,
      119.6615042366547
    ],
    [
      69.74771672782101,
      114.59205128821212
    ]
  ]
}