{
  "image_path": "/home/quynhthu/Documents/AI-project/e2e/data/raw/246978aa-frame_1679_jpg.rf.eac849db37dee398c1c21cd56789df25.jpg",
  "command": 1,
  "waypoints": [
    [
      108.61352266588065,
      224.0
    ],
    [
      106.75684359393344,
      203.8859000319244
    ],
    [
      104.43974445119862,
      183.82143214132253
    ],
    [
      100.80043120655233,
      163.9658970599667
    ],
    [
      93.87357893885431,
      145.06064714972322
    ],
    [
      80.64749532285823,
      129.9536883578278
    ],
    [
      62.52919231781614,
      121.19695820626393
    ],
    [
      42.95456356079162,
      116.28611488960625
    ],
    [
      23.027563421312703,
      112.99638599140735
    ],
    [
      2.9999195733272854,
      110.36750716451
    ]
  ],
  "bboxes": [
    [
      19.157954391921475,
      150.22547412534124,
      169.1309710208701,
      18.993317601274214
    ]
  ],
  "categories": [
    7
  ],
  "control_points": []
}