{
  "image_path": "/home/quynhthu/Documents/AI-project/e2e/data/raw/246_jpg.rf.1122d2e04356722695be72eb2d88a5bd.jpg",
  "command": 1,
  "waypoints": [
    [
      105.23388736691895,
      210.06674848388036
    ],
    [
      100.2629574121985,
      193.72097815700724
    ],
    [
      95.17076908519059,
      177.41307453556013
    ],
    [
      89.08465140501131,
      161.4578789466525
    ],
    [
      80.19374565625004,
      146.93109737231816
    ],
    [
      67.07524262447893,
      136.12937877459947
    ],
    [
      51.33111333533207,
      129.5850608431067
    ],
    [
      34.727246337612776,
      125.59493853612949
    ],
    [
      17.856470331931334,
      122.91199544812538
    ],
    [
      0.8876475114762461,
      120.92886747376532
    ]
  ],
  "bboxes": [],
  "categories": [],
  "control_points": [
    [
      105.23388736691895,
      210.06674848388036
    ],
    [
      84.95607557314871,
      144.5863145664973
    ],
    [
      87.06834763499977,
      129.8004101335398
    ],
    [
      0.887647511476218,
      120.92886747376532
    ]
  ]
}