{
  "image_path": "/home/quynhthu/Documents/AI-project/e2e/data/raw/247_jpg.rf.cfea22f8de9c4d653a99f79b606a72bb.jpg",
  "command": 0,
  "waypoints": [
    [
      91.29289175870191,
      212.60147495810165
    ],
    [
      86.79059941092244,
      198.41222632332116
    ],
    [
      81.42358607336159,
      184.52870433469943
    ],
    [
      74.86433272644716,
      171.1709722006108
    ],
    [
      66.68210790716776,
      158.7496040372485
    ],
    [
      56.46117969859796,
      147.9592465372568
    ],
    [
      44.15255076693705,
      139.64198209379845
    ],
    [
      30.31788686530884,
      134.21215282073317
    ],
    [
      15.73000174208146,
      131.30795438086065
    ],
    [
      0.8876475114762181,
      130.22286454591003
    ]
  ],
  "bboxes": [],
  "categories": [],
  "control_points": [
    [
      91.29289175870191,
      212.60147495810165
    ],
    [
      73.12735202678273,
      150.07822192731004
    ],
    [
      48.20254169694012,
      131.49022778302066
    ],
    [
      0.887647511476218,
      130.22286454591003
    ]
  ]
}