{
  "image_path": "/home/quynhthu/Documents/AI-project/e2e/data/raw/248_jpg.rf.765dc928aa984be5a0c7e6d2b709810c.jpg",
  "command": 0,
  "waypoints": [
    [
      91.29289175870191,
      212.60147495810165
    ],
    [
      86.79066686177296,
      198.4124191126248
    ],
    [
      81.42413546731579,
      184.52996310438178
    ],
    [
      74.86567655159789,
      171.17333119543446
    ],
    [
      66.68454501637466,
      158.7526922729779
    ],
    [
      56.463781607828345,
      147.9614650762354
    ],
    [
      44.15338895274423,
      139.6424252850072
    ],
    [
      30.318139844655395,
      134.21222738531196
    ],
    [
      15.73148612819861,
      131.30815669473387
    ],
    [
      0.8876475114762181,
      130.22286454591003
    ]
  ],
  "bboxes": [],
  "categories": [],
  "control_points": []
}