{
  "image_path": "/home/quynhthu/Documents/AI-project/e2e/data/raw/250_jpg.rf.67fd18f0c0b9b0543f02e073f32f1fdd.jpg",
  "command": 0,
  "waypoints": [
    [
      91.29289175870191,
      212.60147495810165
    ],
    [
      85.77631342751518,
      199.75182415295257
    ],
    [
      79.44946294926918,
      187.28287729292734
    ],
    [
      72.04559860973895,
      175.42528749591398
    ],
    [
      63.25687309130283,
      164.56150430249744
    ],
    [
      52.842909397003815,
      155.25464899721484
    ],
    [
      40.87827628485612,
      148.0533921454135
    ],
    [
      27.835848613646668,
      143.04378004317792
    ],
    [
      14.255127950993243,
      139.72735453858724
    ],
    [
      0.46519309910600604,
      137.40458955620366
    ]
  ],
  "bboxes": [],
  "categories": [],
  "control_points": [
    [
      91.29289175870191,
      212.60147495810165
    ],
    [
      67.21299025359974,
      152.1904939891611
    ],
    [
      40.59836227427629,
      143.31895132938664
    ],
    [
      0.4651930991060061,
      137.40458955620366
    ]
  ]
}