{
  "image_path": "/home/quynhthu/Documents/AI-project/e2e/data/raw/256451ba-frame_3095_jpg.rf.c8f912358fb4bfb145326f1b8466d3c4.jpg",
  "command": 2,
  "waypoints": [
    [
      102.27670648032746,
      222.74038085498677
    ],
    [
      107.13907776887497,
      206.72438141664145
    ],
    [
      112.84668767611998,
      190.99228323810962
    ],
    [
      119.78263597535032,
      175.76647515177086
    ],
    [
      128.54714766811276,
      161.52722052696166
    ],
    [
      139.897106345648,
      149.27515981520023
    ],
    [
      154.07608997112993,
      140.46717723192748
    ],
    [
      170.03053797900225,
      135.50231893140523
    ],
    [
      186.57607196963153,
      133.0246652334078
    ],
    [
      203.24331103680845,
      131.49022778302066
    ]
  ],
  "bboxes": [
    [
      202.82085662443825,
      101.49596450473551,
      21.17914337556175,
      35.48617063909795
    ],
    [
      12.826848524830082,
      174.64545389840805,
      190.3853978603912,
      26.68108901131376
    ]
  ],
  "categories": [
    11,
    7
  ],
  "control_points": []
}