{
  "image_path": "/home/quynhthu/Documents/AI-project/e2e/data/raw/256451ba-frame_3095_jpg.rf.0ede29ee910a2594e9e317c84ec6bb62.jpg",
  "command": 2,
  "waypoints": [
    [
      102.27670648032746,
      222.74038085498677
    ],
    [
      107.13907776887497,
      206.72438141664145
    ],
    [
      112.84668767611998,
      190.99228323810962
    ],
    [
      119.78263597535032,
      175.76647515177086
    ],
    [
      128.54714766811276,
      161.52722052696166
    ],
    [
      139.897106345648,
      149.27515981520023
    ],
    [
      154.07608997112993,
      140.46717723192748
    ],
    [
      170.03053797900225,
      135.50231893140523
    ],
    [
      186.57607196963153,
      133.0246652334078
    ],
    [
      203.24331103680845,
      131.49022778302066
    ]
  ],
  "bboxes": [
    [
      203.24331103680848,
      100.65105567999508,
      20.75668896319152,
      37.59844270094901
    ],
    [
      6.495742657738689,
      176.00211944135623,
      197.16872557513196,
      26.681089011313702
    ]
  ],
  "categories": [
    11,
    7
  ],
  "control_points": []
}