{
  "image_path": "/home/quynhthu/Documents/AI-project/e2e/data/raw/259_jpg.rf.a37872b8ac3fb7df5bc0d059f7a784ac.jpg",
  "command": 0,
  "waypoints": [
    [
      60.453719655676316,
      213.8688381952123
    ],
    [
      54.900976085185846,
      204.50635517521278
    ],
    [
      48.76741397253176,
      195.51415066604255
    ],
    [
      42.13178486676075,
      186.88439408199218
    ],
    [
      35.31881593040252,
      178.39285039921845
    ],
    [
      28.670725937781057,
      169.77219214942141
    ],
    [
      22.33921352424261,
      160.91663574088196
    ],
    [
      16.332395109777863,
      151.8375299421705
    ],
    [
      10.606186932832644,
      142.578683843363
    ],
    [
      5.112191635178353,
      133.18004543250152
    ]
  ],
  "bboxes": [],
  "categories": [],
  "control_points": [
    [
      60.453719655676316,
      213.8688381952123
    ],
    [
      43.555543160867785,
      183.45212050455694
    ],
    [
      32.57172843924223,
      181.3398484427059
    ],
    [
      5.112191635178353,
      133.18004543250152
    ]
  ]
}