{
  "image_path": "/home/quynhthu/Documents/AI-project/e2e/data/raw/2607_Color_jpg.rf.47192c699a75c4584ab379226e1b1d5b.jpg",
  "command": 0,
  "waypoints": [
    [
      119.174882975136,
      223.5852896797272
    ],
    [
      122.6876077479231,
      207.62342714844587
    ],
    [
      126.25153447730402,
      191.67293368646492
    ],
    [
      129.9202206424327,
      175.7462414571846
    ],
    [
      133.75340863303708,
      159.858397497697
    ],
    [
      137.81904812828435,
      144.02854291227294
    ],
    [
      142.20007148525505,
      128.28322691277484
    ],
    [
      147.00041705787572,
      112.66094193216108
    ],
    [
      152.3586747314916,
      97.22167368048214
    ],
    [
      158.46314332556585,
      82.06306153570573
    ]
  ],
  "bboxes": [
    [
      200.70858456258722,
      5.176358484326838,
      23.65744709273193,
      33.79635298961708
    ]
  ],
  "categories": [
    3
  ],
  "control_points": [
    [
      119.174882975136,
      223.5852896797272
    ],
    [
      130.58115210913175,
      171.62339695819097
    ],
    [
      141.98742124312753,
      119.6615042366547
    ],
    [
      158.46314332556585,
      82.0630615357057
    ]
  ]
}