{
  "image_path": "/home/quynhthu/Documents/AI-project/e2e/data/raw/2612_Color_jpg.rf.2c25d5743a39e6d6dceba0e22e9a1fad.jpg",
  "command": 0,
  "waypoints": [
    [
      94.2500726452934,
      223.5852896797272
    ],
    [
      98.09910173577755,
      206.68711318491864
    ],
    [
      101.94813082626173,
      189.78893669011012
    ],
    [
      105.79715991674587,
      172.89076019530157
    ],
    [
      109.64618900723008,
      155.99258370049304
    ],
    [
      113.49521809771423,
      139.09440720568452
    ],
    [
      117.34424718819838,
      122.196230710876
    ],
    [
      121.19327627868256,
      105.2980542160675
    ],
    [
      125.04230536916673,
      88.39987772125892
    ],
    [
      128.8913344596509,
      71.5017012264504
    ]
  ],
  "bboxes": [
    [
      163.5325962740084,
      4.3314496595864105,
      21.9676294432511,
      33.796352989617084
    ]
  ],
  "categories": [
    3
  ],
  "control_points": []
}