{
  "image_path": "/home/quynhthu/Documents/AI-project/e2e/data/raw/2620_Color_jpg.rf.9ca06c7a5b5fd9aa6312e4130cf1a45b.jpg",
  "command": 0,
  "waypoints": [
    [
      76.92944173811465,
      221.89547203024634
    ],
    [
      79.6049863497927,
      204.15238671069733
    ],
    [
      82.2805309614707,
      186.40930139114832
    ],
    [
      84.95607557314871,
      168.6662160715993
    ],
    [
      87.63162018482674,
      150.92313075205033
    ],
    [
      90.30716479650476,
      133.18004543250143
    ],
    [
      92.98270940818277,
      115.43696011295252
    ],
    [
      95.65825401986079,
      97.69387479340361
    ],
    [
      98.33379863153881,
      79.95078947385461
    ],
    [
      101.00934324321682,
      62.20770415430566
    ]
  ],
  "bboxes": [
    [
      134.38324182046367,
      12.358083494620466,
      15.630813257697895,
      19.432902969029822
    ],
    [
      132.27096975861264,
      10.668265845139615,
      32.10653534013619,
      43.9352588865022
    ]
  ],
  "categories": [
    8,
    3
  ],
  "control_points": []
}