{
  "image_path": "/home/quynhthu/Documents/AI-project/e2e/data/raw/2628_Color_jpg.rf.46c8578fa85f192ae3c8e0f8deb8ba17.jpg",
  "command": 0,
  "waypoints": [
    [
      39.33099903716565,
      225.27510732920805
    ],
    [
      43.08614936934533,
      206.45241628915744
    ],
    [
      46.84129970152501,
      187.62972524910683
    ],
    [
      50.59645003370466,
      168.80703420905618
    ],
    [
      54.35160036588437,
      149.98434316900557
    ],
    [
      58.10675069806403,
      131.16165212895496
    ],
    [
      61.86190103024369,
      112.33896108890433
    ],
    [
      65.61705136242337,
      93.51627004885374
    ],
    [
      69.37220169460305,
      74.69357900880311
    ],
    [
      73.12735202678273,
      55.870887968752456
    ]
  ],
  "bboxes": [
    [
      110.30334031536151,
      32.2134408760205,
      20.70026620614047,
      28.304445628804302
    ],
    [
      107.34615942877002,
      20.807171742024735,
      41.82298682465114,
      57.453800082349034
    ]
  ],
  "categories": [
    8,
    3
  ],
  "control_points": [
    [
      39.33099903716565,
      225.27510732920805
    ],
    [
      50.48379552373929,
      169.3717149402577
    ],
    [
      61.636592010312924,
      113.46832255130734
    ],
    [
      73.12735202678273,
      55.870887968752456
    ]
  ]
}