{
  "image_path": "/home/quynhthu/Documents/AI-project/e2e/data/raw/2628_Color_jpg.rf.144a0d6d9d60c6a68b6fa6c35aac8e50.jpg",
  "command": 3,
  "waypoints": [
    [
      39.33099903716565,
      225.27510732920805
    ],
    [
      43.08614936934534,
      206.45241628915738
    ],
    [
      46.84129970152504,
      187.6297252491067
    ],
    [
      50.596450033704706,
      168.80703420905598
    ],
    [
      54.35160036588441,
      149.9843431690054
    ],
    [
      58.10675069806405,
      131.1616521289549
    ],
    [
      61.86190103024368,
      112.3389610889044
    ],
    [
      65.61705136242335,
      93.51627004885383
    ],
    [
      69.37220169460305,
      74.69357900880308
    ],
    [
      73.12735202678273,
      55.870887968752456
    ]
  ],
  "bboxes": [
    [
      113.26052120195301,
      33.90325852550136,
      14.363450020587237,
      25.347264742212808
    ],
    [
      109.45843149062108,
      21.652080566765164,
      37.17598828857879,
      51.11698389679583
    ]
  ],
  "categories": [
    8,
    3
  ],
  "control_points": []
}