{
  "image_path": "/home/quynhthu/Documents/AI-project/e2e/data/raw/2630_Color_jpg.rf.4d4eca03259e8af3475e0d8ac8c89604.jpg",
  "command": 1,
  "waypoints": [
    [
      40.864603079091964,
      223.03319159689227
    ],
    [
      44.281390372442864,
      206.04974887405984
    ],
    [
      47.69817766579377,
      189.0663061512274
    ],
    [
      51.114964959144665,
      172.08286342839494
    ],
    [
      54.531752252495615,
      155.09942070556244
    ],
    [
      57.94853954584652,
      138.1159779827299
    ],
    [
      61.365326839197444,
      121.13253525989738
    ],
    [
      64.78211413254836,
      104.14909253706485
    ],
    [
      68.19890142589927,
      87.16564981423247
    ],
    [
      71.61568871925016,
      70.18220709140006
    ]
  ],
  "bboxes": [
    [
      114.12454239829238,
      34.90890297474801,
      14.471099124780338,
      28.03775455426188
    ],
    [
      110.50676761709731,
      25.864466021760308,
      38.89107889784712,
      53.36217802262746
    ]
  ],
  "categories": [
    8,
    3
  ],
  "control_points": []
}