{
  "image_path": "/home/quynhthu/Documents/AI-project/e2e/data/raw/2871_Color_jpg.rf.7ec82d7a7e9bca91848ed5606b32446c.jpg",
  "command": 0,
  "waypoints": [
    [
      47.3576328721997,
      226.1200161539485
    ],
    [
      52.80260085386024,
      208.04835518033383
    ],
    [
      58.24756883552077,
      189.97669420671912
    ],
    [
      63.692536817181285,
      171.90503323310438
    ],
    [
      69.13750479884186,
      153.83337225948972
    ],
    [
      74.58247278050237,
      135.76171128587504
    ],
    [
      80.02744076216288,
      117.69005031226041
    ],
    [
      85.47240874382338,
      99.61838933864576
    ],
    [
      90.91737672548395,
      81.54672836503099
    ],
    [
      96.36234470714447,
      63.4750673914163
    ]
  ],
  "bboxes": [
    [
      131.00360652150198,
      2.2191775977353423,
      37.59844270094899,
      20.70026620614046
    ]
  ],
  "categories": [
    3
  ],
  "control_points": []
}