{
  "image_path": "/home/quynhthu/Documents/AI-project/e2e/data/raw/2873_Color_jpg.rf.7c4b6f77a3c2cf4c699d62c43dc2adae.jpg",
  "command": 1,
  "waypoints": [
    [
      69.74771672782101,
      222.74038085498677
    ],
    [
      74.44165464304561,
      205.18505305204678
    ],
    [
      79.1355925582702,
      187.6297252491068
    ],
    [
      83.82953047349478,
      170.07439744616678
    ],
    [
      88.52346838871944,
      152.5190696432268
    ],
    [
      93.21740630394402,
      134.9637418402868
    ],
    [
      97.9113442191686,
      117.40841403734674
    ],
    [
      102.6052821343932,
      99.85308623440677
    ],
    [
      107.29922004961779,
      82.29775843146687
    ],
    [
      111.99315796484235,
      64.74243062852693
    ]
  ],
  "bboxes": [
    [
      147.4793286039403,
      1.3742687729949168,
      43.51280447413197,
      23.657447092731953
    ]
  ],
  "categories": [
    3
  ],
  "control_points": []
}