{
  "image_path": "/home/quynhthu/Documents/AI-project/e2e/data/raw/2874_Color_jpg.rf.7c0fffe5750b98262ed9fdc0fa256af5.jpg",
  "command": 1,
  "waypoints": [
    [
      81.576440274187,
      224.00774409209743
    ],
    [
      85.61322688128014,
      206.45241628915744
    ],
    [
      89.6500134883733,
      188.8970884862175
    ],
    [
      93.6868000954664,
      171.34176068327753
    ],
    [
      97.7235867025596,
      153.78643288033757
    ],
    [
      101.76037330965273,
      136.23110507739761
    ],
    [
      105.79715991674585,
      118.67577727445763
    ],
    [
      109.83394652383905,
      101.12044947151765
    ],
    [
      113.87073313093221,
      83.56512166857753
    ],
    [
      117.90751973802534,
      66.00979386563758
    ]
  ],
  "bboxes": [
    [
      148.74669184105096,
      -0.7380032888561523,
      11.40626913399575,
      18.587994144289397
    ],
    [
      151.70387272764242,
      -0.31554887648593777,
      46.047530948353284,
      25.347264742212808
    ]
  ],
  "categories": [
    8,
    3
  ],
  "control_points": []
}