{
  "image_path": "/home/quynhthu/Documents/AI-project/e2e/data/raw/2874_Color_jpg.rf.e9395cef73295dce3bfec3092d5ff7d5.jpg",
  "command": 0,
  "waypoints": [
    [
      81.576440274187,
      224.00774409209743
    ],
    [
      85.61322688128014,
      206.45241628915744
    ],
    [
      89.6500134883733,
      188.89708848621748
    ],
    [
      93.68680009546641,
      171.3417606832775
    ],
    [
      97.72358670255961,
      153.78643288033751
    ],
    [
      101.76037330965275,
      136.23110507739753
    ],
    [
      105.79715991674587,
      118.67577727445759
    ],
    [
      109.83394652383905,
      101.12044947151762
    ],
    [
      113.87073313093221,
      83.56512166857756
    ],
    [
      117.90751973802534,
      66.00979386563758
    ]
  ],
  "bboxes": [
    [
      153.39369037712328,
      0.9518143606247023,
      43.512804474132,
      24.924810329842593
    ],
    [
      147.9017830163105,
      1.796723185365129,
      13.940995608217037,
      11.82872354636598
    ]
  ],
  "categories": [
    3,
    8
  ],
  "control_points": [
    [
      81.576440274187,
      224.00774409209743
    ],
    [
      93.56569649725365,
      171.86842051736568
    ],
    [
      105.5549527203203,
      119.72909694263392
    ],
    [
      117.90751973802534,
      66.00979386563758
    ]
  ]
}