{
  "image_path": "/home/quynhthu/Documents/AI-project/e2e/data/raw/2880_Color_jpg.rf.61090498cb883ad2099b23e354f0e0ce.jpg",
  "command": 0,
  "waypoints": [
    [
      120.44224621224663,
      222.74038085498677
    ],
    [
      122.46063951579322,
      205.09117429374234
    ],
    [
      124.47903281933976,
      187.4419677324979
    ],
    [
      126.49742612288631,
      169.7927611712534
    ],
    [
      128.51581942643296,
      152.14355461000892
    ],
    [
      130.5342127299795,
      134.49434804876438
    ],
    [
      132.55260603352608,
      116.84514148751984
    ],
    [
      134.5709993370727,
      99.19593492627529
    ],
    [
      136.58939264061925,
      81.54672836503093
    ],
    [
      138.6077859441658,
      63.89752180378648
    ]
  ],
  "bboxes": [
    [
      177.05113746985526,
      15.737718793582177,
      12.673632371106379,
      21.545175030880884
    ],
    [
      171.13677569667226,
      6.866176133807691,
      53.22925595864689,
      34.21880740198729
    ]
  ],
  "categories": [
    8,
    3
  ],
  "control_points": []
}