{
  "image_path": "/home/quynhthu/Documents/AI-project/e2e/data/raw/2886_Color_jpg.rf.a8e8a3c49a31527506c04c314b9a6d3e.jpg",
  "command": 0,
  "waypoints": [
    [
      115.46845864005445,
      222.41071863945942
    ],
    [
      115.9378524315769,
      204.15130014923565
    ],
    [
      116.40724622309936,
      185.89188165901183
    ],
    [
      116.87664001462181,
      167.632463168788
    ],
    [
      117.34603380614432,
      149.37304467856436
    ],
    [
      117.81542759766674,
      131.11362618834087
    ],
    [
      118.28482138918919,
      112.85420769811739
    ],
    [
      118.75421518071165,
      94.59478920789391
    ],
    [
      119.22360897223413,
      76.33537071767003
    ],
    [
      119.69300276375658,
      58.07595222744638
    ]
  ],
  "bboxes": [
    [
      151.79953810389281,
      14.985602165684604,
      61.67834420605115,
      32.52898975250644
    ],
    [
      170.3875322481822,
      34.41850513471442,
      18.16553973191921,
      29.571808865914946
    ]
  ],
  "categories": [
    3,
    8
  ],
  "control_points": []
}