{
  "image_path": "/home/quynhthu/Documents/AI-project/e2e/data/raw/2886_Color_jpg.rf.25f5bf50fda8dc33c85eaa77001fbaf5.jpg",
  "command": 0,
  "waypoints": [
    [
      115.46845864005445,
      222.41071863945942
    ],
    [
      115.9378524315769,
      204.15130014923574
    ],
    [
      116.40724622309936,
      185.89188165901209
    ],
    [
      116.8766400146218,
      167.6324631687884
    ],
    [
      117.3460338061443,
      149.37304467856475
    ],
    [
      117.81542759766674,
      131.11362618834107
    ],
    [
      118.28482138918919,
      112.85420769811743
    ],
    [
      118.75421518071165,
      94.59478920789374
    ],
    [
      119.22360897223413,
      76.33537071767009
    ],
    [
      119.69300276375658,
      58.07595222744638
    ]
  ],
  "bboxes": [
    [
      170.3875322481822,
      35.26341395945485,
      20.27781179377024,
      31.261626515395804
    ],
    [
      150.53217486678216,
      13.29578451620375,
      65.4804339173831,
      39.710714762800066
    ]
  ],
  "categories": [
    8,
    3
  ],
  "control_points": [
    [
      115.46845864005445,
      222.41071863945942
    ],
    [
      116.86255820087615,
      168.18024572349512
    ],
    [
      118.25665776169785,
      113.9497728075308
    ],
    [
      119.69300276375658,
      58.07595222744638
    ]
  ]
}