{
  "image_path": "/home/quynhthu/Documents/AI-project/e2e/data/raw/2887_Color_jpg.rf.b8c109ad76f1e1559f0e486ccba15774.jpg",
  "command": 1,
  "waypoints": [
    [
      103.21728068131826,
      221.98826422708922
    ],
    [
      104.20300764351542,
      203.58802759940878
    ],
    [
      105.18873460571258,
      185.18779097172833
    ],
    [
      106.17446156790973,
      166.78755434404792
    ],
    [
      107.16018853010694,
      148.38731771636748
    ],
    [
      108.14591549230411,
      129.98708108868703
    ],
    [
      109.13164245450126,
      111.58684446100659
    ],
    [
      110.11736941669844,
      93.18660783332614
    ],
    [
      111.1030963788956,
      74.78637120564588
    ],
    [
      112.08882334109275,
      56.38613457796552
    ]
  ],
  "bboxes": [
    [
      165.74053371210988,
      38.64304925841656,
      22.3900838556213,
      30.416717690655368
    ],
    [
      145.8851763307098,
      12.450875691463322,
      62.94570744316181,
      38.86580593805964
    ]
  ],
  "categories": [
    8,
    3
  ],
  "control_points": []
}