{
  "image_path": "/home/quynhthu/Documents/AI-project/e2e/data/raw/2889_Color_jpg.rf.17694740d93096f57d66d9eaa3914b15.jpg",
  "command": 0,
  "waypoints": [
    [
      87.58646742362036,
      224.5229907013105
    ],
    [
      88.71301252327427,
      205.7472390404121
    ],
    [
      89.83955762292817,
      186.9714873795137
    ],
    [
      90.96610272258206,
      168.19573571861523
    ],
    [
      92.092647822236,
      149.41998405771687
    ],
    [
      93.21919292188988,
      130.64423239681864
    ],
    [
      94.34573802154375,
      111.8684807359204
    ],
    [
      95.47228312119766,
      93.09272907502212
    ],
    [
      96.59882822085159,
      74.31697741412354
    ],
    [
      97.72537332050548,
      55.5412257532251
    ]
  ],
  "bboxes": [
    [
      132.36663513486297,
      16.67541981516546,
      62.94570744316181,
      38.02089711331922
    ],
    [
      160.2486263512971,
      53.00649927900382,
      21.96762944325107,
      35.90862505146815
    ]
  ],
  "categories": [
    3,
    8
  ],
  "control_points": []
}