{
  "image_path": "/home/quynhthu/Documents/AI-project/e2e/data/raw/2890_Color_jpg.rf.51428491e6383873dabb66792bb0e656.jpg",
  "command": 0,
  "waypoints": [
    [
      80.82719682569694,
      223.25562746419985
    ],
    [
      82.18843882111207,
      204.43293642414918
    ],
    [
      83.54968081652721,
      185.6102453840985
    ],
    [
      84.91092281194233,
      166.7875543440478
    ],
    [
      86.27216480735751,
      147.96486330399725
    ],
    [
      87.6334068027726,
      129.14217226394678
    ],
    [
      88.99464879818771,
      110.31948122389629
    ],
    [
      90.35589079360285,
      91.49679018384575
    ],
    [
      91.717132789018,
      72.67409914379488
    ],
    [
      93.07837478443314,
      53.85140810374424
    ]
  ],
  "bboxes": [
    [
      130.25436307301192,
      19.21014628938674,
      64.63552509264267,
      36.331079463838364
    ],
    [
      155.1791734028545,
      58.92086105218681,
      29.99426327828516,
      40.555623587540495
    ]
  ],
  "categories": [
    3,
    8
  ],
  "control_points": []
}