{
  "image_path": "/home/quynhthu/Documents/AI-project/e2e/data/raw/2893_Color_jpg.rf.1d7a55ed59e1ec3c4dcc67fb98168534.jpg",
  "command": 0,
  "waypoints": [
    [
      63.50656591851819,
      221.1433554023488
    ],
    [
      65.38414108460803,
      202.36760374145035
    ],
    [
      67.26171625069789,
      183.59185208055194
    ],
    [
      69.1392914167877,
      164.81610041965357
    ],
    [
      71.01686658287754,
      146.04034875875527
    ],
    [
      72.89444174896738,
      127.26459709785698
    ],
    [
      74.7720169150572,
      108.4888454369587
    ],
    [
      76.64959208114703,
      89.71309377606036
    ],
    [
      78.52716724723692,
      70.93734211516167
    ],
    [
      80.40474241332673,
      52.16159045426333
    ]
  ],
  "bboxes": [
    [
      161.93844400077793,
      93.98457727891453,
      28.726900041174503,
      51.539438309166016
    ],
    [
      122.22772923797785,
      20.899963938867593,
      68.43761480397458,
      48.58225742257455
    ]
  ],
  "categories": [
    8,
    3
  ],
  "control_points": []
}