{
  "image_path": "/home/quynhthu/Documents/AI-project/e2e/data/raw/2899_Color_jpg.rf.d94059947a34852679291ede795ca8c4.jpg",
  "command": 0,
  "waypoints": [
    [
      85.05174094939908,
      223.67808187657008
    ],
    [
      86.83543735718442,
      204.15130014923577
    ],
    [
      88.61913376496977,
      184.62451842190148
    ],
    [
      90.4028301727551,
      165.09773669456717
    ],
    [
      92.18652658054049,
      145.57095496723286
    ],
    [
      93.9702229883258,
      126.04417323989856
    ],
    [
      95.75391939611114,
      106.51739151256425
    ],
    [
      97.53761580389649,
      86.99060978522992
    ],
    [
      99.32131221168186,
      67.46382805789557
    ],
    [
      101.1050086194672,
      47.93704633056125
    ]
  ],
  "bboxes": [
    [
      128.56454542353106,
      2.734424206948413,
      13.940995608217065,
      18.587994144289397
    ],
    [
      153.91181016574387,
      45.40231985633997,
      70.54988686582564,
      70.97234127819587
    ]
  ],
  "categories": [
    8,
    3
  ],
  "control_points": []
}