{
  "image_path": "/home/quynhthu/Documents/AI-project/e2e/data/raw/2903_Color_jpg.rf.39b93b30f22a99416d8abb8d025d349a.jpg",
  "command": 0,
  "waypoints": [
    [
      90.81943846734009,
      223.03171535784205
    ],
    [
      92.97864990834341,
      203.5988123888122
    ],
    [
      95.13786134934675,
      184.16590941978237
    ],
    [
      97.29707279035,
      164.73300645075255
    ],
    [
      99.45628423135338,
      145.3001034817228
    ],
    [
      101.61549567235664,
      125.86720051269309
    ],
    [
      103.77470711335997,
      106.43429754366338
    ],
    [
      105.93391855436327,
      87.00139457463352
    ],
    [
      108.0931299953666,
      67.56849160560355
    ],
    [
      110.25234143636992,
      48.13558863657367
    ]
  ],
  "bboxes": [
    [
      142.50554103174812,
      9.49369480487183,
      10.56136030925532,
      24.079901505102164
    ],
    [
      170.66332240531042,
      72.63794455404606,
      53.22925595864692,
      81.9561559998214
    ]
  ],
  "categories": [
    8,
    3
  ],
  "control_points": []
}