{
  "image_path": "/home/quynhthu/Documents/AI-project/e2e/data/raw/2903_Color_jpg.rf.0fe3817ab8b9cab9d9c7dcb8dc099e22.jpg",
  "command": 3,
  "waypoints": [
    [
      90.96610272258206,
      221.1433554023488
    ],
    [
      93.17225354273762,
      201.85127057077568
    ],
    [
      95.37840436289318,
      182.5591857392026
    ],
    [
      97.58455518304872,
      163.26710090762955
    ],
    [
      99.7907060032043,
      143.97501607605656
    ],
    [
      101.99685682335983,
      124.68293124448357
    ],
    [
      104.20300764351538,
      105.39084641291055
    ],
    [
      106.40915846367096,
      86.09876158133741
    ],
    [
      108.61530928382652,
      66.80667674976412
    ],
    [
      110.82146010398209,
      47.514591918191044
    ]
  ],
  "bboxes": [
    [
      141.6606322070077,
      10.338603629612257,
      15.208358845327666,
      21.122720618510677
    ],
    [
      172.49980431003326,
      69.05976694907193,
      50.69452948442563,
      98.85433249462994
    ]
  ],
  "categories": [
    8,
    3
  ],
  "control_points": []
}