{
  "image_path": "/home/quynhthu/Documents/AI-project/e2e/data/raw/2904_Color_jpg.rf.705cb59e1674308bccb5c90306fc51b6.jpg",
  "command": 0,
  "waypoints": [
    [
      94.19907376630181,
      223.03171535784205
    ],
    [
      96.07664893239163,
      203.69269114711668
    ],
    [
      97.95422409848149,
      184.35366693639133
    ],
    [
      99.8317992645713,
      165.014642725666
    ],
    [
      101.70937443066119,
      145.67561851494074
    ],
    [
      103.58694959675097,
      126.33659430421551
    ],
    [
      105.46452476284082,
      106.99757009349028
    ],
    [
      107.34209992893066,
      87.65854588276497
    ],
    [
      109.21967509502052,
      68.31952167203947
    ],
    [
      111.09725026111035,
      48.98049746131407
    ]
  ],
  "bboxes": [
    [
      177.84504741560406,
      86.15648574989288,
      46.047530948353284,
      84.4908824740427
    ],
    [
      146.16096648783807,
      12.649417997475739,
      13.518541195846808,
      20.277811793770248
    ]
  ],
  "categories": [
    3,
    8
  ],
  "control_points": []
}