{
  "image_path": "/home/quynhthu/Documents/AI-project/e2e/data/raw/2905_Color_jpg.rf.fa60aee898fb13e232670f2633df6d5f.jpg",
  "command": 0,
  "waypoints": [
    [
      99.26852671474437,
      222.60926094547182
    ],
    [
      101.00528374337748,
      203.5988123888122
    ],
    [
      102.74204077201057,
      184.5883638321526
    ],
    [
      104.47879780064365,
      165.577915275493
    ],
    [
      106.21555482927678,
      146.56746671883346
    ],
    [
      107.95231185790986,
      127.55701816217392
    ],
    [
      109.68906888654296,
      108.54656960551438
    ],
    [
      111.42582591517606,
      89.53612104885478
    ],
    [
      113.1625829438092,
      70.525672492195
    ],
    [
      114.89933997244228,
      51.5152239355354
    ]
  ],
  "bboxes": [
    [
      181.647137126936,
      96.295391646778,
      41.82298682465111,
      95.47469719566826
    ],
    [
      150.38551061154018,
      13.916781234586379,
      13.940995608217065,
      26.19217356695323
    ]
  ],
  "categories": [
    3,
    8
  ],
  "control_points": []
}