{
  "image_path": "/home/quynhthu/Documents/AI-project/e2e/data/raw/2914_Color_jpg.rf.77e6de970ba745c8dec8220bc8bec532.jpg",
  "command": 0,
  "waypoints": [
    [
      125.4607002816976,
      222.60926094547182
    ],
    [
      125.6484577983066,
      205.19475127998862
    ],
    [
      125.83621531491558,
      187.78024161450543
    ],
    [
      126.02397283152452,
      170.36573194902215
    ],
    [
      126.21173034813356,
      152.95122228353884
    ],
    [
      126.39948786474251,
      135.53671261805553
    ],
    [
      126.5872453813515,
      118.12220295257224
    ],
    [
      126.77500289796049,
      100.70769328708894
    ],
    [
      126.96276041456949,
      83.29318362160586
    ],
    [
      127.15051793117846,
      65.87867395612264
    ]
  ],
  "bboxes": [
    [
      188.8288621372296,
      43.48859010050133,
      22.390083855621327,
      37.17598828857878
    ]
  ],
  "categories": [
    8
  ],
  "control_points": []
}