{
  "image_path": "/home/quynhthu/Documents/AI-project/e2e/data/raw/2916_Color_jpg.rf.8c50b77e0924cc3a312cae7b9107f5b7.jpg",
  "command": 0,
  "waypoints": [
    [
      119.2198347107438,
      222.88925619834708
    ],
    [
      120.37171717171717,
      205.40532598714407
    ],
    [
      121.52359963269056,
      187.92139577594105
    ],
    [
      122.6754820936639,
      170.43746556473798
    ],
    [
      123.82736455463733,
      152.953535353535
    ],
    [
      124.97924701561067,
      135.46960514233223
    ],
    [
      126.13112947658402,
      117.98567493112942
    ],
    [
      127.28301193755738,
      100.50174471992663
    ],
    [
      128.43489439853076,
      83.01781450872367
    ],
    [
      129.5867768595041,
      65.53388429752066
    ]
  ],
  "bboxes": [
    [
      202.52561983471074,
      58.869421487603304,
      19.252892561983458,
      37.02479338842974
    ]
  ],
  "categories": [
    8
  ],
  "control_points": []
}