{
  "image_path": "/home/quynhthu/Documents/AI-project/e2e/data/raw/295a4e0d-frame_1437_jpg.rf.ce5f608e49bf1f22146c66345b1d796c.jpg",
  "command": 2,
  "waypoints": [
    [
      112.55537190082644,
      223.62975206611569
    ],
    [
      114.6663290463623,
      204.39405108180065
    ],
    [
      117.42059019262122,
      185.24158724090444
    ],
    [
      121.40074483122149,
      166.3120244364843
    ],
    [
      127.78787568610223,
      148.0790295680556
    ],
    [
      138.63144896662848,
      132.15225897023078
    ],
    [
      154.68948973875234,
      121.52391043267829
    ],
    [
      173.25876788392407,
      116.23892597580242
    ],
    [
      192.45594031892963,
      113.88986540491514
    ],
    [
      211.78181818181815,
      112.92561983471073
    ]
  ],
  "bboxes": [
    [
      182.53223140495868,
      86.26776859504132,
      19.252892561983458,
      27.398347107438013
    ],
    [
      44.03015601263766,
      136.2065968482103,
      145.16321309545268,
      16.279986515377857
    ]
  ],
  "categories": [
    4,
    7
  ],
  "control_points": []
}