{
  "image_path": "/home/quynhthu/Documents/AI-project/e2e/data/raw/303e9683-frame_1377_jpg.rf.1ccfdcb0e3d9f8455a5567c183ca2d14.jpg",
  "command": 2,
  "waypoints": [
    [
      110.70413223140496,
      221.7785123966942
    ],
    [
      113.11552958803473,
      202.6782874680069
    ],
    [
      116.64730525251942,
      183.7573439460807
    ],
    [
      122.0303557505923,
      165.28874373057903
    ],
    [
      130.56117907420685,
      148.0807703377403
    ],
    [
      143.77917971776583,
      134.20095862662885
    ],
    [
      161.08130007762423,
      125.93378041590651
    ],
    [
      179.97556908141,
      122.41040568597815
    ],
    [
      199.19747609542728,
      121.48352280993011
    ],
    [
      218.44628099173553,
      121.81157024793387
    ]
  ],
  "bboxes": [
    [
      188.08595041322312,
      93.67272727272727,
      22.214876033057863,
      31.10082644628099
    ],
    [
      32.724609821403035,
      151.12991782064,
      156.0165374390379,
      18.993317601274185
    ]
  ],
  "categories": [
    4,
    7
  ],
  "control_points": []
}