{
  "image_path": "/home/quynhthu/Documents/AI-project/e2e/data/raw/32645a42-frame_7301_jpg.rf.9057694cdbd31e74c0bc0c2f260188cd_dup1.jpg",
  "command": 3,
  "waypoints": [
    [
      118.4793388429752,
      222.5190082644628
    ],
    [
      117.51444500070345,
      200.40847912326274
    ],
    [
      116.70878901777077,
      178.29157790838806
    ],
    [
      115.79761472698854,
      156.1792174575664
    ],
    [
      114.13371348936586,
      134.11647819350708
    ],
    [
      109.9097125869117,
      112.45138737788746
    ],
    [
      98.2719115734632,
      93.85759985346543
    ],
    [
      78.39651487102047,
      84.5125790303012
    ],
    [
      56.54045590282544,
      81.2931052787369
    ],
    [
      34.43305785123967,
      80.34380165289255
    ]
  ],
  "bboxes": [
    [
      165.13057851239668,
      65.16363636363636,
      13.699173553719021,
      19.252892561983472
    ],
    [
      130.69752066115703,
      49.24297520661157,
      9.626446280991729,
      13.328925619834706
    ]
  ],
  "categories": [
    6,
    8
  ],
  "control_points": []
}