{
  "image_path": "/home/quynhthu/Documents/AI-project/e2e/data/raw/33112bf1-frame_2497_jpg.rf.7195bfb6f0addbba08713530228b42e7.jpg",
  "command": 1,
  "waypoints": [
    [
      105.15041322314049,
      223.2595041322314
    ],
    [
      104.97600175056391,
      203.90031014460732
    ],
    [
      103.07336127503973,
      184.64128022500995
    ],
    [
      98.72432688569143,
      165.7946489442789
    ],
    [
      90.9170307419054,
      148.12187809089045
    ],
    [
      78.73096375456406,
      133.16036863646994
    ],
    [
      62.542646567072765,
      122.65968896882934
    ],
    [
      44.11586881259343,
      116.85096455964285
    ],
    [
      24.911756567810535,
      114.52866856942738
    ],
    [
      5.553719008264462,
      114.40661157024793
    ]
  ],
  "bboxes": [
    [
      189.9371900826446,
      98.48595041322314,
      30.360330578512418,
      37.39504132231404
    ],
    [
      18.25351069662271,
      152.48658336358815,
      155.56431559138852,
      17.18443021067668
    ]
  ],
  "categories": [
    8,
    7
  ],
  "control_points": []
}