{
  "image_path": "/home/quynhthu/Documents/AI-project/e2e/data/raw/33619aaf-frame_2481_jpg.rf.c860e92e560db0d3a1fd0594b092fbf7.jpg",
  "command": 2,
  "waypoints": [
    [
      95.89421487603305,
      223.2595041322314
    ],
    [
      99.49178367887679,
      204.36557589230367
    ],
    [
      104.2388200619727,
      185.73069342309364
    ],
    [
      110.60513772751167,
      167.59063130085175
    ],
    [
      119.27999284872834,
      150.44733283279558
    ],
    [
      131.0826576529561,
      135.31211164620936
    ],
    [
      146.38646403540653,
      123.75527471716643
    ],
    [
      164.28689231234685,
      116.85566300302122
    ],
    [
      183.30023164196152,
      114.14776771278147
    ],
    [
      202.52561983471074,
      114.40661157024793
    ]
  ],
  "bboxes": [
    [
      188.82644628099172,
      92.93223140495867,
      27.028099173553727,
      36.65454545454544
    ],
    [
      25.03683841136348,
      142.53770271530172,
      149.68543157194654,
      18.08887390597539
    ]
  ],
  "categories": [
    8,
    7
  ],
  "control_points": []
}