{
  "image_path": "/home/quynhthu/Documents/AI-project/e2e/data/raw/3632799b-frame_461_jpg.rf.0c5bd7b5d521eb082a96c9f6f21a7881.jpg",
  "command": 3,
  "waypoints": [
    [
      104.0396694214876,
      224.0
    ],
    [
      104.56067299276667,
      211.26789669062012
    ],
    [
      105.08167656404575,
      198.53579338124027
    ],
    [
      105.60268013532479,
      185.80369007186042
    ],
    [
      106.12368370660388,
      173.0715867624806
    ],
    [
      106.64468727788294,
      160.33948345310074
    ],
    [
      107.165690849162,
      147.6073801437209
    ],
    [
      107.68669442044109,
      134.87527683434107
    ],
    [
      108.20769799172017,
      122.14317352496123
    ],
    [
      108.72870156299922,
      109.41107021558135
    ]
  ],
  "bboxes": [
    [
      178.75250997170514,
      89.40426781309394,
      10.609667940713024,
      27.282003276119184
    ],
    [
      39.05571568849442,
      134.39770945761276,
      138.37988538071187,
      18.08887390597539
    ]
  ],
  "categories": [
    13,
    7
  ],
  "control_points": []
}