{
  "image_path": "/home/quynhthu/Documents/AI-project/e2e/data/raw/36354661-frame_1535_jpg.rf.b590be54d86a877b9fd7150da9f33020.jpg",
  "command": 2,
  "waypoints": [
    [
      91.45123966942148,
      222.1487603305785
    ],
    [
      95.96768367539107,
      203.05655563181645
    ],
    [
      102.59121788251169,
      184.60084011345052
    ],
    [
      111.99738233416284,
      167.41091212433744
    ],
    [
      124.82316465230558,
      152.61929154724245
    ],
    [
      141.01351910813332,
      141.62565144910468
    ],
    [
      159.46150720986594,
      135.05903046184557
    ],
    [
      178.8563615494783,
      132.21914960386098
    ],
    [
      198.46788973433937,
      131.81019303299877
    ],
    [
      218.07603305785122,
      132.54876033057852
    ]
  ],
  "bboxes": [
    [
      196.60165289256196,
      111.44462809917354,
      26.65785123966944,
      45.540495867768584
    ]
  ],
  "categories": [
    4
  ],
  "control_points": []
}