{
  "image_path": "/home/quynhthu/Documents/AI-project/e2e/data/raw/36354661-frame_1535_jpg.rf.f40e87ad6f8caffe569816d4f3c100c2.jpg",
  "command": 1,
  "waypoints": [
    [
      100.33719008264463,
      223.2595041322314
    ],
    [
      93.88106960341804,
      208.66164261441457
    ],
    [
      87.14265159950622,
      194.19255665895014
    ],
    [
      79.80705307969762,
      180.01963531319467
    ],
    [
      71.23087801355916,
      166.57319447889785
    ],
    [
      60.34369923020798,
      154.94772998206312
    ],
    [
      46.75231184731419,
      146.64926233243273
    ],
    [
      31.73356317318971,
      141.28971314294876
    ],
    [
      16.286691534731936,
      137.27787854838084
    ],
    [
      0.7404958677685949,
      133.6595041322314
    ]
  ],
  "bboxes": [
    [
      199.93388429752065,
      112.55537190082644,
      23.32561983471075,
      44.42975206611568
    ]
  ],
  "categories": [
    4
  ],
  "control_points": []
}