{
  "image_path": "/home/quynhthu/Documents/AI-project/e2e/data/raw/36766986-frame_1111_jpg.rf.ef8b1550c8d21c7c4e9e4106e221b76b.jpg",
  "command": 2,
  "waypoints": [
    [
      105.15041322314049,
      223.62975206611569
    ],
    [
      105.8824006149533,
      205.50994707350517
    ],
    [
      108.39927196248165,
      187.55878716082378
    ],
    [
      113.35795734002835,
      170.13373882480886
    ],
    [
      121.53255621060049,
      153.9838292967808
    ],
    [
      133.4368247781138,
      140.36771946796105
    ],
    [
      148.60380033861114,
      130.51366804239495
    ],
    [
      165.72526726783875,
      124.63535936966815
    ],
    [
      183.65408253935863,
      122.02327299454805
    ],
    [
      201.78512396694214,
      121.81157024793387
    ]
  ],
  "bboxes": [
    [
      196.60165289256196,
      92.93223140495867,
      27.028099173553727,
      34.80330578512397
    ],
    [
      27.488958474110966,
      154.27480893631068,
      160.66068595936855,
      18.7942689235488
    ]
  ],
  "categories": [
    5,
    7
  ],
  "control_points": []
}