{
  "image_path": "/home/quynhthu/Documents/AI-project/e2e/data/raw/37042e74-frame_2475_jpg.rf.f30f8b15d3e69660d92bdfb53a1df2b9.jpg",
  "command": 2,
  "waypoints": [
    [
      98.48595041322314,
      223.2595041322314
    ],
    [
      100.24300969684971,
      203.19224554935482
    ],
    [
      103.2399539908505,
      183.27693253653536
    ],
    [
      108.22538808505372,
      163.77492795634814
    ],
    [
      116.46622056621781,
      145.44023608133136
    ],
    [
      129.45046616748544,
      130.14388024760527
    ],
    [
      146.8746262205086,
      120.19309578319387
    ],
    [
      166.38876518668698,
      115.3593321443175
    ],
    [
      186.45746640934752,
      113.77649641055595
    ],
    [
      206.598347107438,
      114.03636363636363
    ]
  ],
  "bboxes": [
    [
      187.71570247933883,
      92.56198347107437,
      29.249586776859502,
      34.80330578512397
    ],
    [
      30.8234255411922,
      141.8463407771897,
      144.29148399369706,
      16.67233533540619
    ]
  ],
  "categories": [
    8,
    7
  ],
  "control_points": []
}