{
  "image_path": "/home/quynhthu/Documents/AI-project/e2e/data/raw/3832bd75-frame_525_jpg.rf.d32ffcaf6c3db7e13033bb33e4645ca5.jpg",
  "command": 2,
  "waypoints": [
    [
      89.2297520661157,
      223.2595041322314
    ],
    [
      91.8640137919241,
      202.35863704116596
    ],
    [
      96.29092920619267,
      181.77193326354842
    ],
    [
      103.52333595262002,
      162.01610965677864
    ],
    [
      115.06426671558143,
      144.47171439092156
    ],
    [
      131.6689753379985,
      131.64900117355182
    ],
    [
      151.46847752743534,
      124.61655293763167
    ],
    [
      172.28743311642128,
      121.50548319427588
    ],
    [
      193.31552055321183,
      120.25404906085633
    ],
    [
      214.37355371900824,
      119.5900826446281
    ]
  ],
  "bboxes": [
    [
      178.0892561983471,
      97.74545454545454,
      25.91735537190081,
      34.43305785123967
    ],
    [
      8.694689550562192,
      156.09360915471865,
      174.6048209671628,
      18.188002184079437
    ]
  ],
  "categories": [
    13,
    7
  ],
  "control_points": []
}