{
  "image_path": "/home/quynhthu/Documents/AI-project/e2e/data/raw/385ee8eb-frame_547_jpg.rf.e590672e9adf0b940aaec08cd66aa18f.jpg",
  "command": 1,
  "waypoints": [
    [
      94.78347107438016,
      223.2595041322314
    ],
    [
      91.49946749500188,
      205.65069319237634
    ],
    [
      88.2849579431691,
      188.02956045146658
    ],
    [
      84.34372351705076,
      170.56352554477857
    ],
    [
      78.00070060853541,
      153.85188220788027
    ],
    [
      67.06065076318112,
      139.76341101532694
    ],
    [
      51.99285682440249,
      130.18865189812436
    ],
    [
      35.1451462237062,
      124.17212942142565
    ],
    [
      17.687055699922603,
      120.19317336184827
    ],
    [
      0.0,
      117.36859504132231
    ]
  ],
  "bboxes": [
    [
      183.27272727272725,
      108.48264462809917,
      29.990082644628103,
      42.94876033057852
    ],
    [
      0.0,
      179.1676723749019,
      185.57559432689524,
      21.706648687170457
    ]
  ],
  "categories": [
    13,
    7
  ],
  "control_points": []
}