{
  "image_path": "/home/quynhthu/Documents/AI-project/e2e/data/raw/3874b1b3-frame_189_jpg.rf.6c9e88431b4c54d99ffbe6a6bb9d8572.jpg",
  "command": 1,
  "waypoints": [
    [
      121.07107438016529,
      223.62975206611569
    ],
    [
      118.59063845771658,
      202.11968499851375
    ],
    [
      114.95414813852805,
      180.77913630603183
    ],
    [
      109.24710739220335,
      159.91102894244636
    ],
    [
      99.77631716380262,
      140.50454802613334
    ],
    [
      84.66978591530916,
      125.13277399024442
    ],
    [
      65.10629267703858,
      116.03439034983464
    ],
    [
      43.93505777776177,
      111.62491004412925
    ],
    [
      22.3783265218234,
      109.6524428017574
    ],
    [
      0.7404958677686233,
      108.85289256198347
    ]
  ],
  "bboxes": [
    [
      193.63966942148758,
      79.60330578512396,
      23.695867768595036,
      37.02479338842974
    ],
    [
      32.94535912933481,
      148.5152749113522,
      153.68861845547144,
      17.8848688143448
    ]
  ],
  "categories": [
    10,
    7
  ],
  "control_points": []
}