{
  "image_path": "/home/quynhthu/Documents/AI-project/e2e/data/raw/43174595-frame_1941_jpg.rf.28fd95d00529c02fad037eae6891174c.jpg",
  "command": 2,
  "waypoints": [
    [
      101.44793388429751,
      221.7785123966942
    ],
    [
      102.84158457916612,
      201.5601224173936
    ],
    [
      106.14966692398635,
      181.57641182931602
    ],
    [
      112.51152318508424,
      162.36769052823627
    ],
    [
      123.33939262210981,
      145.31173952905056
    ],
    [
      138.98106360822493,
      132.54333138708202
    ],
    [
      157.6847144558903,
      124.86976867275982
    ],
    [
      177.5885170983165,
      121.16784545833727
    ],
    [
      197.81860080364623,
      120.07835259532037
    ],
    [
      218.07603305785122,
      120.70082644628098
    ]
  ],
  "bboxes": [
    [
      184.75371900826445,
      92.93223140495867,
      30.36033057851239,
      36.65454545454544
    ],
    [
      17.18242390313261,
      158.21554274286123,
      168.239020202735,
      13.944135007794245
    ]
  ],
  "categories": [
    6,
    7
  ],
  "control_points": []
}