{
  "image_path": "/home/quynhthu/Documents/AI-project/e2e/data/raw/434daa544cb2fdeca4a3_jpg.rf.94e24a071de068c0a6cdc78fb281a7c7.jpg",
  "command": 0,
  "waypoints": [
    [
      140.32396694214876,
      223.2595041322314
    ],
    [
      147.09604445436923,
      205.7016724260091
    ],
    [
      154.04873939214514,
      188.2146592588041
    ],
    [
      161.28684420395254,
      170.84405585532477
    ],
    [
      168.9780162235074,
      153.66982631740208
    ],
    [
      177.37136468330698,
      136.82892521628258
    ],
    [
      186.7495395398219,
      120.51771500509942
    ],
    [
      197.22070376339747,
      104.88552418299747
    ],
    [
      208.5394466827988,
      89.8531523777894
    ],
    [
      220.29752066115702,
      75.16033057851239
    ]
  ],
  "bboxes": [],
  "categories": [],
  "control_points": [
    [
      140.32396694214876,
      223.2595041322314
    ],
    [
      173.64628099173552,
      135.88099173553718
    ],
    [
      185.12396694214874,
      118.4793388429752
    ],
    [
      220.29752066115702,
      75.16033057851239
    ]
  ]
}