{
  "image_path": "/home/quynhthu/Documents/AI-project/e2e/data/raw/435678c8-frame_4229_jpg.rf.8712efb425310a064942dead866479ad.jpg",
  "command": 2,
  "waypoints": [
    [
      109.96363636363635,
      223.62975206611569
    ],
    [
      111.77123322446141,
      202.44624092380627
    ],
    [
      114.41080141098739,
      181.3525425205318
    ],
    [
      118.53624284136257,
      160.50643965432184
    ],
    [
      125.55876420924926,
      140.48775364642972
    ],
    [
      138.23333140250836,
      123.5785441833494
    ],
    [
      157.15950190209912,
      114.1884094180807
    ],
    [
      178.1627524594589,
      111.2058711244951
    ],
    [
      199.41440441340734,
      110.8952907596606
    ],
    [
      220.6677685950413,
      111.44462809917354
    ]
  ],
  "bboxes": [
    [
      177.3487603305785,
      78.86280991735536,
      23.695867768595036,
      31.84132231404959
    ],
    [
      45.07069391872111,
      132.44920631541532,
      136.41001638059595,
      19.400535663018104
    ]
  ],
  "categories": [
    0,
    7
  ],
  "control_points": []
}