{
  "image_path": "/home/quynhthu/Documents/AI-project/e2e/data/raw/4397f5e5-frame_7821_jpg.rf.4b70d93a7c4931305e99d2ba776038a4.jpg",
  "command": 0,
  "waypoints": [
    [
      79.23305785123966,
      223.2595041322314
    ],
    [
      78.65711662075299,
      206.22809917355366
    ],
    [
      78.08117539026631,
      189.19669421487595
    ],
    [
      77.5052341597796,
      172.1652892561982
    ],
    [
      76.92929292929294,
      155.13388429752052
    ],
    [
      76.35335169880624,
      138.10247933884287
    ],
    [
      75.77741046831956,
      121.0710743801652
    ],
    [
      75.20146923783288,
      104.03966942148756
    ],
    [
      74.62552800734619,
      87.00826446280989
    ],
    [
      74.0495867768595,
      69.97685950413222
    ]
  ],
  "bboxes": [
    [
      115.88760330578512,
      60.35041322314049,
      17.40165289256197,
      22.21487603305785
    ]
  ],
  "categories": [
    8
  ],
  "control_points": []
}