{
  "image_path": "/home/quynhthu/Documents/AI-project/e2e/data/raw/446a45c0-frame_4007_jpg.rf.d70a9f42824cf27d2e1e37cc982366bc.jpg",
  "command": 1,
  "waypoints": [
    [
      100.33719008264463,
      223.2595041322314
    ],
    [
      98.78044054191065,
      205.11242175935317
    ],
    [
      95.76034818996176,
      187.1568256304693
    ],
    [
      90.60508552094112,
      169.70429836719944
    ],
    [
      82.38094330642701,
      153.49141534322823
    ],
    [
      70.35054549557495,
      139.8848677132482
    ],
    [
      55.01157416817369,
      130.15031175617167
    ],
    [
      37.84958195383475,
      124.12640275204814
    ],
    [
      19.970647539465546,
      120.69752436384766
    ],
    [
      1.8512396694214874,
      118.8495867768595
    ]
  ],
  "bboxes": [
    [
      187.71570247933883,
      98.85619834710744,
      35.173553719008254,
      37.76528925619834
    ],
    [
      2.96198347107438,
      172.16528925619835,
      196.601652892562,
      21.474380165289233
    ]
  ],
  "categories": [
    0,
    7
  ],
  "control_points": []
}