{
  "image_path": "/home/quynhthu/Documents/AI-project/e2e/data/raw/4531bfcc-frame_63_jpg.rf.5561d64845ea91f12efab7b65b6b155e.jpg",
  "command": 1,
  "waypoints": [
    [
      91.08099173553718,
      222.88925619834708
    ],
    [
      87.963551539348,
      205.88380892862847
    ],
    [
      84.24301490842089,
      189.0012135268919
    ],
    [
      79.6127904638341,
      172.3476044613012
    ],
    [
      73.50490106036655,
      156.1863148902887
    ],
    [
      64.839083236883,
      141.27284964964696
    ],
    [
      52.11933457101456,
      129.68899233621926
    ],
    [
      35.93226528086312,
      123.82279103675464
    ],
    [
      18.759505093964705,
      122.00484186559162
    ],
    [
      1.48099173553719,
      121.44132231404959
    ]
  ],
  "bboxes": [
    [
      181.79173553719008,
      92.19173553719008,
      32.95206611570248,
      40.72727272727272
    ]
  ],
  "categories": [
    10
  ],
  "control_points": []
}