{
  "image_path": "/home/quynhthu/Documents/AI-project/e2e/data/raw/46401501-frame_1097_jpg.rf.d6d2b4a6367a841641640b87f61119e0.jpg",
  "command": 3,
  "waypoints": [
    [
      102.9289256198347,
      223.2595041322314
    ],
    [
      103.62828282828282,
      212.15206611570244
    ],
    [
      104.32764003673095,
      201.04462809917348
    ],
    [
      105.02699724517902,
      189.93719008264455
    ],
    [
      105.72635445362721,
      178.82975206611553
    ],
    [
      106.4257116620753,
      167.72231404958652
    ],
    [
      107.12506887052344,
      156.61487603305756
    ],
    [
      107.82442607897156,
      145.5074380165288
    ],
    [
      108.52378328741966,
      134.40000000000003
    ],
    [
      109.22314049586777,
      123.29256198347106
    ]
  ],
  "bboxes": [
    [
      199.93388429752065,
      98.85619834710744,
      22.955371900826435,
      34.80330578512397
    ],
    [
      16.661157024793386,
      164.0198347107438,
      175.497520661157,
      19.99338842975206
    ]
  ],
  "categories": [
    5,
    7
  ],
  "control_points": []
}