{
  "image_path": "/home/quynhthu/Documents/AI-project/e2e/data/raw/46996897-frame_2091_jpg.rf.a659dcebbaccf7a255c39138e23894c3.jpg",
  "command": 3,
  "waypoints": [
    [
      102.9289256198347,
      223.2595041322314
    ],
    [
      103.62828282828282,
      211.16473829201104
    ],
    [
      104.32764003673095,
      199.0699724517907
    ],
    [
      105.02699724517902,
      186.97520661157031
    ],
    [
      105.7263544536272,
      174.8804407713499
    ],
    [
      106.42571166207529,
      162.7856749311295
    ],
    [
      107.12506887052342,
      150.69090909090912
    ],
    [
      107.82442607897154,
      138.5961432506887
    ],
    [
      108.52378328741966,
      126.50137741046831
    ],
    [
      109.22314049586777,
      114.40661157024793
    ]
  ],
  "bboxes": [
    [
      185.49421487603306,
      93.67272727272727,
      25.91735537190081,
      32.58181818181818
    ],
    [
      24.80661157024793,
      153.65289256198346,
      161.4280991735537,
      14.069421487603307
    ]
  ],
  "categories": [
    6,
    7
  ],
  "control_points": []
}