{
  "image_path": "/home/quynhthu/Documents/AI-project/e2e/data/raw/46996897-frame_2091_jpg.rf.30824ea174e7f830c59ddc847d3b67b8.jpg",
  "command": 3,
  "waypoints": [
    [
      102.9289256198347,
      223.2595041322314
    ],
    [
      103.62828282828282,
      211.16473829201104
    ],
    [
      104.32764003673095,
      199.0699724517907
    ],
    [
      105.02699724517902,
      186.97520661157031
    ],
    [
      105.7263544536272,
      174.8804407713499
    ],
    [
      106.42571166207529,
      162.7856749311295
    ],
    [
      107.12506887052342,
      150.69090909090912
    ],
    [
      107.82442607897154,
      138.5961432506887
    ],
    [
      108.52378328741966,
      126.50137741046831
    ],
    [
      109.22314049586777,
      114.40661157024793
    ]
  ],
  "bboxes": [
    [
      186.23471074380163,
      91.82148760330578,
      26.287603305785126,
      37.39504132231404
    ],
    [
      21.104132231404957,
      153.65289256198346,
      159.94710743801653,
      14.809917355371908
    ]
  ],
  "categories": [
    6,
    7
  ],
  "control_points": []
}