{
  "image_path": "/home/quynhthu/Documents/AI-project/e2e/data/raw/48705b06-frame_3403_jpg.rf.0a5d09c713167c006bf6f45f41959141.jpg",
  "command": 0,
  "waypoints": [
    [
      125.51404958677685,
      223.2595041322314
    ],
    [
      126.54251606978879,
      215.19632690541783
    ],
    [
      127.57098255280073,
      207.13314967860424
    ],
    [
      128.59944903581263,
      199.06997245179068
    ],
    [
      129.62791551882464,
      191.00679522497714
    ],
    [
      130.65638200183653,
      182.94361799816355
    ],
    [
      131.6848484848485,
      174.88044077134992
    ],
    [
      132.71331496786044,
      166.8172635445363
    ],
    [
      133.74178145087237,
      158.75408631772268
    ],
    [
      134.7702479338843,
      150.6909090909091
    ]
  ],
  "bboxes": [
    [
      209.9305785123967,
      88.4892561983471,
      14.069421487603307,
      33.692561983471066
    ],
    [
      42.578512396694215,
      148.46942148760328,
      157.72561983471073,
      24.436363636363637
    ]
  ],
  "categories": [
    9,
    7
  ],
  "control_points": []
}