{
  "image_path": "/home/quynhthu/Documents/AI-project/e2e/data/raw/489af4e5-frame_345_jpg.rf.4fdc57496dc3a207dc7db40bde8d3c44.jpg",
  "command": 0,
  "waypoints": [
    [
      104.0396694214876,
      224.0
    ],
    [
      104.28650137741046,
      217.25325987144168
    ],
    [
      104.53333333333332,
      210.50651974288334
    ],
    [
      104.78016528925617,
      203.75977961432505
    ],
    [
      105.02699724517907,
      197.01303948576674
    ],
    [
      105.27382920110192,
      190.26629935720842
    ],
    [
      105.52066115702479,
      183.51955922865014
    ],
    [
      105.76749311294766,
      176.77281910009182
    ],
    [
      106.01432506887052,
      170.0260789715335
    ],
    [
      106.26115702479338,
      163.2793388429752
    ]
  ],
  "bboxes": [
    [
      194.75041322314047,
      104.0396694214876,
      26.65785123966944,
      36.284297520661156
    ],
    [
      10.36694214876033,
      162.1685950413223,
      184.38347107438014,
      21.844628099173548
    ]
  ],
  "categories": [
    6,
    7
  ],
  "control_points": []
}