{
  "image_path": "/home/quynhthu/Documents/AI-project/e2e/data/raw/5078e98519b5adebf4a413_jpg.rf.dbc37c769580cce746be824a252958b9.jpg",
  "command": 0,
  "waypoints": [
    [
      164.77338933502352,
      207.65764877681315
    ],
    [
      164.9743768228677,
      191.2771685175132
    ],
    [
      165.17536431071184,
      174.89668825821326
    ],
    [
      165.376351798556,
      158.5162079989133
    ],
    [
      165.57733928640025,
      142.13572773961334
    ],
    [
      165.7783267742444,
      125.7552474803134
    ],
    [
      165.97931426208854,
      109.37476722101346
    ],
    [
      166.18030174993274,
      92.99428696171351
    ],
    [
      166.38128923777688,
      76.61380670241356
    ],
    [
      166.58227672562106,
      60.23332644311359
    ]
  ],
  "bboxes": [],
  "categories": [],
  "control_points": [
    [
      164.77338933502352,
      207.65764877681315
    ],
    [
      165.3703221739207,
      159.0076224066923
    ],
    [
      165.9672550128179,
      110.35759603657144
    ],
    [
      166.58227672562106,
      60.23332644311359
    ]
  ]
}