{
  "image_path": "/home/quynhthu/Documents/AI-project/e2e/data/raw/5078e98519b5adebf4a413_jpg.rf.e104bd8313dcdf5aef1b8c13384c5f15.jpg",
  "command": 0,
  "waypoints": [
    [
      164.77338933502352,
      207.65764877681315
    ],
    [
      164.72314246306252,
      190.62395918201963
    ],
    [
      164.67289559110145,
      173.59026958722615
    ],
    [
      164.62264871914036,
      156.55657999243266
    ],
    [
      164.57240184717938,
      139.52289039763915
    ],
    [
      164.5221549752183,
      122.48920080284564
    ],
    [
      164.4719081032573,
      105.45551120805214
    ],
    [
      164.42166123129624,
      88.42182161325864
    ],
    [
      164.37141435933518,
      71.38813201846514
    ],
    [
      164.32116748737414,
      54.35444242367157
    ]
  ],
  "bboxes": [],
  "categories": [],
  "control_points": [
    [
      164.77338933502352,
      207.65764877681315
    ],
    [
      164.62415612529924,
      157.06759068027642
    ],
    [
      164.47492291557492,
      106.4775325837397
    ],
    [
      164.32116748737414,
      54.35444242367157
    ]
  ]
}