{
  "image_path": "/home/quynhthu/Documents/AI-project/e2e/data/raw/509df42b-frame_3769_jpg.rf.279485f4a64b9f5c56a05e9cd745ac56.jpg",
  "command": 2,
  "waypoints": [
    [
      91.9656718634725,
      223.937635292191
    ],
    [
      92.48632379127106,
      202.35147288516114
    ],
    [
      93.98108349392744,
      180.8188350652982
    ],
    [
      98.42485221011374,
      159.74495699527583
    ],
    [
      109.69598359040769,
      141.50009063490506
    ],
    [
      128.1029202128852,
      130.46266656951525
    ],
    [
      149.00198487033958,
      125.20649993701005
    ],
    [
      170.4511604603341,
      122.80337455479369
    ],
    [
      192.02105562952602,
      121.85984367933438
    ],
    [
      213.61334888115715,
      121.73549772342997
    ]
  ],
  "bboxes": [
    [
      191.00225649868787,
      94.60218686446686,
      19.897761296572924,
      36.17774781195084
    ],
    [
      0.0,
      175.5498975937068,
      188.28892541279157,
      16.279986515377942
    ]
  ],
  "categories": [
    9,
    7
  ],
  "control_points": []
}