{
  "image_path": "/home/quynhthu/Documents/AI-project/e2e/data/raw/57363f98-frame_9341_jpg.rf.b0e2022d4105b3c863668aa14c38051e.jpg",
  "command": 0,
  "waypoints": [
    [
      116.83787348418869,
      223.03319159689227
    ],
    [
      114.04687055130648,
      203.02262193897772
    ],
    [
      108.74310611915713,
      183.53235675592933
    ],
    [
      100.57516831427792,
      165.06460048137947
    ],
    [
      89.40030814866049,
      148.25015779198438
    ],
    [
      75.4365711821971,
      133.66903676286054
    ],
    [
      59.206834246055415,
      121.65400204335042
    ],
    [
      41.35231383980841,
      112.20853691705847
    ],
    [
      22.43726285537856,
      105.10730413076995
    ],
    [
      2.8779678765436074,
      100.02884903625949
    ]
  ],
  "bboxes": [
    [
      92.41789371112188,
      54.806664271320955,
      14.471099124780338,
      20.80220499187172
    ]
  ],
  "categories": [
    11
  ],
  "control_points": [
    [
      116.83787348418869,
      223.03319159689227
    ],
    [
      110.50676761709731,
      146.60769934414617
    ],
    [
      62.0,
      112.5
    ],
    [
      2.8779678765436074,
      100.02884903625949
    ]
  ]
}