{
  "image_path": "/home/quynhthu/Documents/AI-project/e2e/data/raw/596e8730-frame_3697_jpg.rf.786495f62916b4b3eea66092366ec939.jpg",
  "command": 0,
  "waypoints": [
    [
      110.50676761709731,
      223.03319159689227
    ],
    [
      110.55701448905836,
      213.08431094860583
    ],
    [
      110.6072613610194,
      203.13543030031943
    ],
    [
      110.6575082329804,
      193.18654965203302
    ],
    [
      110.7077551049415,
      183.23766900374665
    ],
    [
      110.7580019769025,
      173.28878835546024
    ],
    [
      110.80824884886356,
      163.33990770717384
    ],
    [
      110.85849572082459,
      153.39102705888723
    ],
    [
      110.90874259278564,
      143.44214641060046
    ],
    [
      110.95898946474668,
      133.493265762314
    ]
  ],
  "bboxes": [
    [
      37.24682829789689,
      134.84993130526215,
      140.6409946189588,
      18.993317601274185
    ],
    [
      183.7667069362977,
      81.03553143498532,
      16.279986515377857,
      32.55997303075573
    ]
  ],
  "categories": [
    7,
    9
  ],
  "control_points": []
}