{
  "image_path": "/home/quynhthu/Documents/AI-project/e2e/data/raw/6047527f-frame_3667_jpg.rf.37876bcbeb6fc18a5a7d83b5ff45ba97.jpg",
  "command": 0,
  "waypoints": [
    [
      127.69119782777393,
      224.0
    ],
    [
      127.84193844365706,
      214.44616491542308
    ],
    [
      127.99267905954021,
      204.8923298308462
    ],
    [
      128.1434196754233,
      195.33849474626928
    ],
    [
      128.2941602913065,
      185.78465966169233
    ],
    [
      128.44490090718958,
      176.23082457711533
    ],
    [
      128.59564152307271,
      166.67698949253833
    ],
    [
      128.74638213895585,
      157.12315440796144
    ],
    [
      128.89712275483896,
      147.5693193233848
    ],
    [
      129.0478633707221,
      138.01548423880786
    ]
  ],
  "bboxes": [
    [
      202.76002453757187,
      84.65330621618038,
      15.375542820079119,
      31.655529335456976
    ],
    [
      46.29126525088459,
      141.63325902000292,
      156.92098113433667,
      17.184430210676624
    ]
  ],
  "categories": [
    9,
    7
  ],
  "control_points": []
}