{
  "image_path": "/home/quynhthu/Documents/AI-project/e2e/data/raw/626b7aeb-frame_1409_jpg.rf.e3ef906d4a292ad43e7d3bdf038e2c3d.jpg",
  "command": 0,
  "waypoints": [
    [
      110.50676761709731,
      222.5809697492429
    ],
    [
      110.75800197690252,
      212.98381720468373
    ],
    [
      111.00923633670773,
      203.38666466012455
    ],
    [
      111.26047069651291,
      193.7895121155654
    ],
    [
      111.51170505631819,
      184.19235957100628
    ],
    [
      111.76293941612336,
      174.5952070264472
    ],
    [
      112.01417377592857,
      164.99805448188812
    ],
    [
      112.2654081357338,
      155.4009019373289
    ],
    [
      112.51664249553903,
      145.80374939276948
    ],
    [
      112.76787685534423,
      136.2065968482103
    ]
  ],
  "bboxes": [
    [
      175.62671367860878,
      86.46219360677793,
      20.80220499187172,
      24.872201620716183
    ],
    [
      36.342384602598116,
      137.11104054350906,
      145.61543494310203,
      18.08887390597542
    ]
  ],
  "categories": [
    4,
    7
  ],
  "control_points": []
}