{
  "image_path": "/home/quynhthu/Documents/AI-project/e2e/data/raw/6581b3444374f72aae6511_jpg.rf.814da34416dc6396a3721edcceeafcf8.jpg",
  "command": 0,
  "waypoints": [
    [
      111.86343316004545,
      224.0
    ],
    [
      113.72256742260402,
      207.0598747371498
    ],
    [
      115.58170168516263,
      190.11974947429962
    ],
    [
      117.44083594772117,
      173.1796242114494
    ],
    [
      119.29997021027981,
      156.23949894859922
    ],
    [
      121.15910447283837,
      139.29937368574903
    ],
    [
      123.01823873539695,
      122.35924842289883
    ],
    [
      124.87737299795555,
      105.41912316004863
    ],
    [
      126.73650726051414,
      88.4789978971984
    ],
    [
      128.59564152307271,
      71.53887263434821
    ]
  ],
  "bboxes": [],
  "categories": [],
  "control_points": [
    [
      111.86343316004545,
      224.0
    ],
    [
      117.38506191984445,
      173.6878279693349
    ],
    [
      122.90669067964345,
      123.37565593866981
    ],
    [
      128.59564152307271,
      71.53887263434821
    ]
  ]
}