{
  "image_path": "/home/quynhthu/Documents/AI-project/e2e/data/raw/664_Color_jpg.rf.1c5f149d25d92d889c380f9c5a8a29a1.jpg",
  "command": 0,
  "waypoints": [
    [
      47.15607380296114,
      220.43440298420597
    ],
    [
      50.82114498959173,
      202.55329810397794
    ],
    [
      54.48621617622233,
      184.67219322374987
    ],
    [
      58.151287362852884,
      166.79108834352186
    ],
    [
      61.81635854948352,
      148.90998346329383
    ],
    [
      65.48142973611414,
      131.02887858306556
    ],
    [
      69.14650092274476,
      113.14777370283736
    ],
    [
      72.8115721093754,
      95.2666688226091
    ],
    [
      76.47664329600597,
      77.38556394238113
    ],
    [
      80.14171448263656,
      59.50445906215312
    ]
  ],
  "bboxes": [
    [
      117.12561463863628,
      4.02860882815353,
      51.97737319221582,
      32.48585824513489
    ]
  ],
  "categories": [
    3
  ],
  "control_points": []
}