{
  "image_path": "/home/quynhthu/Documents/AI-project/e2e/data/raw/664_Color_jpg.rf.986e5588ad09e350d381536606448441.jpg",
  "command": 0,
  "waypoints": [
    [
      43.15781432663684,
      221.43396785328704
    ],
    [
      47.26713656619236,
      203.44180020982773
    ],
    [
      51.37645880574789,
      185.44963256636842
    ],
    [
      55.48578104530339,
      167.45746492290908
    ],
    [
      59.59510328485895,
      149.46529727944977
    ],
    [
      63.70442552441445,
      131.47312963599046
    ],
    [
      67.81374776396997,
      113.48096199253112
    ],
    [
      71.9230700035255,
      95.48879434907181
    ],
    [
      76.03239224308103,
      77.49662670561247
    ],
    [
      80.14171448263656,
      59.50445906215312
    ]
  ],
  "bboxes": [
    [
      118.6249619422579,
      5.028173697234607,
      51.97737319221582,
      31.486293376053816
    ]
  ],
  "categories": [
    3
  ],
  "control_points": [
    [
      43.15781432663684,
      221.43396785328704
    ],
    [
      55.36250137811675,
      167.99722995221285
    ],
    [
      67.56718842959665,
      114.56049205113865
    ],
    [
      80.14171448263656,
      59.50445906215312
    ]
  ]
}