{
  "image_path": "/home/quynhthu/Documents/AI-project/e2e/data/raw/6728fe7e-frame_951_jpg.rf.ddc53ff264aa67d10758067995f9c61b.jpg",
  "command": 0,
  "waypoints": [
    [
      98.13388212609588,
      222.93331515690866
    ],
    [
      98.80025870548326,
      213.71510580871652
    ],
    [
      99.46663528487066,
      204.49689646052437
    ],
    [
      100.13301186425801,
      195.27868711233225
    ],
    [
      100.79938844364544,
      186.06047776414013
    ],
    [
      101.4657650230328,
      176.842268415948
    ],
    [
      102.13214160242018,
      167.6240590677559
    ],
    [
      102.79851818180757,
      158.40584971956378
    ],
    [
      103.46489476119496,
      149.18764037137166
    ],
    [
      104.13127134058233,
      139.96943102317954
    ]
  ],
  "bboxes": [
    [
      184.0964608670682,
      86.49271052734211,
      25.988686596107897,
      32.98564067967541
    ],
    [
      25.16564668317752,
      140.96899589226064,
      152.93342496940426,
      21.990427119783618
    ]
  ],
  "categories": [
    5,
    7
  ],
  "control_points": []
}