{
  "image_path": "/home/quynhthu/Documents/AI-project/e2e/data/raw/6728fe7e-frame_951_jpg.rf.4b157e8911f17475cd84c9c77fe7c561.jpg",
  "command": 3,
  "waypoints": [
    [
      98.13388212609588,
      222.93331515690866
    ],
    [
      99.5776980481019,
      210.27216014854832
    ],
    [
      101.0215139701079,
      197.611005140188
    ],
    [
      102.46532989211387,
      184.94985013182767
    ],
    [
      103.90914581411991,
      172.2886951234674
    ],
    [
      105.35296173612589,
      159.62754011510708
    ],
    [
      106.79677765813187,
      146.9663851067469
    ],
    [
      108.24059358013787,
      134.30523009838677
    ],
    [
      109.68440950214385,
      121.64407509002658
    ],
    [
      111.12822542414985,
      108.98292008166626
    ]
  ],
  "bboxes": [
    [
      182.59711356344664,
      86.99249296188263,
      29.986946072432147,
      34.98477041783758
    ],
    [
      23.666299379555905,
      139.96943102317954,
      156.43190201118804,
      20.99086225070255
    ]
  ],
  "categories": [
    5,
    7
  ],
  "control_points": []
}