{
  "image_path": "/home/quynhthu/Documents/AI-project/e2e/data/raw/684_Color_jpg.rf.ff35d48c98408e943038fc2a08ddc078.jpg",
  "command": 3,
  "waypoints": [
    [
      85.13953882804194,
      224.0
    ],
    [
      86.36122922358547,
      204.8897469493383
    ],
    [
      87.582919619129,
      185.77949389867666
    ],
    [
      88.8046100146725,
      166.66924084801505
    ],
    [
      90.02630041021608,
      147.55898779735347
    ],
    [
      91.24799080575958,
      128.4487347466919
    ],
    [
      92.46968120130312,
      109.33848169603033
    ],
    [
      93.69137159684664,
      90.22822864536867
    ],
    [
      94.9130619923902,
      71.11797559470672
    ],
    [
      96.13475238793373,
      52.00772254404503
    ]
  ],
  "bboxes": [
    [
      154.109514794636,
      49.00902793680185,
      22.989991988864688,
      31.486293376053816
    ],
    [
      155.1090796637171,
      38.01381437691003,
      66.97084622843192,
      62.97258675210764
    ]
  ],
  "categories": [
    8,
    3
  ],
  "control_points": []
}