{
  "image_path": "/home/quynhthu/Documents/AI-project/e2e/data/raw/684_Color_jpg.rf.cb7f4622960f142333c3fed9c4babdd9.jpg",
  "command": 0,
  "waypoints": [
    [
      85.13953882804194,
      224.0
    ],
    [
      86.36122922358547,
      204.8897469493383
    ],
    [
      87.582919619129,
      185.77949389867666
    ],
    [
      88.8046100146725,
      166.66924084801505
    ],
    [
      90.02630041021608,
      147.55898779735347
    ],
    [
      91.24799080575958,
      128.4487347466919
    ],
    [
      92.46968120130312,
      109.33848169603033
    ],
    [
      93.69137159684664,
      90.22822864536867
    ],
    [
      94.9130619923902,
      71.11797559470672
    ],
    [
      96.13475238793373,
      52.00772254404503
    ]
  ],
  "bboxes": [
    [
      151.6106026219333,
      47.00989819863971,
      26.988251465188995,
      35.484552852378094
    ],
    [
      147.1125607110685,
      35.51490220420735,
      75.96693005016155,
      66.4710637938914
    ]
  ],
  "categories": [
    8,
    3
  ],
  "control_points": []
}