{
  "image_path": "/home/quynhthu/Documents/AI-project/e2e/data/raw/696_Color_jpg.rf.02cf55e7b7b973654080bf6e35c9864a.jpg",
  "command": 0,
  "waypoints": [
    [
      86.13910369712302,
      223.43309759144918
    ],
    [
      88.30482758013201,
      204.55242784214005
    ],
    [
      90.47055146314099,
      185.67175809283094
    ],
    [
      92.63627534614996,
      166.79108834352186
    ],
    [
      94.801999229159,
      147.91041859421267
    ],
    [
      96.96772311216797,
      129.02974884490337
    ],
    [
      99.13344699517698,
      110.14907909559412
    ],
    [
      101.29917087818598,
      91.26840934628491
    ],
    [
      103.46489476119496,
      72.3877395969758
    ],
    [
      105.63061864420393,
      53.507069847666656
    ]
  ],
  "bboxes": [
    [
      135.11778228209562,
      5.028173697234606,
      11.494995994432315,
      15.993037905297175
    ]
  ],
  "categories": [
    8
  ],
  "control_points": []
}