{
  "image_path": "/home/quynhthu/Documents/AI-project/e2e/data/raw/699_Color_jpg.rf.4bcb4320b7e4c83b494e9d6c89fbb542.jpg",
  "command": 2,
  "waypoints": [
    [
      94.63540508431213,
      223.43309759144918
    ],
    [
      96.57900344085866,
      204.4968964605244
    ],
    [
      98.5226017974052,
      185.5606953295996
    ],
    [
      100.4662001539517,
      166.62449419867482
    ],
    [
      102.40979851049828,
      147.68829306775012
    ],
    [
      104.35339686704476,
      128.75209193682545
    ],
    [
      106.29699522359131,
      109.8158908059008
    ],
    [
      108.24059358013781,
      90.87968967497604
    ],
    [
      110.18419193668437,
      71.94348854405102
    ],
    [
      112.12779029323092,
      53.00728741312614
    ]
  ],
  "bboxes": [
    [
      143.61408366928472,
      10.025998042639976,
      13.993908167135032,
      18.991732512540402
    ]
  ],
  "categories": [
    8
  ],
  "control_points": []
}