{
  "image_path": "/home/quynhthu/Documents/AI-project/e2e/data/raw/97626cae8b483a166359_jpg.rf.c3ab402839c76aa393cd28d4138b6090.jpg",
  "command": 0,
  "waypoints": [
    [
      93.63584021523106,
      224.0
    ],
    [
      89.01194829638553,
      208.44366386750875
    ],
    [
      84.78067688860307,
      192.77661880709385
    ],
    [
      81.20693107352223,
      176.94801709594836
    ],
    [
      78.72799632342833,
      160.91525042246988
    ],
    [
      78.10208355618178,
      144.71444241169846
    ],
    [
      80.5683434646648,
      128.71265171063655
    ],
    [
      87.4306729868354,
      114.07144367228933
    ],
    [
      98.50080334604982,
      102.27540341643233
    ],
    [
      112.12779029323094,
      93.48966461090961
    ]
  ],
  "bboxes": [],
  "categories": [],
  "control_points": []
}