{
  "image_path": "/home/quynhthu/Documents/AI-project/e2e/data/raw/dataCollect2_frame_000089_jpg.rf.4bc47c409eecf4ba750cb01d7e47daa5.jpg",
  "command": 0,
  "waypoints": [
    [
      132.33333333333334,
      168.66666666666666
    ],
    [
      131.38021267442878,
      158.38111608378338
    ],
    [
      130.56024167449218,
      148.084209016286
    ],
    [
      129.97271650597253,
      137.77173361997944
    ],
    [
      129.80254791950776,
      127.44501441845647
    ],
    [
      130.41239159729986,
      117.1389689058684
    ],
    [
      132.51508310889477,
      107.04338036216173
    ],
    [
      137.05988295000517,
      97.79992495296992
    ],
    [
      143.94858147217525,
      90.1308689284971
    ],
    [
      152.0,
      83.66666666666667
    ]
  ],
  "bboxes": [],
  "categories": [],
  "control_points": []
}