{
  "image_path": "/home/quynhthu/Documents/AI-project/e2e/data/raw/dataCollect_frame_000040_jpg.rf.82a0d78aecf4efcb5d69adab3d945c74_dup1.jpg",
  "command": 0,
  "waypoints": [
    [
      114.63226392100465,
      171.8205607988348
    ],
    [
      115.03202339025952,
      161.94203927061727
    ],
    [
      115.32982909921702,
      152.05995596523795
    ],
    [
      115.50324439365558,
      142.17492802596783
    ],
    [
      115.53462324921877,
      132.28843424799632
    ],
    [
      115.43189113504447,
      122.40239247134016
    ],
    [
      115.2538000796058,
      112.51738168708293
    ],
    [
      115.09970929222469,
      102.63198002632038
    ],
    [
      115.04985172572911,
      92.74554110089235
    ],
    [
      115.1320463555452,
      82.85928745061928
    ]
  ],
  "bboxes": [
    [
      187.600499363923,
      47.37473459824119,
      20.491079816162,
      32.48585824513488
    ]
  ],
  "categories": [
    9
  ],
  "control_points": []
}