{
  "image_path": "/home/quynhthu/Documents/AI-project/e2e/data/raw/dataCollect0_frame_000120_jpg.rf.b349a7cf5f78ae495c7222e36ac8b904.jpg",
  "command": 0,
  "waypoints": [
    [
      104.66666666666667,
      186.66666666666666
    ],
    [
      104.36839317377466,
      177.32332989855797
    ],
    [
      104.57579104173315,
      167.97725488845455
    ],
    [
      105.24268409853376,
      158.65256330679026
    ],
    [
      106.34873388914103,
      149.3696917341952
    ],
    [
      107.89411512919281,
      140.14983086741617
    ],
    [
      109.90155915773444,
      131.01958739103918
    ],
    [
      112.4165210103183,
      122.01624870693236
    ],
    [
      115.5185008892032,
      113.19862207037131
    ],
    [
      119.33333333333333,
      104.66666666666667
    ]
  ],
  "bboxes": [
    [
      102.33333333333333,
      61.0,
      45.0,
      39.0
    ]
  ],
  "categories": [
    3
  ],
  "control_points": [
    [
      104.66666666666667,
      186.66666666666666
    ],
    [
      103.0,
      159.66666666666666
    ],
    [
      108.33333333333333,
      126.33333333333333
    ],
    [
      119.33333333333333,
      104.66666666666667
    ]
  ]
}