{
  "image_path": "/home/quynhthu/Documents/AI-project/e2e/data/raw/dataCollect2_frame_000171_jpg.rf.da27023b6317fda8b312302f6eaecba8.jpg",
  "command": 1,
  "waypoints": [
    [
      95.61309219628478,
      169.92289614688406
    ],
    [
      87.035928047425,
      160.0450242081032
    ],
    [
      78.06596601153333,
      150.52288080542382
    ],
    [
      68.6473784056004,
      141.44489711875943
    ],
    [
      58.725931280644716,
      132.92025724366204
    ],
    [
      48.25623170530629,
      125.07990540494662
    ],
    [
      37.21961697695299,
      118.06143098450585
    ],
    [
      25.63314709364548,
      111.99471750880363
    ],
    [
      13.559978524522071,
      106.96612508416372
    ],
    [
      1.0987260375632866,
      102.99406269477507
    ]
  ],
  "bboxes": [],
  "categories": [],
  "control_points": [
    [
      95.61309219628478,
      169.92289614688406
    ],
    [
      63.05311916552905,
      131.03181724903695
    ],
    [
      34.1109209159684,
      112.03849964776276
    ],
    [
      1.0987260375632866,
      102.99406269477507
    ]
  ]
}