{
  "image_path": "/home/quynhthu/Documents/AI-project/e2e/data/raw/dataCollect2_frame_000311_jpg.rf.b826ba4320ed5004be1b6ad0d278fd36_dup1.jpg",
  "command": 0,
  "waypoints": [
    [
      125.02125461600387,
      170.52535379905672
    ],
    [
      125.51222796002098,
      162.05606361476157
    ],
    [
      126.00320130403809,
      153.58677343046642
    ],
    [
      126.49417464805516,
      145.11748324617128
    ],
    [
      126.98514799207233,
      136.6481930618761
    ],
    [
      127.47612133608939,
      128.178902877581
    ],
    [
      127.96709468010651,
      119.70961269328592
    ],
    [
      128.4580680241236,
      111.2403225089908
    ],
    [
      128.9490413681407,
      102.77103232469575
    ],
    [
      129.44001471215782,
      94.30174214040059
    ]
  ],
  "bboxes": [
    [
      80.83365365446409,
      95.95877717645833,
      92.24161700721427,
      18.779730408654416
    ],
    [
      197.37845119052525,
      30.229720746167917,
      23.750835516827635,
      61.31029633413644
    ]
  ],
  "categories": [
    7,
    12
  ],
  "control_points": []
}