{
  "image_path": "/home/quynhthu/Documents/AI-project/e2e/data/raw/dataCollect2_frame_000033_jpg.rf.dc03ad76cbfd4a7844d94065d8544071_dup2.jpg",
  "command": 3,
  "waypoints": [
    [
      122.66666666666667,
      169.66666666666666
    ],
    [
      123.03082072554288,
      160.5772888917734
    ],
    [
      123.43445014750922,
      151.4895816725303
    ],
    [
      123.88602835277665,
      142.40413501069352
    ],
    [
      124.39772539876229,
      133.32188381961473
    ],
    [
      124.98643635971808,
      124.24431467774633
    ],
    [
      125.67969660687002,
      115.17416387873203
    ],
    [
      126.51866806907968,
      106.11639595998408
    ],
    [
      127.51964850837265,
      97.07502062262841
    ],
    [
      128.0,
      88.0
    ]
  ],
  "bboxes": [
    [
      57.333333333333336,
      131.66666666666666,
      138.66666666666666,
      18.333333333333332
    ]
  ],
  "categories": [
    7
  ],
  "control_points": [
    [
      122.66666666666667,
      169.66666666666666
    ],
    [
      125.33333333333333,
      99.66666666666667
    ],
    [
      128.33333333333334,
      99.0
    ],
    [
      128.0,
      88.0
    ]
  ]
}