{
  "image_path": "/home/quynhthu/Documents/AI-project/e2e/data/raw/dataCollect2_frame_000311_jpg.rf.c5c010a3dda6a2b609d587afb2449f5c_dup1.jpg",
  "command": 1,
  "waypoints": [
    [
      128.33532468811936,
      172.7347338471337
    ],
    [
      128.66709101525132,
      153.3838502304296
    ],
    [
      127.49950347369536,
      134.0697984373344
    ],
    [
      123.91472791308938,
      115.06962932286538
    ],
    [
      116.27247649308255,
      97.36043692243683
    ],
    [
      102.83028918168053,
      83.64143292927949
    ],
    [
      85.04764023062819,
      76.23258829940092
    ],
    [
      65.93034270748356,
      73.32864151663809
    ],
    [
      46.601002971990255,
      72.33514777925973
    ],
    [
      27.256187488597096,
      71.65559664761145
    ]
  ],
  "bboxes": [
    [
      200.1401762506215,
      26.915650674052426,
      22.093800480769858,
      64.62436640625192
    ],
    [
      83.04303370254107,
      94.85408715241982,
      97.76506712740675,
      17.12269537259668
    ]
  ],
  "categories": [
    12,
    7
  ],
  "control_points": [
    [
      128.33532468811936,
      172.7347338471337
    ],
    [
      133.30642979629255,
      66.13214652741898
    ],
    [
      87.46179379869504,
      74.41732170770767
    ],
    [
      27.256187488597096,
      71.65559664761145
    ]
  ]
}