{
  "image_path": "/home/quynhthu/Documents/AI-project/e2e/data/raw/dataCollect2_frame_000075_jpg.rf.2d1f3337d90a362117c7c3d377784eec.jpg",
  "command": 3,
  "waypoints": [
    [
      109.29961280547253,
      173.29005511365074
    ],
    [
      109.52449137918465,
      161.2215716577676
    ],
    [
      109.74936995289676,
      149.15308820188446
    ],
    [
      109.97424852660883,
      137.08460474600133
    ],
    [
      110.199127100321,
      125.01612129011829
    ],
    [
      110.42400567403305,
      112.94763783423527
    ],
    [
      110.64888424774517,
      100.87915437835225
    ],
    [
      110.87376282145728,
      88.81067092246923
    ],
    [
      111.0986413951694,
      76.7421874665862
    ],
    [
      111.32351996888148,
      64.67370401070309
    ]
  ],
  "bboxes": [
    [
      160.40724704886017,
      43.16522994368481,
      9.995648690810754,
      17.492385208918797
    ]
  ],
  "categories": [
    9
  ],
  "control_points": []
}