{
  "image_path": "/home/quynhthu/Documents/AI-project/e2e/data/raw/dataCollect2_frame_000311_jpg.rf.b826ba4320ed5004be1b6ad0d278fd36.jpg",
  "command": 3,
  "waypoints": [
    [
      125.02125461600387,
      170.52535379905672
    ],
    [
      125.81908630003167,
      158.86473687865035
    ],
    [
      126.61691798405947,
      147.20411995824398
    ],
    [
      127.41474966808725,
      135.5435030378376
    ],
    [
      128.2125813521151,
      123.88288611743128
    ],
    [
      129.01041303614284,
      112.22226919702499
    ],
    [
      129.80824472017065,
      100.56165227661867
    ],
    [
      130.60607640419846,
      88.90103535621236
    ],
    [
      131.40390808822627,
      77.24041843580606
    ],
    [
      132.20173977225406,
      65.57980151539974
    ]
  ],
  "bboxes": [
    [
      83.04303370254107,
      96.51112218847757,
      97.21272211538752,
      16.570350360577407
    ],
    [
      200.1401762506215,
      29.677375734148665,
      22.646145492789145,
      70.70016153846363
    ]
  ],
  "categories": [
    7,
    12
  ],
  "control_points": []
}