{
  "image_path": "/home/quynhthu/Documents/AI-project/e2e/data/raw/dataCollect2_frame_000082_jpg.rf.28ea2cdf7f9b2423b5a9868079d04340_dup5.jpg",
  "command": 0,
  "waypoints": [
    [
      190.3941931212924,
      160.61410206071093
    ],
    [
      183.31443113587852,
      150.02898860535456
    ],
    [
      175.5755360462447,
      139.91343101912238
    ],
    [
      167.38017657645577,
      130.16326850277957
    ],
    [
      158.8294200568093,
      120.72286728666657
    ],
    [
      149.98596981006665,
      111.55586846541898
    ],
    [
      140.8947569388869,
      102.63439308134491
    ],
    [
      131.5883653865632,
      93.93751359375699
    ],
    [
      122.09281637352576,
      85.44748518347481
    ],
    [
      112.42813333296867,
      77.15043549244132
    ]
  ],
  "bboxes": [],
  "categories": [],
  "control_points": [
    [
      190.3941931212924,
      160.61410206071093
    ],
    [
      181.89789173410327,
      146.6201938935759
    ],
    [
      159.90746461431965,
      117.13303025568423
    ],
    [
      112.42813333296867,
      77.15043549244132
    ]
  ]
}