{
  "image_path": "/home/quynhthu/Documents/AI-project/e2e/data/raw/dataCollect2_frame_000241_jpg.rf.154196b4d1b386a1cd62b9c2ab61ccd0.jpg",
  "command": 0,
  "waypoints": [
    [
      60.949233221771166,
      177.70583895530692
    ],
    [
      58.46721725123202,
      167.74463282678508
    ],
    [
      56.05772903383671,
      157.76560909660384
    ],
    [
      53.65906226689986,
      147.7839729259865
    ],
    [
      51.17971229972694,
      137.82214007022134
    ],
    [
      48.53594501739857,
      127.902770119233
    ],
    [
      45.68991348174901,
      118.03955340191182
    ],
    [
      42.64773735171289,
      108.2350218386052
    ],
    [
      39.43840025213163,
      98.48387968959476
    ],
    [
      36.09370768090505,
      88.77829202020811
    ]
  ],
  "bboxes": [],
  "categories": [],
  "control_points": [
    [
      60.949233221771166,
      177.70583895530692
    ],
    [
      52.66405804148248,
      145.11748324617133
    ],
    [
      50.45467799340549,
      129.65182290963241
    ],
    [
      36.09370768090505,
      88.77829202020811
    ]
  ]
}