{
  "image_path": "/home/quynhthu/Documents/AI-project/e2e/data/raw/dataCollect2_frame_000189_jpg.rf.2160d2dd1c89a1b1be99bb480d6192e5.jpg",
  "command": 0,
  "waypoints": [
    [
      96.96975773923293,
      167.20956506098776
    ],
    [
      93.37657365491002,
      154.92463647354396
    ],
    [
      89.10496016564132,
      142.86132606962587
    ],
    [
      83.62678364646557,
      131.30249433544057
    ],
    [
      76.39233278745435,
      120.76516049684878
    ],
    [
      67.20638658297322,
      111.88398372877677
    ],
    [
      56.45990285671746,
      104.96128557518357
    ],
    [
      44.762218352516214,
      99.78679135822037
    ],
    [
      32.559058173008864,
      95.93771857825479
    ],
    [
      20.092043638837463,
      93.04518204648859
    ]
  ],
  "bboxes": [],
  "categories": [],
  "control_points": [
    [
      96.96975773923293,
      167.20956506098776
    ],
    [
      85.6642115479983,
      126.05737692489369
    ],
    [
      74.35866535676368,
      103.89850639007383
    ],
    [
      20.092043638837463,
      93.04518204648859
    ]
  ]
}