{
  "image_path": "/home/quynhthu/Documents/AI-project/e2e/data/raw/dataCollect2_frame_000189_jpg.rf.63c5330157fc7a78adb56c088c263636.jpg",
  "command": 0,
  "waypoints": [
    [
      97.8742014345317,
      165.8528995180396
    ],
    [
      93.95964122941132,
      153.7578799239883
    ],
    [
      89.39829197351915,
      141.89413220066666
    ],
    [
      83.66937164229718,
      130.55456193019802
    ],
    [
      76.25143856486913,
      120.2514190305458
    ],
    [
      66.98146034870092,
      111.58253348093689
    ],
    [
      56.241854271278264,
      104.80876537749747
    ],
    [
      44.60159597221608,
      99.71843603317889
    ],
    [
      32.47530241155713,
      95.91412607567153
    ],
    [
      20.092043638837463,
      93.04518204648859
    ]
  ],
  "bboxes": [],
  "categories": [],
  "control_points": [
    [
      97.8742014345317,
      165.8528995180396
    ],
    [
      85.6642115479983,
      126.05737692489369
    ],
    [
      74.35866535676368,
      103.89850639007383
    ],
    [
      20.092043638837463,
      93.04518204648859
    ]
  ]
}