{
  "image_path": "/home/quynhthu/Documents/AI-project/e2e/data/raw/dataCollect2_frame_000065_jpg.rf.a3e3cf774b3b4729bd7aeb9138bbb059.jpg",
  "command": 0,
  "waypoints": [
    [
      85.33333333333333,
      173.33333333333334
    ],
    [
      87.77399943114892,
      165.48263186389823
    ],
    [
      90.13252370692749,
      157.60701075066257
    ],
    [
      92.27422394613846,
      149.66992513715513
    ],
    [
      94.13704010633188,
      141.66286358511158
    ],
    [
      95.72259756185802,
      133.59624174843788
    ],
    [
      97.06380394580124,
      125.48530783088864
    ],
    [
      98.20065287921533,
      117.34313263444771
    ],
    [
      99.16938637237332,
      109.1791901691476
    ],
    [
      100.0,
      101.0
    ]
  ],
  "bboxes": [],
  "categories": [],
  "control_points": [
    [
      85.33333333333333,
      173.33333333333334
    ],
    [
      91.0,
      155.0
    ],
    [
      96.33333333333333,
      140.0
    ],
    [
      100.0,
      101.0
    ]
  ]
}