{
  "image_path": "/home/quynhthu/Documents/AI-project/e2e/data/raw/dataCollect0_frame_000017_jpg.rf.9bc8684c96cbcd07ade41ef3fcea48e0.jpg",
  "command": 0,
  "waypoints": [
    [
      104.66666666666667,
      188.0
    ],
    [
      106.69606030326833,
      176.3843260291646
    ],
    [
      108.42876589157653,
      164.72080851488167
    ],
    [
      109.96365272827178,
      153.0294929133216
    ],
    [
      111.35487990816243,
      141.32016476433003
    ],
    [
      112.63657319196552,
      129.59831746449473
    ],
    [
      113.8331286302665,
      117.86745955009559
    ],
    [
      114.96529957818683,
      106.13020211445348
    ],
    [
      116.06052835941595,
      94.38947247904173
    ],
    [
      117.33333333333333,
      82.66666666666667
    ]
  ],
  "bboxes": [
    [
      19.666666666666668,
      168.33333333333334,
      166.0,
      26.0
    ],
    [
      157.33333333333334,
      50.0,
      11.333333333333334,
      16.666666666666668
    ],
    [
      62.333333333333336,
      49.666666666666664,
      12.0,
      14.333333333333334
    ],
    [
      43.333333333333336,
      51.333333333333336,
      51.333333333333336,
      33.333333333333336
    ],
    [
      142.0,
      50.666666666666664,
      43.333333333333336,
      39.0
    ],
    [
      91.66666666666667,
      44.666666666666664,
      17.666666666666668,
      16.0
    ],
    [
      130.0,
      45.666666666666664,
      12.0,
      11.333333333333334
    ]
  ],
  "categories": [
    7,
    8,
    8,
    3,
    3,
    3,
    3
  ],
  "control_points": []
}