{
  "image_path": "/home/quynhthu/Documents/AI-project/e2e/data/raw/dataCollect2_frame_000082_jpg.rf.28ea2cdf7f9b2423b5a9868079d04340_dup3.jpg",
  "command": 1,
  "waypoints": [
    [
      52.95402362264482,
      173.10866292422435
    ],
    [
      51.394505687520365,
      162.0351743749232
    ],
    [
      50.104380135056154,
      150.92738693516566
    ],
    [
      49.216006776684296,
      139.7806237125443
    ],
    [
      48.838179810567006,
      128.60528071893498
    ],
    [
      49.06389684844116,
      117.42623742941205
    ],
    [
      49.97631764667328,
      106.28260833062745
    ],
    [
      51.646255380738125,
      95.22750038294217
    ],
    [
      54.1275754329082,
      84.32616317795586
    ],
    [
      57.452065533509646,
      73.65195845065755
    ]
  ],
  "bboxes": [],
  "categories": [],
  "control_points": [
    [
      52.95402362264482,
      173.10866292422435
    ],
    [
      48.95576414632053,
      146.12041145903535
    ],
    [
      44.457722235455705,
      110.13607617211672
    ],
    [
      57.452065533509646,
      73.65195845065755
    ]
  ]
}