{
  "image_path": "/home/quynhthu/Documents/AI-project/e2e/data/raw/dataCollect2_frame_000023_jpg.rf.164c984f2e01eb1bf99547fd5296feee.jpg",
  "command": 0,
  "waypoints": [
    [
      170.33333333333334,
      179.33333333333334
    ],
    [
      163.7631020671253,
      168.59153416629457
    ],
    [
      157.13823871637274,
      157.88351479993784
    ],
    [
      150.1794241106335,
      147.39046233288275
    ],
    [
      142.65407991617136,
      137.297529499048
    ],
    [
      134.41099230275054,
      127.78327066555939
    ],
    [
      125.3953227195493,
      118.99850305067088
    ],
    [
      115.64257421615436,
      111.04001571959397
    ],
    [
      105.24987101818319,
      103.93667680156358
    ],
    [
      94.33333333333333,
      97.66666666666667
    ]
  ],
  "bboxes": [],
  "categories": [],
  "control_points": [
    [
      170.33333333333334,
      179.33333333333334
    ],
    [
      152.33333333333334,
      150.33333333333334
    ],
    [
      137.33333333333334,
      120.33333333333333
    ],
    [
      94.33333333333333,
      97.66666666666667
    ]
  ]
}