{
  "image_path": "/home/quynhthu/Documents/AI-project/e2e/data/raw/dataCollect2_frame_000274_jpg.rf.fd7b84aa9245d1e6d1f7c51daeba905f.jpg",
  "command": 3,
  "waypoints": [
    [
      89.11882883475278,
      173.83942387117216
    ],
    [
      91.81918222684688,
      163.4062403108086
    ],
    [
      94.51953561894098,
      152.97305675044507
    ],
    [
      97.21988901103505,
      142.5398731900815
    ],
    [
      99.9202424031292,
      132.10668962971798
    ],
    [
      102.62059579522327,
      121.6735060693544
    ],
    [
      105.32094918731737,
      111.24032250899087
    ],
    [
      108.02130257941145,
      100.80713894862731
    ],
    [
      110.72165597150558,
      90.37395538826371
    ],
    [
      113.42200936359967,
      79.94077182790015
    ]
  ],
  "bboxes": [],
  "categories": [],
  "control_points": [
    [
      89.11882883475278,
      173.83942387117216
    ],
    [
      97.13887840927225,
      142.8528686968924
    ],
    [
      105.15892798379173,
      111.86631352261263
    ],
    [
      113.42200936359967,
      79.94077182790015
    ]
  ]
}