{
  "image_path": "/home/quynhthu/Documents/AI-project/e2e/data/raw/dataCollect0_frame_000013_jpg.rf.40569fca09921c72cb4c63a7f763c40d.jpg",
  "command": 3,
  "waypoints": [
    [
      109.0,
      186.66666666666666
    ],
    [
      109.8941449660124,
      175.15644502142803
    ],
    [
      110.72239430189644,
      163.64129879417678
    ],
    [
      111.50899352297124,
      152.12322625683566
    ],
    [
      112.2668296940464,
      140.60322312226137
    ],
    [
      113.0043610577464,
      129.08190107535125
    ],
    [
      113.728039215832,
      117.55969992255233
    ],
    [
      114.44474593251094,
      106.03706269107626
    ],
    [
      115.16636114183103,
      94.51475035883338
    ],
    [
      116.0,
      83.0
    ]
  ],
  "bboxes": [
    [
      156.33333333333334,
      50.666666666666664,
      11.0,
      15.666666666666666
    ],
    [
      65.0,
      49.0,
      9.666666666666666,
      13.0
    ],
    [
      142.33333333333334,
      51.666666666666664,
      41.666666666666664,
      34.0
    ],
    [
      30.0,
      159.0,
      149.33333333333334,
      21.666666666666668
    ],
    [
      130.0,
      47.0,
      11.666666666666666,
      10.0
    ],
    [
      93.33333333333333,
      45.333333333333336,
      18.666666666666668,
      14.0
    ],
    [
      44.333333333333336,
      49.666666666666664,
      52.0,
      36.666666666666664
    ]
  ],
  "categories": [
    8,
    8,
    3,
    7,
    3,
    3,
    3
  ],
  "control_points": []
}