{
  "image_path": "/home/quynhthu/Documents/AI-project/e2e/data/raw/dataCollect2_frame_000069_jpg.rf.45bed4da773e7e4e8a89bfe36300561a.jpg",
  "command": 2,
  "waypoints": [
    [
      123.46696294933525,
      167.2183336234239
    ],
    [
      124.51639629332509,
      153.2758620532732
    ],
    [
      125.56582963731495,
      139.3333904831225
    ],
    [
      126.61526298130474,
      125.39091891297181
    ],
    [
      127.66469632529463,
      111.44844734282113
    ],
    [
      128.71412966928443,
      97.5059757726705
    ],
    [
      129.76356301327425,
      83.56350420252001
    ],
    [
      130.8129963572641,
      69.6210326323695
    ],
    [
      131.86242970125392,
      55.67856106221888
    ],
    [
      132.91186304524373,
      41.736089492068174
    ]
  ],
  "bboxes": [
    [
      157.9083348761575,
      5.181764918604028,
      8.496301387189135,
      11.49499599443234
    ]
  ],
  "categories": [
    9
  ],
  "control_points": []
}