{
  "image_path": "/home/quynhthu/Documents/AI-project/e2e/data/raw/dataCollect0_frame_000087_jpg.rf.355a870b53817a6fc7ba60486b40b35d.jpg",
  "command": 2,
  "waypoints": [
    [
      142.66666666666666,
      189.66666666666666
    ],
    [
      146.88981708497874,
      178.52690161443152
    ],
    [
      152.71872852029824,
      168.1234985485278
    ],
    [
      159.7476902194804,
      158.48929898085262
    ],
    [
      167.88386931814122,
      149.77087725147047
    ],
    [
      177.0593979825654,
      142.1556760482917
    ],
    [
      187.17389139550872,
      135.8422411529544
    ],
    [
      198.0702584434805,
      131.0022863605524
    ],
    [
      209.53435084337877,
      127.72543504206304
    ],
    [
      221.33333333333334,
      126.0
    ]
  ],
  "bboxes": [],
  "categories": [],
  "control_points": [
    [
      142.66666666666666,
      189.66666666666666
    ],
    [
      146.0,
      176.0
    ],
    [
      168.33333333333334,
      130.33333333333334
    ],
    [
      221.33333333333334,
      126.0
    ]
  ]
}