{
  "image_path": "/home/quynhthu/Documents/AI-project/e2e/data/raw/dataCollect0_frame_000151_jpg.rf.4e040e9e0eca89f2d7f3dad6394d0f26_dup1.jpg",
  "command": 3,
  "waypoints": [
    [
      120.66666666666667,
      188.33333333333334
    ],
    [
      120.96058641398305,
      174.99634172761782
    ],
    [
      121.02356109642285,
      161.65596094029945
    ],
    [
      120.93490257431726,
      148.3156939601298
    ],
    [
      120.71771102967796,
      134.97688811629448
    ],
    [
      120.38403447808065,
      121.64048133516503
    ],
    [
      119.94119996651511,
      108.30724883102185
    ],
    [
      119.39427061863029,
      94.97787743376675
    ],
    [
      118.74623607165022,
      81.65303680748855
    ],
    [
      118.0,
      68.33333333333333
    ]
  ],
  "bboxes": [
    [
      173.33333333333334,
      57.0,
      13.333333333333334,
      17.333333333333332
    ]
  ],
  "categories": [
    4
  ],
  "control_points": [
    [
      120.66666666666667,
      188.33333333333334
    ],
    [
      121.0,
      180.33333333333334
    ],
    [
      122.0,
      135.33333333333334
    ],
    [
      118.0,
      68.33333333333333
    ]
  ]
}