{
  "image_path": "/home/quynhthu/Documents/AI-project/e2e/data/raw/dataCollect2_frame_000014_jpg.rf.37775d98454718a8df068e56553c81c2_dup1.jpg",
  "command": 1,
  "waypoints": [
    [
      118.66666666666667,
      167.66666666666666
    ],
    [
      115.14581034760796,
      157.05535431871394
    ],
    [
      110.47940791779554,
      146.89123684118533
    ],
    [
      104.94948436778446,
      137.16865487803807
    ],
    [
      98.66955775630068,
      127.91246931610137
    ],
    [
      91.68823193638305,
      119.17327553945243
    ],
    [
      84.02164030051894,
      111.02908645544657
    ],
    [
      75.67651359227695,
      103.58265080751788
    ],
    [
      66.66076639821564,
      96.965374280383
    ],
    [
      57.0,
      91.33333333333333
    ]
  ],
  "bboxes": [],
  "categories": [],
  "control_points": [
    [
      118.66666666666667,
      167.66666666666666
    ],
    [
      113.0,
      145.33333333333334
    ],
    [
      91.0,
      108.66666666666667
    ],
    [
      57.0,
      91.33333333333333
    ]
  ]
}