{
  "image_path": "/home/quynhthu/Documents/AI-project/e2e/data/raw/dataCollect2_frame_000290_jpg.rf.d6d0c435a2db08812bea126484ed8b8b.jpg",
  "command": 2,
  "waypoints": [
    [
      93.53758893090676,
      169.9730087870375
    ],
    [
      94.93586009501891,
      155.47277144742475
    ],
    [
      96.54906555716765,
      140.9951713483923
    ],
    [
      98.61747598749253,
      126.57676980281457
    ],
    [
      101.62914936482242,
      112.3314691233078
    ],
    [
      106.6792463933379,
      98.7039943325234
    ],
    [
      115.72859033237607,
      87.39733413579337
    ],
    [
      128.74453640638365,
      81.03024797019613
    ],
    [
      143.0664114350192,
      78.5122290208776
    ],
    [
      157.6096103251394,
      77.73139177982317
    ]
  ],
  "bboxes": [
    [
      59.29219818571343,
      87.12125698415036,
      81.7470617788486,
      12.151590264423447
    ]
  ],
  "categories": [
    7
  ],
  "control_points": []
}