{
  "image_path": "/home/quynhthu/Documents/AI-project/e2e/data/raw/dataCollect2_frame_000013_jpg.rf.2f01f40d3fc01bd42bc5aa1f191cc614.jpg",
  "command": 0,
  "waypoints": [
    [
      124.66666666666667,
      167.0
    ],
    [
      121.384572141001,
      155.7514650601578
    ],
    [
      116.70777686512741,
      145.00170799795333
    ],
    [
      110.9616896337386,
      134.78206750142496
    ],
    [
      104.2728556539256,
      125.15279012620628
    ],
    [
      96.7035448817539,
      116.19927577223264
    ],
    [
      88.29792243902365,
      108.0263050121323
    ],
    [
      79.10572594336755,
      100.74998840650703
    ],
    [
      69.19729134401511,
      94.48456764520061
    ],
    [
      58.666666666666664,
      89.33333333333333
    ]
  ],
  "bboxes": [],
  "categories": [],
  "control_points": [
    [
      124.66666666666667,
      167.0
    ],
    [
      120.33333333333333,
      145.66666666666666
    ],
    [
      99.66666666666667,
      106.66666666666667
    ],
    [
      58.666666666666664,
      89.33333333333333
    ]
  ]
}