{
  "image_path": "/home/quynhthu/Documents/AI-project/e2e/data/raw/dataCollect0_frame_000105_jpg.rf.9794e8f57dc862c7eb15e750147296a6_dup1.jpg",
  "command": 0,
  "waypoints": [
    [
      124.66666666666667,
      188.66666666666666
    ],
    [
      124.82893802690303,
      176.08681006868517
    ],
    [
      123.50241641319316,
      163.57833486722149
    ],
    [
      120.47635155099319,
      151.37197771147336
    ],
    [
      115.60187640538147,
      139.7821451224335
    ],
    [
      108.85661461188688,
      129.17318487874763
    ],
    [
      100.39530329172692,
      119.87462175540679
    ],
    [
      90.52888848630904,
      112.07953333904334
    ],
    [
      79.61982336981542,
      105.82037509943922
    ],
    [
      68.0,
      101.0
    ]
  ],
  "bboxes": [],
  "categories": [],
  "control_points": [
    [
      124.66666666666667,
      188.66666666666666
    ],
    [
      127.33333333333333,
      148.66666666666666
    ],
    [
      110.0,
      115.66666666666667
    ],
    [
      68.0,
      101.0
    ]
  ]
}