{
  "image_path": "/home/quynhthu/Documents/AI-project/e2e/data/raw/dataCollect2_frame_000311_jpg.rf.b826ba4320ed5004be1b6ad0d278fd36_dup2.jpg",
  "command": 1,
  "waypoints": [
    [
      128.33532468811936,
      167.76362873896048
    ],
    [
      129.17565721867646,
      148.86025107981752
    ],
    [
      128.0939028333074,
      129.97663985487452
    ],
    [
      123.93631607140193,
      111.54785949667325
    ],
    [
      114.95532661864242,
      94.99393729115283
    ],
    [
      100.4097334260093,
      83.08322528284653
    ],
    [
      82.640865452961,
      76.73212730205871
    ],
    [
      63.935157181941506,
      73.93357704848755
    ],
    [
      45.05003305955483,
      72.69282285357457
    ],
    [
      26.151497464558602,
      71.65559664761145
    ]
  ],
  "bboxes": [],
  "categories": [],
  "control_points": [
    [
      128.33532468811936,
      167.76362873896048
    ],
    [
      136.62049986840807,
      67.78918156347672
    ],
    [
      82.49068869052182,
      75.52201173174618
    ],
    [
      26.151497464558602,
      71.65559664761145
    ]
  ]
}