{
  "image_path": "/home/quynhthu/Documents/AI-project/e2e/data/raw/dataCollect0_frame_000181_jpg.rf.751b147ede8e82d03e67b11a8e46eb25_dup1.jpg",
  "command": 3,
  "waypoints": [
    [
      120.66666666666667,
      187.66666666666666
    ],
    [
      120.76541295490972,
      176.25808864642082
    ],
    [
      120.95041941235424,
      164.8504952849622
    ],
    [
      121.1407330014447,
      153.44298615319246
    ],
    [
      121.29642314662514,
      142.03495974495192
    ],
    [
      121.3903099280048,
      130.62626837179207
    ],
    [
      121.39919360914922,
      119.21720849404805
    ],
    [
      121.29985431994953,
      107.80859724916337
    ],
    [
      121.06629284822155,
      96.40197241470118
    ],
    [
      120.66666666666667,
      85.0
    ]
  ],
  "bboxes": [
    [
      11.0,
      67.0,
      64.0,
      42.333333333333336
    ],
    [
      164.66666666666666,
      63.0,
      59.333333333333336,
      49.0
    ],
    [
      132.0,
      47.333333333333336,
      19.666666666666668,
      18.333333333333332
    ],
    [
      78.0,
      48.666666666666664,
      27.666666666666668,
      22.666666666666668
    ]
  ],
  "categories": [
    3,
    3,
    3,
    3
  ],
  "control_points": [
    [
      120.66666666666667,
      187.66666666666666
    ],
    [
      120.66666666666667,
      165.66666666666666
    ],
    [
      122.33333333333333,
      123.33333333333333
    ],
    [
      120.66666666666667,
      85.0
    ]
  ]
}