{
  "image_path": "/home/quynhthu/Documents/AI-project/e2e/data/raw/dataCollect0_frame_000154_jpg.rf.c08ff179d7480869d0cfb0b0870cabc9.jpg",
  "command": 3,
  "waypoints": [
    [
      122.33333333333333,
      183.66666666666666
    ],
    [
      122.74603612391411,
      174.18881589814922
    ],
    [
      122.7866287460542,
      161.99198291540222
    ],
    [
      122.66938919794195,
      149.79557641741323
    ],
    [
      122.43473916641004,
      137.60084259110826
    ],
    [
      122.10274466293907,
      125.40836053598169
    ],
    [
      121.68567071348032,
      113.21848621446178
    ],
    [
      121.19208730593733,
      101.03146604362651
    ],
    [
      120.62843673181716,
      88.84748267357323
    ],
    [
      120.0,
      76.66666666666667
    ]
  ],
  "bboxes": [],
  "categories": [],
  "control_points": [
    [
      122.33333333333333,
      183.66666666666666
    ],
    [
      122.33333333333333,
      192.66666666666666
    ],
    [
      124.33333333333333,
      156.66666666666666
    ],
    [
      120.0,
      76.66666666666667
    ]
  ]
}