{
  "image_path": "/home/quynhthu/Documents/AI-project/e2e/data/raw/dataCollect2_frame_000020_jpg.rf.7cfc7ebf47e2ae78f1e42d769a8d75ee_dup1.jpg",
  "command": 3,
  "waypoints": [
    [
      178.66666666666666,
      174.33333333333334
    ],
    [
      171.7943694585374,
      161.19263456153797
    ],
    [
      163.58879575188197,
      148.83820904132673
    ],
    [
      154.29028045951935,
      137.28252530570984
    ],
    [
      144.06407400100488,
      126.538217603365
    ],
    [
      133.0383894847197,
      116.61527626277523
    ],
    [
      121.32518204536761,
      107.51337018800251
    ],
    [
      109.02226340056002,
      99.22525223957818
    ],
    [
      96.22053385159914,
      91.7299555480286
    ],
    [
      83.0,
      85.0
    ]
  ],
  "bboxes": [],
  "categories": [],
  "control_points": [
    [
      178.66666666666666,
      174.33333333333334
    ],
    [
      174.66666666666666,
      165.66666666666666
    ],
    [
      153.33333333333334,
      118.33333333333333
    ],
    [
      83.0,
      85.0
    ]
  ]
}