{
  "image_path": "/home/quynhthu/Documents/AI-project/e2e/data/raw/dataCollect2_frame_000084_jpg.rf.c6439db20132e56ca96cf431746345b8.jpg",
  "command": 0,
  "waypoints": [
    [
      146.33333333333334,
      169.33333333333334
    ],
    [
      136.6425843127893,
      161.0766382849766
    ],
    [
      127.0531899697068,
      152.70260749486278
    ],
    [
      117.61942976466123,
      144.1537643694443
    ],
    [
      108.38524329507801,
      135.38989936932708
    ],
    [
      99.40599130005802,
      126.36529309447428
    ],
    [
      90.76076081380211,
      117.0207248492513
    ],
    [
      82.57492929662341,
      107.27221122676895
    ],
    [
      75.06708454300922,
      96.9947707168924
    ],
    [
      68.66666666666667,
      86.0
    ]
  ],
  "bboxes": [],
  "categories": [],
  "control_points": [
    [
      146.33333333333334,
      169.33333333333334
    ],
    [
      128.66666666666666,
      154.33333333333334
    ],
    [
      83.66666666666667,
      116.66666666666667
    ],
    [
      68.66666666666667,
      86.0
    ]
  ]
}