{
  "image_path": "/home/quynhthu/Documents/AI-project/e2e/data/raw/dataCollect2_frame_000054_jpg.rf.1441936bfa35a09b78f1b25a56ce10b1.jpg",
  "command": 0,
  "waypoints": [
    [
      150.41159835804945,
      164.1125791024947
    ],
    [
      150.02287868674014,
      152.56205172644673
    ],
    [
      149.63415901543084,
      141.01152435039876
    ],
    [
      149.24543934412154,
      129.46099697435082
    ],
    [
      148.85671967281223,
      117.91046959830285
    ],
    [
      148.46800000150296,
      106.35994222225489
    ],
    [
      148.0792803301936,
      94.80941484620692
    ],
    [
      147.69056065888432,
      83.25888747015897
    ],
    [
      147.30184098757502,
      71.70836009411101
    ],
    [
      146.91312131626572,
      60.15783271806306
    ]
  ],
  "bboxes": [],
  "categories": [],
  "control_points": [
    [
      150.41159835804945,
      164.1125791024947
    ],
    [
      149.25710093426082,
      129.80751279563225
    ],
    [
      148.1026035104722,
      95.50244648876982
    ],
    [
      146.91312131626572,
      60.15783271806306
    ]
  ]
}