{
  "image_path": "/home/quynhthu/Documents/AI-project/e2e/data/raw/dataCollect0_frame_000138_jpg.rf.eac27bccf81b4914dd697d4b81a5309e_dup1.jpg",
  "command": 3,
  "waypoints": [
    [
      116.0,
      189.66666666666666
    ],
    [
      116.33085703029955,
      183.6006266214242
    ],
    [
      116.48913134819247,
      177.52729126600033
    ],
    [
      116.56018854176789,
      171.45224500568304
    ],
    [
      116.58248397183674,
      165.3768050255773
    ],
    [
      116.57905371600776,
      159.30131823238148
    ],
    [
      116.56720171675492,
      153.22584013278777
    ],
    [
      116.56323269072419,
      147.1503536973999
    ],
    [
      116.58655222135462,
      141.07491956653703
    ],
    [
      116.66666666666667,
      135.0
    ]
  ],
  "bboxes": [],
  "categories": [],
  "control_points": [
    [
      116.0,
      189.66666666666666
    ],
    [
      117.0,
      177.0
    ],
    [
      116.33333333333333,
      151.33333333333334
    ],
    [
      116.66666666666667,
      135.0
    ]
  ]
}