{
  "image_path": "/home/quynhthu/Documents/AI-project/e2e/data/raw/dataCollect2_frame_000067_jpg.rf.149956df0bdf411c7709959baec346f5.jpg",
  "command": 2,
  "waypoints": [
    [
      109.29961280547253,
      166.54369790228753
    ],
    [
      110.72384377231589,
      152.97602395499047
    ],
    [
      112.14807473915921,
      139.4083500076934
    ],
    [
      113.57230570600252,
      125.8406760603963
    ],
    [
      114.99653667284592,
      112.2730021130992
    ],
    [
      116.42076763968925,
      98.70532816580206
    ],
    [
      117.8449986065326,
      85.13765421850488
    ],
    [
      119.26922957337597,
      71.56998027120767
    ],
    [
      120.6934605402193,
      58.002306323910524
    ],
    [
      122.11769150706263,
      44.43463237661346
    ]
  ],
  "bboxes": [],
  "categories": [],
  "control_points": []
}