{
  "image_path": "/home/quynhthu/Documents/AI-project/e2e/data/raw/dataCollect0_frame_000107_jpg.rf.7e5e0bc40fc1a3607d390bfeebf06c26.jpg",
  "command": 0,
  "waypoints": [
    [
      82.66666666666667,
      190.0
    ],
    [
      74.35288838320632,
      181.18677516711122
    ],
    [
      65.83005899366097,
      172.5755894039189
    ],
    [
      57.09672321611049,
      164.17799840522193
    ],
    [
      48.15553114330873,
      156.0020671101843
    ],
    [
      39.0156768201835,
      148.04879891487172
    ],
    [
      29.69496529422489,
      140.3081910080173
    ],
    [
      20.222260037944448,
      132.7542204160858
    ],
    [
      10.638636383548272,
      125.3413256552664
    ],
    [
      1.0,
      118.0
    ]
  ],
  "bboxes": [],
  "categories": [],
  "control_points": [
    [
      82.66666666666667,
      190.0
    ],
    [
      51.333333333333336,
      156.0
    ],
    [
      24.666666666666668,
      136.0
    ],
    [
      1.0,
      118.0
    ]
  ]
}