{
  "image_path": "/home/quynhthu/Documents/AI-project/e2e/data/raw/dataCollect_frame_000055_jpg.rf.976c67032d0cc48b4ab1c1fbd0e4c49d.jpg",
  "command": 0,
  "waypoints": [
    [
      103.63705036111283,
      175.31903784061856
    ],
    [
      101.76887695310606,
      164.68473476288196
    ],
    [
      99.58631218226252,
      154.11052876297217
    ],
    [
      97.09514433071479,
      143.60467501759322
    ],
    [
      94.3445291131543,
      133.16360013347636
    ],
    [
      91.4120826579836,
      122.77200188471085
    ],
    [
      88.37504140098056,
      112.41042366760706
    ],
    [
      85.29421284433893,
      102.06176017907366
    ],
    [
      82.21030575231751,
      91.71401244940586
    ],
    [
      79.14771106862655,
      81.35994014699767
    ]
  ],
  "bboxes": [],
  "categories": [],
  "control_points": [
    [
      103.63705036111283,
      175.31903784061856
    ],
    [
      98.63922601570748,
      144.33252689910526
    ],
    [
      91.64227193213996,
      123.84144708294328
    ],
    [
      79.14771106862655,
      81.35994014699767
    ]
  ]
}