{
  "image_path": "/home/quynhthu/Documents/AI-project/e2e/data/raw/dataCollect0_frame_000005_jpg.rf.1aa709d93a59b79a364f0174f271d892.jpg",
  "command": 3,
  "waypoints": [
    [
      105.33333333333333,
      185.66666666666666
    ],
    [
      105.82960611578197,
      174.09991914952425
    ],
    [
      106.43786940920552,
      162.53853378876394
    ],
    [
      107.11812406964738,
      150.98114318828448
    ],
    [
      107.8487164413699,
      139.42681855194675
    ],
    [
      108.61561839793005,
      127.87484372690079
    ],
    [
      109.40806584552831,
      116.32459116153683
    ],
    [
      110.21507497697837,
      104.77534564238795
    ],
    [
      111.01822226367018,
      93.225865665684
    ],
    [
      111.66666666666667,
      81.66666666666667
    ]
  ],
  "bboxes": [
    [
      144.33333333333334,
      47.333333333333336,
      10.333333333333334,
      14.333333333333334
    ],
    [
      98.33333333333333,
      43.666666666666664,
      13.666666666666666,
      11.666666666666666
    ],
    [
      68.0,
      40.666666666666664,
      15.333333333333334,
      13.0
    ]
  ],
  "categories": [
    6,
    3,
    3
  ],
  "control_points": []
}