{
  "image_path": "/home/quynhthu/Documents/AI-project/e2e/data/raw/dataCollect2_frame_000218_jpg.rf.9454fa5d6ccaa7255c3d66c56d1a12ad.jpg",
  "command": 0,
  "waypoints": [
    [
      187.43624097417882,
      193.17149929184586
    ],
    [
      191.48677106232,
      187.83216417565984
    ],
    [
      195.5373011504611,
      182.49282905947373
    ],
    [
      199.5878312386022,
      177.15349394328763
    ],
    [
      203.63836132674342,
      171.81415882710164
    ],
    [
      207.68889141488455,
      166.47482371091553
    ],
    [
      211.7394215030257,
      161.1354885947295
    ],
    [
      215.78995159116684,
      155.79615347854346
    ],
    [
      219.840481679308,
      150.4568183623574
    ],
    [
      223.89101176744913,
      145.11748324617133
    ]
  ],
  "bboxes": [
    [
      166.44713051744742,
      41.828965998572095,
      49.71105108173222,
      55.234501201924736
    ]
  ],
  "categories": [
    3
  ],
  "control_points": []
}