{
  "image_path": "/home/quynhthu/Documents/AI-project/e2e/data/raw/dataCollect0_frame_000005_jpg.rf.1aa709d93a59b79a364f0174f271d892_dup1.jpg",
  "command": 1,
  "waypoints": [
    [
      102.33333333333333,
      186.0
    ],
    [
      99.47760431192206,
      170.73565870460996
    ],
    [
      93.33475855555453,
      156.48850578971124
    ],
    [
      84.67129474313127,
      143.60852035804893
    ],
    [
      74.07563614699073,
      132.25867188307538
    ],
    [
      61.97615272216837,
      122.52386838981579
    ],
    [
      48.69832193439486,
      114.46756337563396
    ],
    [
      34.50732231453164,
      108.15561927922887
    ],
    [
      19.643456255803688,
      103.65002263185015
    ],
    [
      4.333333333333333,
      101.0
    ]
  ],
  "bboxes": [
    [
      143.0,
      48.666666666666664,
      12.666666666666666,
      13.0
    ],
    [
      68.33333333333333,
      42.0,
      17.0,
      12.333333333333334
    ],
    [
      100.0,
      45.333333333333336,
      11.666666666666666,
      9.666666666666666
    ]
  ],
  "categories": [
    6,
    3,
    3
  ],
  "control_points": []
}