{
  "image_path": "/home/quynhthu/Documents/AI-project/e2e/data/raw/dataCollect2_frame_000290_jpg.rf.8c4aa21c6567b0ad892ac1b294051710.jpg",
  "command": 3,
  "waypoints": [
    [
      96.85165900302223,
      167.21128372694125
    ],
    [
      97.5881190190479,
      155.79615347854346
    ],
    [
      98.32457903507355,
      144.3810232301457
    ],
    [
      99.0610390510992,
      132.9658929817479
    ],
    [
      99.79749906712492,
      121.55076273335015
    ],
    [
      100.53395908315055,
      110.13563248495238
    ],
    [
      101.27041909917624,
      98.7205022365546
    ],
    [
      102.00687911520188,
      87.30537198815681
    ],
    [
      102.74333913122756,
      75.89024173975903
    ],
    [
      103.47979914725322,
      64.47511149136123
    ]
  ],
  "bboxes": [
    [
      60.396888209751936,
      83.25484190001565,
      81.74706177884856,
      20.989110456731396
    ]
  ],
  "categories": [
    7
  ],
  "control_points": [
    [
      96.85165900302223,
      167.21128372694125
    ],
    [
      99.03894525061845,
      133.30834688919984
    ],
    [
      101.22623149821469,
      99.40541005145843
    ],
    [
      103.47979914725322,
      64.47511149136123
    ]
  ]
}