{
  "image_path": "/home/quynhthu/Documents/AI-project/e2e/data/raw/dataCollect2_frame_000286_jpg.rf.982fd4011fbfb8be1d9457ab388e7fcd.jpg",
  "command": 0,
  "waypoints": [
    [
      113.42200936359967,
      171.07769881107592
    ],
    [
      113.85161103961465,
      161.93332027875726
    ],
    [
      114.28121271562962,
      152.78894174643864
    ],
    [
      114.71081439164455,
      143.64456321412
    ],
    [
      115.14041606765957,
      134.50018468180136
    ],
    [
      115.57001774367453,
      125.35580614948263
    ],
    [
      115.9996194196895,
      116.21142761716393
    ],
    [
      116.42922109570448,
      107.06704908484518
    ],
    [
      116.85882277171943,
      97.92267055252672
    ],
    [
      117.2884244477344,
      88.77829202020811
    ]
  ],
  "bboxes": [
    [
      90.22351885879128,
      68.34152657549598,
      45.292290985578276,
      9.389865204327194
    ],
    [
      9.028802091961936,
      66.68449153943821,
      43.08291093750129,
      71.80485156250215
    ]
  ],
  "categories": [
    7,
    2
  ],
  "control_points": []
}