{
  "image_path": "/home/quynhthu/Documents/AI-project/e2e/data/raw/dataCollect2_frame_000069_jpg.rf.bf70c7e466288eb6ec7f9c08fc1572db.jpg",
  "command": 3,
  "waypoints": [
    [
      123.46696294933525,
      167.2183336234239
    ],
    [
      124.51639629332509,
      153.2758620532732
    ],
    [
      125.56582963731495,
      139.3333904831225
    ],
    [
      126.61526298130474,
      125.3909189129718
    ],
    [
      127.66469632529463,
      111.44844734282113
    ],
    [
      128.71412966928443,
      97.50597577267051
    ],
    [
      129.76356301327425,
      83.56350420252002
    ],
    [
      130.8129963572641,
      69.62103263236953
    ],
    [
      131.86242970125392,
      55.67856106221888
    ],
    [
      132.91186304524373,
      41.736089492068174
    ]
  ],
  "bboxes": [
    [
      156.4089875725359,
      4.6819824840634965,
      10.995213559891823,
      12.494560863513414
    ]
  ],
  "categories": [
    9
  ],
  "control_points": []
}