{
  "image_path": "/home/quynhthu/Documents/AI-project/e2e/data/raw/dataCollect0_frame_000024_jpg.rf.87a46615b72eb106598880ab2b81939d.jpg",
  "command": 0,
  "waypoints": [
    [
      104.66666666666667,
      188.0
    ],
    [
      106.69616630853669,
      176.38367266799983
    ],
    [
      108.4290056834759,
      164.71909566427547
    ],
    [
      109.96399818376385,
      153.02673191150453
    ],
    [
      111.35531445171314,
      141.31635758746748
    ],
    [
      112.6370862174547,
      129.59346477322796
    ],
    [
      113.83371406362487,
      117.86156184464704
    ],
    [
      114.96595822333643,
      106.12326032483696
    ],
    [
      116.06133518245566,
      94.38145172495439
    ],
    [
      117.33333333333333,
      82.66666666666667
    ]
  ],
  "bboxes": [
    [
      94.66666666666667,
      46.333333333333336,
      15.333333333333334,
      14.333333333333334
    ],
    [
      127.66666666666667,
      46.666666666666664,
      16.666666666666668,
      10.666666666666666
    ],
    [
      159.33333333333334,
      52.0,
      15.0,
      17.0
    ],
    [
      141.66666666666666,
      47.666666666666664,
      51.0,
      42.666666666666664
    ],
    [
      54.0,
      49.333333333333336,
      15.333333333333334,
      17.333333333333332
    ],
    [
      33.333333333333336,
      50.0,
      61.0,
      39.666666666666664
    ]
  ],
  "categories": [
    3,
    3,
    8,
    3,
    8,
    3
  ],
  "control_points": [
    [
      104.66666666666667,
      188.0
    ],
    [
      112.0,
      150.0
    ],
    [
      116.66666666666667,
      83.0
    ],
    [
      117.33333333333333,
      82.66666666666667
    ]
  ]
}