{
  "image_path": "/home/quynhthu/Documents/AI-project/e2e/data/raw/dataCollect_frame_000066_jpg.rf.9337acaf164c5a0c1cd6c78c31914f9a.jpg",
  "command": 2,
  "waypoints": [
    [
      150.6165992079233,
      172.32034323337533
    ],
    [
      156.8880946445383,
      165.09333434470318
    ],
    [
      163.23288138016164,
      157.93100560455832
    ],
    [
      169.9216669061376,
      151.09104429519948
    ],
    [
      177.16463781218576,
      144.84379164063714
    ],
    [
      185.00636289802867,
      139.36765689511068
    ],
    [
      193.34705577133755,
      134.6845681014166
    ],
    [
      202.04594697673514,
      130.70342143492113
    ],
    [
      210.98573036001247,
      127.29510631303269
    ],
    [
      220.08635760905787,
      124.34122951748384
    ]
  ],
  "bboxes": [],
  "categories": [],
  "control_points": [
    [
      150.6165992079233,
      172.32034323337533
    ],
    [
      168.60876685138263,
      151.82926341721333
    ],
    [
      178.60441554219335,
      136.83579038099725
    ],
    [
      220.08635760905787,
      124.34122951748384
    ]
  ]
}