{
  "image_path": "/home/quynhthu/Documents/AI-project/e2e/data/raw/dataCollect2_frame_000016_jpg.rf.7de4e920ccd33d3682a354448036ccfd_dup1.jpg",
  "command": 3,
  "waypoints": [
    [
      138.66666666666666,
      173.66666666666666
    ],
    [
      134.39440840728366,
      162.76751416702118
    ],
    [
      129.33913428655958,
      152.2071971505553
    ],
    [
      123.65371850116765,
      141.97188073599247
    ],
    [
      117.39021463353617,
      132.07973890456336
    ],
    [
      110.54552648892538,
      122.5808551060992
    ],
    [
      103.07289226096673,
      113.56860660507733
    ],
    [
      94.87634464571629,
      105.2117007780043
    ],
    [
      85.80573806125734,
      97.81921817847991
    ],
    [
      75.66666666666667,
      92.0
    ]
  ],
  "bboxes": [],
  "categories": [],
  "control_points": [
    [
      138.66666666666666,
      173.66666666666666
    ],
    [
      129.0,
      145.33333333333334
    ],
    [
      102.33333333333333,
      103.66666666666667
    ],
    [
      75.66666666666667,
      92.0
    ]
  ]
}