{
  "image_path": "/home/quynhthu/Documents/AI-project/e2e/data/raw/dataCollect2_frame_000082_jpg.rf.28ea2cdf7f9b2423b5a9868079d04340_dup1.jpg",
  "command": 0,
  "waypoints": [
    [
      209.38592563383278,
      156.11606014984608
    ],
    [
      197.978975328966,
      149.37402522601636
    ],
    [
      186.94582606347575,
      142.0382704570043
    ],
    [
      176.3641711663599,
      134.06522427242524
    ],
    [
      166.24848641144973,
      125.50805360556916
    ],
    [
      156.51978344373023,
      116.51235725629226
    ],
    [
      147.04037539452648,
      107.2536256586163
    ],
    [
      137.6745916461832,
      97.8796901130005
    ],
    [
      128.32280277277357,
      88.49174970674115
    ],
    [
      118.92530498199567,
      79.14956523060346
    ]
  ],
  "bboxes": [],
  "categories": [],
  "control_points": []
}