{
  "image_path": "/home/quynhthu/Documents/AI-project/e2e/data/raw/dataCollect0_frame_000131_jpg.rf.80583e98773fc3bda0cfa65344dfbd3b.jpg",
  "command": 0,
  "waypoints": [
    [
      67.0,
      189.33333333333334
    ],
    [
      59.383343439182795,
      182.34589277553812
    ],
    [
      52.47657223812525,
      174.65855398970987
    ],
    [
      46.22759925992,
      166.42722552670512
    ],
    [
      40.73755962180747,
      157.672404492274
    ],
    [
      36.18166289855642,
      148.39883687530792
    ],
    [
      32.80531764853019,
      138.63636230917038
    ],
    [
      30.91007275839083,
      128.48511819227147
    ],
    [
      30.80284943190328,
      118.16215563556091
    ],
    [
      32.666666666666664,
      108.0
    ]
  ],
  "bboxes": [
    [
      79.66666666666667,
      50.666666666666664,
      16.0,
      22.333333333333332
    ]
  ],
  "categories": [
    11
  ],
  "control_points": []
}