{
  "image_path": "/home/quynhthu/Documents/AI-project/e2e/data/raw/dataCollect0_frame_000137_jpg.rf.1f9728468a20fe2ddcd993d8224b790b_dup1.jpg",
  "command": 3,
  "waypoints": [
    [
      121.33333333333333,
      189.66666666666666
    ],
    [
      121.34895033562856,
      181.1477653234252
    ],
    [
      121.38564618132936,
      172.62892627994393
    ],
    [
      121.43634278716208,
      164.11015846622175
    ],
    [
      121.49828309499212,
      155.59146479795825
    ],
    [
      121.57053973259407,
      147.0728523615181
    ],
    [
      121.6533847025675,
      138.5543364176352
    ],
    [
      121.7484995625406,
      130.0359489590081
    ],
    [
      121.86009212932481,
      121.51776247614394
    ],
    [
      122.0,
      113.0
    ]
  ],
  "bboxes": [],
  "categories": [],
  "control_points": [
    [
      121.33333333333333,
      189.66666666666666
    ],
    [
      121.33333333333333,
      169.66666666666666
    ],
    [
      121.66666666666667,
      130.33333333333334
    ],
    [
      122.0,
      113.0
    ]
  ]
}