{
  "image_path": "/home/quynhthu/Documents/AI-project/e2e/data/raw/dataCollect2_frame_000172_jpg.rf.92a57fe22bf66d2afd0ce92e40e9f39f.jpg",
  "command": 0,
  "waypoints": [
    [
      88.37754263389462,
      167.20956506098776
    ],
    [
      79.13211819306275,
      159.9740154985976
    ],
    [
      69.88669375223088,
      152.7384659362074
    ],
    [
      60.64126931139901,
      145.50291637381724
    ],
    [
      51.39584487056711,
      138.2673668114271
    ],
    [
      42.15042042973526,
      131.03181724903692
    ],
    [
      32.90499598890337,
      123.79626768664679
    ],
    [
      23.659571548071508,
      116.56071812425661
    ],
    [
      14.414147107239623,
      109.32516856186646
    ],
    [
      5.168722666407754,
      102.08961899947629
    ]
  ],
  "bboxes": [],
  "categories": [],
  "control_points": [
    [
      88.37754263389462,
      167.20956506098776
    ],
    [
      60.918632044623955,
      145.71998286068896
    ],
    [
      33.45972145535329,
      124.23040066039019
    ],
    [
      5.168722666407754,
      102.08961899947629
    ]
  ]
}