{
  "image_path": "/home/quynhthu/Documents/AI-project/e2e/data/raw/dataCollect0_frame_000036_jpg.rf.1d73ebdc7ad7430245d0d65116ab2410_dup1.jpg",
  "command": 1,
  "waypoints": [
    [
      105.33333333333333,
      182.33333333333334
    ],
    [
      101.81601602880558,
      167.11122066629403
    ],
    [
      94.93438120401834,
      153.08430500016823
    ],
    [
      85.22534292039172,
      140.8339975031632
    ],
    [
      73.43973823611226,
      130.5542519478469
    ],
    [
      60.22208274814716,
      122.18507391517669
    ],
    [
      46.034229117332046,
      115.5850844107732
    ],
    [
      31.18704910754538,
      110.63839653825175
    ],
    [
      15.89593597090017,
      107.30654764592276
    ],
    [
      0.3333333333333333,
      105.66666666666667
    ]
  ],
  "bboxes": [],
  "categories": [],
  "control_points": [
    [
      105.33333333333333,
      182.33333333333334
    ],
    [
      99.66666666666667,
      132.66666666666666
    ],
    [
      43.666666666666664,
      107.66666666666667
    ],
    [
      0.3333333333333333,
      105.66666666666667
    ]
  ]
}