{
  "image_path": "/home/quynhthu/Documents/AI-project/e2e/data/raw/dataCollect0_frame_000002_jpg.rf.3a0fa103d73e37f02d7dae98d1e07d77.jpg",
  "command": 3,
  "waypoints": [
    [
      104.0,
      183.33333333333334
    ],
    [
      104.65293412846113,
      170.89275308643016
    ],
    [
      105.30745747130375,
      158.4522563811657
    ],
    [
      105.95675264863382,
      146.01148592135007
    ],
    [
      106.59485318884295,
      133.57013674932693
    ],
    [
      107.21492195780506,
      121.12787692328884
    ],
    [
      107.80717222626373,
      108.68426471704954
    ],
    [
      108.35428713301867,
      96.23859686977697
    ],
    [
      108.81579150162791,
      83.7895739341911
    ],
    [
      109.0,
      71.33333333333336
    ]
  ],
  "bboxes": [
    [
      57.0,
      116.0,
      96.33333333333333,
      9.333333333333334
    ],
    [
      170.0,
      60.333333333333336,
      16.333333333333332,
      19.333333333333332
    ],
    [
      130.66666666666666,
      46.0,
      8.666666666666666,
      9.666666666666666
    ],
    [
      65.66666666666667,
      42.333333333333336,
      14.333333333333334,
      9.666666666666666
    ],
    [
      94.0,
      43.666666666666664,
      12.666666666666666,
      10.333333333333334
    ]
  ],
  "categories": [
    7,
    4,
    6,
    3,
    3
  ],
  "control_points": []
}