{
  "image_path": "/home/quynhthu/Documents/AI-project/e2e/data/raw/dataCollect2_frame_000217_jpg.rf.ac94ec05e89378f9288a80168cee0eac.jpg",
  "command": 0,
  "waypoints": [
    [
      168.10416555350514,
      185.99101413559563
    ],
    [
      174.30270402172113,
      181.44951070343737
    ],
    [
      180.50124248993714,
      176.90800727127913
    ],
    [
      186.69978095815307,
      172.36650383912084
    ],
    [
      192.8983194263691,
      167.8250004069627
    ],
    [
      199.09685789458513,
      163.28349697480436
    ],
    [
      205.2953963628011,
      158.7419935426461
    ],
    [
      211.49393483101713,
      154.2004901104878
    ],
    [
      217.69247329923314,
      149.65898667832963
    ],
    [
      223.89101176744913,
      145.11748324617133
    ]
  ],
  "bboxes": [
    [
      188.54093099821728,
      45.69538108270684,
      34.24539074519336,
      42.53056592548203
    ]
  ],
  "categories": [
    3
  ],
  "control_points": []
}