{
  "image_path": "/home/quynhthu/Documents/AI-project/e2e/data/raw/dataCollect2_frame_000018_jpg.rf.500c059eeb4225ac506a89c2c69cdff9.jpg",
  "command": 0,
  "waypoints": [
    [
      161.33333333333334,
      173.33333333333334
    ],
    [
      155.65479338884185,
      161.34633978576116
    ],
    [
      149.9998489211023,
      149.34211183510794
    ],
    [
      143.23649033313524,
      137.93051716296245
    ],
    [
      135.19211053204833,
      127.38374432486393
    ],
    [
      125.98792237167976,
      117.83093906104205
    ],
    [
      115.8384698829945,
      109.28692742954634
    ],
    [
      104.95689768335156,
      101.6948944102653
    ],
    [
      93.52028517674044,
      94.96582404064883
    ],
    [
      81.66666666666667,
      89.0
    ]
  ],
  "bboxes": [],
  "categories": [],
  "control_points": [
    [
      161.33333333333334,
      173.33333333333334
    ],
    [
      152.0,
      157.66666666666666
    ],
    [
      146.66666666666666,
      119.33333333333333
    ],
    [
      81.66666666666667,
      89.0
    ]
  ]
}