{
  "image_path": "/home/quynhthu/Documents/AI-project/e2e/data/raw/dataCollect2_frame_000013_jpg.rf.2f01f40d3fc01bd42bc5aa1f191cc614_dup1.jpg",
  "command": 3,
  "waypoints": [
    [
      124.66666666666667,
      167.0
    ],
    [
      121.38218506106962,
      155.74489828016905
    ],
    [
      116.70547449408458,
      144.99708860452895
    ],
    [
      110.95968615202288,
      134.7788762808201
    ],
    [
      104.27132986302986,
      125.15080534502961
    ],
    [
      96.7026802084407,
      116.19835051602813
    ],
    [
      88.29789929118932,
      108.02628473079801
    ],
    [
      79.10666335361185,
      100.7506545540708
    ],
    [
      69.1993197880295,
      94.48570367576117
    ],
    [
      58.666666666666686,
      89.33333333333333
    ]
  ],
  "bboxes": [],
  "categories": [],
  "control_points": []
}