{
  "image_path": "/home/quynhthu/Documents/AI-project/e2e/data/raw/dataCollect2_frame_000000_jpg.rf.87968aff123b365a6ea7399135748314_dup1.jpg",
  "command": 3,
  "waypoints": [
    [
      109.33333333333333,
      169.66666666666666
    ],
    [
      110.73336347991672,
      159.2618647230929
    ],
    [
      111.60454619343726,
      148.80046112016774
    ],
    [
      111.82682385054109,
      138.3059403798512
    ],
    [
      111.2371519301176,
      127.82689978146168
    ],
    [
      109.62317493849372,
      117.45833533993483
    ],
    [
      106.7085481828989,
      107.38171776812753
    ],
    [
      102.18282736435067,
      97.92485058444599
    ],
    [
      95.81816246707416,
      89.60169771565877
    ],
    [
      87.66666666666667,
      83.0
    ]
  ],
  "bboxes": [],
  "categories": [],
  "control_points": []
}