{
  "image_path": "/home/quynhthu/Documents/AI-project/e2e/data/raw/dataCollect2_frame_000144_jpg.rf.1c69a7f6b793fd6c38d4e1a663fae05e.jpg",
  "command": 0,
  "waypoints": [
    [
      101.0397543680774,
      169.47067429923467
    ],
    [
      101.44172934376574,
      159.47154677898715
    ],
    [
      101.84370431945408,
      149.47241925873965
    ],
    [
      102.2456792951424,
      139.47329173849212
    ],
    [
      102.64765427083077,
      129.47416421824462
    ],
    [
      103.0496292465191,
      119.47503669799708
    ],
    [
      103.45160422220745,
      109.47590917774959
    ],
    [
      103.8535791978958,
      99.47678165750207
    ],
    [
      104.25555417358414,
      89.47765413725455
    ],
    [
      104.65752914927248,
      79.47852661700703
    ]
  ],
  "bboxes": [],
  "categories": [],
  "control_points": [
    [
      101.0397543680774,
      169.47067429923467
    ],
    [
      102.23362004587177,
      139.77326556409955
    ],
    [
      103.42748572366615,
      110.07585682896442
    ],
    [
      104.65752914927248,
      79.47852661700703
    ]
  ]
}