{
  "image_path": "/home/quynhthu/Documents/AI-project/e2e/data/raw/dataCollect2_frame_000091_jpg.rf.2406ac87461ab9c2f44112bb95edcefd.jpg",
  "command": 0,
  "waypoints": [
    [
      121.84195935994912,
      166.75734321333837
    ],
    [
      123.93129165052676,
      155.52174228649102
    ],
    [
      126.46302724272213,
      144.3778214769208
    ],
    [
      129.53547775511583,
      133.3712256317506
    ],
    [
      133.27277902130945,
      122.57309876720298
    ],
    [
      137.81696459053111,
      112.09027266665547
    ],
    [
      143.31544238331972,
      102.07680881541185
    ],
    [
      149.8804708514926,
      92.72983511882288
    ],
    [
      157.53145195920538,
      84.24982450059805
    ],
    [
      166.15970042958887,
      76.76519553111072
    ]
  ],
  "bboxes": [],
  "categories": [],
  "control_points": [
    [
      121.84195935994912,
      166.75734321333837
    ],
    [
      129.98195261763806,
      118.36960551485416
    ],
    [
      144.45305174241835,
      93.49740389413797
    ],
    [
      166.15970042958887,
      76.76519553111072
    ]
  ]
}