{
  "image_path": "/home/quynhthu/Documents/AI-project/e2e/data/raw/dataCollect2_frame_000224_jpg.rf.b137ceefe411cd51b8363e760fab9b29.jpg",
  "command": 3,
  "waypoints": [
    [
      53.21640305350171,
      173.28707885915293
    ],
    [
      53.95066707280363,
      162.53796967919976
    ],
    [
      55.26284758870461,
      151.8450424806768
    ],
    [
      57.24176641456201,
      141.25580532710748
    ],
    [
      59.99950636067669,
      130.843169832191
    ],
    [
      63.68108540093419,
      120.72181850925455
    ],
    [
      68.4577136785747,
      111.07150580063274
    ],
    [
      74.50692028382335,
      102.16778744531133
    ],
    [
      81.95567339615083,
      94.40289547446999
    ],
    [
      90.77586387081053,
      88.22594700818887
    ]
  ],
  "bboxes": [
    [
      114.52669938763817,
      51.218831202899295,
      35.35008076923181,
      28.16959561298161
    ]
  ],
  "categories": [
    3
  ],
  "control_points": []
}