{
  "image_path": "/home/quynhthu/Documents/AI-project/e2e/data/raw/dataCollect2_frame_000269_jpg.rf.183d9362b4e8345829ea4053cfbb7f5b.jpg",
  "command": 0,
  "waypoints": [
    [
      92.43289890686826,
      168.3159737509797
    ],
    [
      93.41484559490249,
      158.0055335266204
    ],
    [
      94.39679228293669,
      147.69509330226114
    ],
    [
      95.3787389709709,
      137.38465307790187
    ],
    [
      96.36068565900517,
      127.07421285354258
    ],
    [
      97.34263234703936,
      116.76377262918331
    ],
    [
      98.32457903507358,
      106.45333240482401
    ],
    [
      99.30652572310781,
      96.14289218046471
    ],
    [
      100.28847241114202,
      85.83245195610544
    ],
    [
      101.27041909917624,
      75.52201173174618
    ]
  ],
  "bboxes": [],
  "categories": [],
  "control_points": [
    [
      92.43289890686826,
      168.3159737509797
    ],
    [
      95.3492805703299,
      137.69396628463264
    ],
    [
      98.26566223379153,
      107.07195881828557
    ],
    [
      101.27041909917624,
      75.52201173174618
    ]
  ]
}