{
  "image_path": "/home/quynhthu/Documents/AI-project/e2e/data/raw/dataCollect2_frame_000063_jpg.rf.3525043d7212e3b09b467162c971647c.jpg",
  "command": 0,
  "waypoints": [
    [
      100.0,
      169.33333333333334
    ],
    [
      100.47572125003813,
      164.02378101192804
    ],
    [
      101.1734060144024,
      158.73893760604923
    ],
    [
      102.09529594052098,
      153.48845393814474
    ],
    [
      103.18575967921913,
      148.27017445663492
    ],
    [
      104.37371611649519,
      143.07311375727292
    ],
    [
      105.60648815974507,
      137.88646844830478
    ],
    [
      106.85337111474098,
      132.70319160349194
    ],
    [
      108.0982833112664,
      127.5194413222574
    ],
    [
      109.33333333333333,
      122.33333333333333
    ]
  ],
  "bboxes": [],
  "categories": [],
  "control_points": [
    [
      100.0,
      169.33333333333334
    ],
    [
      101.0,
      155.33333333333334
    ],
    [
      103.33333333333333,
      147.66666666666666
    ],
    [
      109.33333333333333,
      122.33333333333333
    ]
  ]
}