{
  "image_path": "/home/quynhthu/Documents/AI-project/e2e/data/raw/dataCollect0_frame_000036_jpg.rf.1d73ebdc7ad7430245d0d65116ab2410.jpg",
  "command": 3,
  "waypoints": [
    [
      112.33333333333333,
      183.33333333333334
    ],
    [
      113.85172334058416,
      171.91835461878944
    ],
    [
      115.0393251625235,
      160.4635813910365
    ],
    [
      116.04188740818854,
      148.991021521457
    ],
    [
      116.91187783568738,
      137.50761535092968
    ],
    [
      117.67153975169731,
      126.0163740474178
    ],
    [
      118.32543104842284,
      114.51863163194827
    ],
    [
      118.86009478227521,
      103.01475156377846
    ],
    [
      119.2214555644531,
      91.50425269099908
    ],
    [
      119.0,
      80.0
    ]
  ],
  "bboxes": [],
  "categories": [],
  "control_points": [
    [
      112.33333333333333,
      183.33333333333334
    ],
    [
      116.66666666666667,
      156.0
    ],
    [
      120.33333333333333,
      87.0
    ],
    [
      119.0,
      80.0
    ]
  ]
}