{
  "image_path": "/home/quynhthu/Documents/AI-project/e2e/data/raw/dataCollect2_frame_000196_jpg.rf.262c249c182ac7b723da7a48d42c3a8f.jpg",
  "command": 0,
  "waypoints": [
    [
      85.6642115479983,
      169.92289614688406
    ],
    [
      79.01381966612527,
      159.92249000613603
    ],
    [
      72.16455184518281,
      150.0576210317653
    ],
    [
      64.97198108931816,
      140.44088497463193
    ],
    [
      57.29514663224415,
      131.2071708083488
    ],
    [
      49.018579086635086,
      122.50818799550834
    ],
    [
      40.08418503520868,
      114.48735917660335
    ],
    [
      30.49966409622631,
      107.25633092845295
    ],
    [
      20.33524990569714,
      100.86565549538815
    ],
    [
      9.690941142901604,
      95.30629128473551
    ]
  ],
  "bboxes": [
    [
      35.91980830656595,
      41.49189141445869,
      9.948880648286462,
      12.662211734182783
    ]
  ],
  "categories": [
    10
  ],
  "control_points": []
}