{
  "image_path": "/home/quynhthu/Documents/AI-project/e2e/data/raw/dataCollect2_frame_000053_jpg.rf.ae657e02fc314fe015d3b4b3179d37c2.jpg",
  "command": 0,
  "waypoints": [
    [
      187.33333333333334,
      186.66666666666666
    ],
    [
      189.05296863881358,
      176.1291311962349
    ],
    [
      190.8214730454379,
      165.59967648850997
    ],
    [
      192.60620026455283,
      155.0729546201422
    ],
    [
      194.36681493487666,
      144.5421814661195
    ],
    [
      196.0618754432751,
      134.00067911584838
    ],
    [
      197.65646657761704,
      123.44353563061247
    ],
    [
      199.12727608820344,
      112.86845277905314
    ],
    [
      200.4639538006263,
      102.2755850327536
    ],
    [
      201.66666666666666,
      91.66666666666669
    ]
  ],
  "bboxes": [],
  "categories": [],
  "control_points": [
    [
      187.33333333333334,
      186.66666666666666
    ],
    [
      192.66666666666666,
      153.33333333333334
    ],
    [
      197.66666666666666,
      129.0
    ],
    [
      201.66666666666666,
      91.66666666666667
    ]
  ]
}