{
  "image_path": "/home/quynhthu/Documents/AI-project/e2e/data/raw/dataCollect0_frame_000141_jpg.rf.74b3c68f34b1cd868070488f0ccfba17_dup1.jpg",
  "command": 0,
  "waypoints": [
    [
      106.33333333333333,
      184.0
    ],
    [
      106.82628119403716,
      173.57392398741385
    ],
    [
      107.21959244828702,
      163.14362227609027
    ],
    [
      107.50045950694941,
      152.70970099724164
    ],
    [
      107.64977639523055,
      142.27309401208905
    ],
    [
      107.63716812742156,
      131.83547656291478
    ],
    [
      107.41429533424956,
      121.40033661952458
    ],
    [
      106.89631010685663,
      110.97594791625319
    ],
    [
      105.91151150011818,
      100.58624696721775
    ],
    [
      104.0,
      90.33333333333333
    ]
  ],
  "bboxes": [],
  "categories": [],
  "control_points": [
    [
      106.33333333333333,
      184.0
    ],
    [
      107.33333333333333,
      164.66666666666666
    ],
    [
      109.66666666666667,
      111.0
    ],
    [
      104.0,
      90.33333333333333
    ]
  ]
}