{
  "image_path": "/home/quynhthu/Documents/AI-project/e2e/data/raw/dataCollect2_frame_000279_jpg.rf.3c08d7a81e654f57e7298cd45accce7d.jpg",
  "command": 0,
  "waypoints": [
    [
      55.97812811359795,
      177.70583895530692
    ],
    [
      58.064764825670665,
      169.97300878703746
    ],
    [
      60.15140153774337,
      162.240178618768
    ],
    [
      62.23803824981606,
      154.50734845049854
    ],
    [
      64.32467496188882,
      146.7745182822291
    ],
    [
      66.4113116739615,
      139.04168811395962
    ],
    [
      68.49794838603422,
      131.30885794569016
    ],
    [
      70.58458509810694,
      123.5760277774207
    ],
    [
      72.67122181017965,
      115.84319760915125
    ],
    [
      74.75785852225236,
      108.11036744088176
    ]
  ],
  "bboxes": [
    [
      123.36421957994611,
      40.17193096251437,
      13.256280288461966,
      27.064905588943105
    ],
    [
      33.88432763282807,
      94.30174214040059,
      83.95644182692556,
      11.046900240384929
    ],
    [
      69.78675341407913,
      62.265731443284245,
      25.96021556490463,
      29.274285637020107
    ]
  ],
  "categories": [
    5,
    7,
    2
  ],
  "control_points": [
    [
      55.97812811359795,
      177.70583895530692
    ],
    [
      62.175439148453904,
      154.73933335554662
    ],
    [
      68.37275018330986,
      131.7728277557863
    ],
    [
      74.75785852225236,
      108.11036744088176
    ]
  ]
}