{
  "image_path": "/home/quynhthu/Documents/AI-project/e2e/data/raw/dataCollect0_frame_000129_jpg.rf.6ddb96fd0828b37899b6b387daf4bf65.jpg",
  "command": 0,
  "waypoints": [
    [
      106.66666666666667,
      185.66666666666666
    ],
    [
      105.61048489891967,
      175.12328231177966
    ],
    [
      103.94631755312393,
      164.65667113525572
    ],
    [
      101.9179903126319,
      154.25405767276305
    ],
    [
      99.6278875058701,
      143.9057726995419
    ],
    [
      97.12520467749795,
      133.60677241395703
    ],
    [
      94.43103553901078,
      123.35618064194676
    ],
    [
      91.54452564543986,
      113.1581052010369
    ],
    [
      88.43571360988416,
      103.02569520106988
    ],
    [
      85.0,
      93.0
    ]
  ],
  "bboxes": [],
  "categories": [],
  "control_points": [
    [
      106.66666666666667,
      185.66666666666666
    ],
    [
      105.33333333333333,
      161.33333333333334
    ],
    [
      92.66666666666667,
      113.66666666666667
    ],
    [
      85.0,
      93.0
    ]
  ]
}