{
  "image_path": "/home/quynhthu/Documents/AI-project/e2e/data/raw/dataCollect0_frame_000007_jpg.rf.476fa7d14f64dd8fe18fccc18d72f2a5_dup1.jpg",
  "command": 3,
  "waypoints": [
    [
      104.66666666666667,
      186.33333333333334
    ],
    [
      105.44282984294456,
      176.9315145491056
    ],
    [
      106.17866129229537,
      167.5264555727025
    ],
    [
      106.88776764619512,
      158.11934108934534
    ],
    [
      107.5781311630647,
      148.71083140995106
    ],
    [
      108.254557122579,
      139.3013088894643
    ],
    [
      108.92044809043851,
      129.8910346615214
    ],
    [
      109.57872882270942,
      120.48022492038028
    ],
    [
      110.22868606202816,
      111.06886179708158
    ],
    [
      111.0,
      101.66666666666667
    ]
  ],
  "bboxes": [
    [
      197.33333333333334,
      61.0,
      25.666666666666668,
      35.0
    ],
    [
      55.666666666666664,
      44.333333333333336,
      21.666666666666668,
      12.666666666666666
    ],
    [
      95.0,
      46.666666666666664,
      14.333333333333334,
      10.666666666666666
    ]
  ],
  "categories": [
    6,
    3,
    3
  ],
  "control_points": []
}