{
  "image_path": "/home/quynhthu/Documents/AI-project/e2e/data/raw/dataCollect0_frame_000043_jpg.rf.21a5f378b4d29c321a53d949355ec147_dup1.jpg",
  "command": 1,
  "waypoints": [
    [
      93.0,
      184.0
    ],
    [
      85.95189667400838,
      173.6344305388731
    ],
    [
      78.20484419789715,
      163.78269589066406
    ],
    [
      69.54395517141596,
      154.72798742290658
    ],
    [
      59.82570767007609,
      146.82407307265285
    ],
    [
      49.08303719873729,
      140.3838083340144
    ],
    [
      37.53592263393252,
      135.52711830089896
    ],
    [
      25.47545661782776,
      132.12941074251555
    ],
    [
      13.136822418887725,
      129.9331266854449
    ],
    [
      0.6666666666666666,
      128.66666666666666
    ]
  ],
  "bboxes": [
    [
      187.66666666666666,
      56.333333333333336,
      19.0,
      25.0
    ]
  ],
  "categories": [
    5
  ],
  "control_points": [
    [
      93.0,
      184.0
    ],
    [
      70.33333333333333,
      148.66666666666666
    ],
    [
      48.0,
      132.0
    ],
    [
      0.6666666666666666,
      128.66666666666666
    ]
  ]
}