{
  "image_path": "/home/quynhthu/Documents/AI-project/e2e/data/raw/dataCollect_frame_000030_jpg.rf.e7b75a5437e49b4e243e8afb8bb72485.jpg",
  "command": 3,
  "waypoints": [
    [
      124.46890960398461,
      174.94411389521068
    ],
    [
      124.10067959597178,
      162.85389529878938
    ],
    [
      123.73244958795895,
      150.7636767023681
    ],
    [
      123.36421957994608,
      138.6734581059468
    ],
    [
      122.9959895719333,
      126.58323950952547
    ],
    [
      122.62775956392045,
      114.49302091310416
    ],
    [
      122.25952955590763,
      102.40280231668287
    ],
    [
      121.8912995478948,
      90.31258372026156
    ],
    [
      121.52306953988196,
      78.22236512384028
    ],
    [
      121.15483953186913,
      66.13214652741898
    ]
  ],
  "bboxes": [],
  "categories": [],
  "control_points": [
    [
      124.46890960398461,
      174.94411389521068
    ],
    [
      123.3752664801865,
      139.03616466383943
    ],
    [
      122.2816233563884,
      103.12821543246815
    ],
    [
      121.15483953186913,
      66.13214652741898
    ]
  ]
}