{
  "image_path": "/home/quynhthu/Documents/AI-project/e2e/data/raw/dataCollect0_frame_000041_jpg.rf.4bd3b39dfcce3765af2191736183a222_dup1.jpg",
  "command": 1,
  "waypoints": [
    [
      103.33333333333333,
      186.33333333333334
    ],
    [
      98.77147355177124,
      170.54916037638887
    ],
    [
      92.189348872949,
      155.5026488714844
    ],
    [
      83.72295374788699,
      141.4302027288052
    ],
    [
      73.45556626727354,
      128.614147390315
    ],
    [
      61.462321243848514,
      117.39981345466946
    ],
    [
      47.87411179104549,
      108.18705422984011
    ],
    [
      32.93803620472605,
      101.37849897043782
    ],
    [
      17.043213473193507,
      97.28276640466864
    ],
    [
      0.6666666666666666,
      96.0
    ]
  ],
  "bboxes": [
    [
      145.66666666666666,
      48.0,
      8.666666666666666,
      12.333333333333334
    ],
    [
      23.333333333333332,
      167.33333333333334,
      167.33333333333334,
      20.666666666666668
    ]
  ],
  "categories": [
    5,
    7
  ],
  "control_points": []
}