{
  "image_path": "/home/quynhthu/Documents/AI-project/e2e/data/raw/dataCollect2_frame_000091_jpg.rf.2406ac87461ab9c2f44112bb95edcefd_dup1.jpg",
  "command": 1,
  "waypoints": [
    [
      124.55529044584543,
      169.01845245158532
    ],
    [
      124.72624648654552,
      157.71217713760348
    ],
    [
      125.57007031982063,
      146.4377336579662
    ],
    [
      127.28708608519419,
      135.26443457298322
    ],
    [
      130.11413070139963,
      124.32155383246553
    ],
    [
      134.29404443792117,
      113.82378315797229
    ],
    [
      139.98403977495363,
      104.06417670615846
    ],
    [
      147.14289846635182,
      95.32487356322628
    ],
    [
      155.52670003570367,
      87.74957137259582
    ],
    [
      164.80303488664072,
      81.28741400760457
    ]
  ],
  "bboxes": [],
  "categories": [],
  "control_points": []
}