{
  "image_path": "/home/quynhthu/Documents/AI-project/e2e/data/raw/dataCollect2_frame_000290_jpg.rf.8c4aa21c6567b0ad892ac1b294051710_dup2.jpg",
  "command": 3,
  "waypoints": [
    [
      96.85165900302223,
      167.21128372694125
    ],
    [
      97.5881190190479,
      155.79615347854352
    ],
    [
      98.32457903507355,
      144.3810232301458
    ],
    [
      99.06103905109919,
      132.96589298174806
    ],
    [
      99.79749906712492,
      121.55076273335024
    ],
    [
      100.53395908315055,
      110.13563248495244
    ],
    [
      101.27041909917624,
      98.72050223655462
    ],
    [
      102.00687911520188,
      87.3053719881568
    ],
    [
      102.74333913122756,
      75.89024173975898
    ],
    [
      103.47979914725322,
      64.47511149136123
    ]
  ],
  "bboxes": [
    [
      58.187508161674955,
      87.67360199616961,
      79.53768173077158,
      15.465660336538932
    ]
  ],
  "categories": [
    7
  ],
  "control_points": []
}