{
  "image_path": "/home/quynhthu/Documents/AI-project/e2e/data/raw/dataCollect2_frame_000032_jpg.rf.a5492a1e205ce28fb4f891f1c660031a_dup2.jpg",
  "command": 3,
  "waypoints": [
    [
      117.33333333333333,
      167.0
    ],
    [
      117.35858421133145,
      157.36830862998008
    ],
    [
      117.24851156569851,
      147.73709058347427
    ],
    [
      117.0659058377002,
      138.10694955316004
    ],
    [
      116.83934226701778,
      128.47773420522623
    ],
    [
      116.58582904111108,
      118.8491872540135
    ],
    [
      116.3188093717,
      109.22100389968283
    ],
    [
      116.05247688630368,
      99.5928016998218
    ],
    [
      115.81005001610195,
      89.96397568733157
    ],
    [
      115.66666666666667,
      80.33333333333333
    ]
  ],
  "bboxes": [
    [
      189.66666666666666,
      43.0,
      23.333333333333332,
      29.666666666666668
    ],
    [
      58.0,
      114.66666666666667,
      113.0,
      12.333333333333334
    ]
  ],
  "categories": [
    5,
    7
  ],
  "control_points": [
    [
      117.33333333333333,
      167.0
    ],
    [
      117.66666666666667,
      143.66666666666666
    ],
    [
      115.66666666666667,
      94.66666666666667
    ],
    [
      115.66666666666667,
      80.33333333333333
    ]
  ]
}