{
  "image_path": "/home/quynhthu/Documents/AI-project/e2e/data/raw/dataCollect2_frame_000074_jpg.rf.d000b82f615286e9c6ddd437685048ac.jpg",
  "command": 3,
  "waypoints": [
    [
      99.85471270956404,
      171.94078367137809
    ],
    [
      99.92967223413474,
      161.97116690347463
    ],
    [
      100.00463175870544,
      152.00155013557116
    ],
    [
      100.07959128327613,
      142.0319333676677
    ],
    [
      100.15455080784686,
      132.0623165997643
    ],
    [
      100.22951033241755,
      122.0926998318609
    ],
    [
      100.30446985698826,
      112.12308306395748
    ],
    [
      100.37942938155896,
      102.15346629605415
    ],
    [
      100.45438890612968,
      92.18384952815086
    ],
    [
      100.52934843070037,
      82.21423276024743
    ]
  ],
  "bboxes": [
    [
      142.41507940540086,
      41.66588264006321,
      10.495431125351274,
      17.49238520891877
    ]
  ],
  "categories": [
    9
  ],
  "control_points": []
}