{
  "image_path": "/home/quynhthu/Documents/AI-project/e2e/data/raw/dataCollect0_frame_000070_jpg.rf.542bba266520954b5b255575bb2ff0e5.jpg",
  "command": 0,
  "waypoints": [
    [
      100.0,
      185.33333333333334
    ],
    [
      101.56472267815458,
      169.36761309986892
    ],
    [
      102.91441331012449,
      153.38231270796337
    ],
    [
      104.13335281022928,
      137.3864615342209
    ],
    [
      105.26454504606085,
      121.38414857114975
    ],
    [
      106.33408709714553,
      105.37758936891937
    ],
    [
      107.36046948763534,
      89.36820081595681
    ],
    [
      108.35871124921748,
      73.3570307658767
    ],
    [
      109.34355099146613,
      57.34502974284155
    ],
    [
      110.33333333333333,
      41.333333333333336
    ]
  ],
  "bboxes": [
    [
      135.66666666666666,
      7.333333333333333,
      8.666666666666666,
      13.0
    ]
  ],
  "categories": [
    9
  ],
  "control_points": []
}