{
  "image_path": "/home/quynhthu/Documents/AI-project/e2e/data/raw/dataCollect0_frame_000086_jpg.rf.ec086cc44927f7151481b00dc205fe25_dup1.jpg",
  "command": 3,
  "waypoints": [
    [
      102.33333333333333,
      186.66666666666666
    ],
    [
      102.81830294236873,
      178.19212013024347
    ],
    [
      103.2414006607609,
      169.71423940506656
    ],
    [
      103.62375971772404,
      161.2344180960256
    ],
    [
      103.97532664446483,
      152.75326228813012
    ],
    [
      104.30098101694045,
      144.27107112147127
    ],
    [
      104.60278042262543,
      135.7879975019751
    ],
    [
      104.88011539993046,
      127.30408935313308
    ],
    [
      105.12862354572108,
      118.81929010458141
    ],
    [
      105.33333333333333,
      110.33333333333333
    ]
  ],
  "bboxes": [
    [
      162.0,
      58.0,
      21.0,
      22.333333333333332
    ],
    [
      58.0,
      112.66666666666667,
      93.33333333333333,
      12.333333333333334
    ]
  ],
  "categories": [
    10,
    7
  ],
  "control_points": [
    [
      102.33333333333333,
      186.66666666666666
    ],
    [
      103.66666666666667,
      165.33333333333334
    ],
    [
      105.0,
      127.0
    ],
    [
      105.33333333333333,
      110.33333333333333
    ]
  ]
}