{
  "image_path": "/home/quynhthu/Documents/AI-project/e2e/data/raw/dataCollect2_frame_000028_jpg.rf.aa06f185a738af04b63832a6be9b571a.jpg",
  "command": 0,
  "waypoints": [
    [
      180.66666666666666,
      177.66666666666666
    ],
    [
      174.448739482037,
      166.5463830949382
    ],
    [
      166.4446902904776,
      156.63663910296762
    ],
    [
      157.77052456317674,
      147.29882942764297
    ],
    [
      148.7438356621432,
      138.29980894188017
    ],
    [
      139.50905048285983,
      129.51398557742056
    ],
    [
      130.15306452915604,
      120.85713937867894
    ],
    [
      120.75339764895904,
      112.24768832042167
    ],
    [
      111.43221749952254,
      103.55629382369005
    ],
    [
      103.0,
      94.0
    ]
  ],
  "bboxes": [
    [
      135.0,
      43.333333333333336,
      13.0,
      16.666666666666668
    ],
    [
      66.66666666666667,
      81.0,
      61.666666666666664,
      8.333333333333334
    ]
  ],
  "categories": [
    5,
    7
  ],
  "control_points": []
}