{
  "image_path": "/home/quynhthu/Documents/AI-project/e2e/data/raw/dataCollect2_frame_000281_jpg.rf.83e30a8b680b34ef6a6e734a0c6f08ea.jpg",
  "command": 0,
  "waypoints": [
    [
      81.38599866648332,
      172.18238883511444
    ],
    [
      83.1044053705432,
      165.12464701486851
    ],
    [
      84.82281207460308,
      158.06690519462256
    ],
    [
      86.54121877866294,
      151.0091633743766
    ],
    [
      88.25962548272288,
      143.95142155413066
    ],
    [
      89.97803218678271,
      136.8936797338847
    ],
    [
      91.69643889084259,
      129.83593791363882
    ],
    [
      93.41484559490247,
      122.77819609339288
    ],
    [
      95.13325229896236,
      115.72045427314697
    ],
    [
      96.85165900302223,
      108.66271245290102
    ]
  ],
  "bboxes": [
    [
      32.779637608789564,
      113.08147254905498,
      119.30652259615738,
      23.198490504808404
    ],
    [
      100.16572907513773,
      68.89387158751522,
      34.24539074519333,
      46.949326021636
    ],
    [
      160.37133538523565,
      45.69538108270684,
      27.617250600962393,
      29.826630649039338
    ]
  ],
  "categories": [
    7,
    2,
    5
  ],
  "control_points": []
}