{
  "image_path": "/home/quynhthu/Documents/AI-project/e2e/data/raw/dataCollect0_frame_000174_jpg.rf.276e8c96374370d5c9433185aa2218b4.jpg",
  "command": 0,
  "waypoints": [
    [
      118.66666666666667,
      184.66666666666666
    ],
    [
      120.19694372893667,
      172.99673051150808
    ],
    [
      120.76221849300659,
      161.24340757079554
    ],
    [
      120.11733696115071,
      149.4968151327944
    ],
    [
      117.92162525201083,
      137.94410103134928
    ],
    [
      113.75663516652645,
      126.95509501878028
    ],
    [
      107.26528621044179,
      117.16924618714889
    ],
    [
      98.49100610194073,
      109.36992277012497
    ],
    [
      88.03434577258729,
      104.02225681826492
    ],
    [
      76.66666666666667,
      101.0
    ]
  ],
  "bboxes": [
    [
      58.666666666666664,
      44.0,
      21.333333333333332,
      17.333333333333332
    ],
    [
      98.33333333333333,
      46.333333333333336,
      17.333333333333332,
      13.0
    ]
  ],
  "categories": [
    3,
    3
  ],
  "control_points": []
}