{
  "image_path": "/home/quynhthu/Documents/AI-project/e2e/data/raw/dataCollect2_frame_000191_jpg.rf.0624fa2901b26986d84da44a7953cc2a.jpg",
  "command": 0,
  "waypoints": [
    [
      63.95756286082783,
      174.8973364710273
    ],
    [
      63.55164411439135,
      163.121551108756
    ],
    [
      61.71644696358182,
      151.48595104464772
    ],
    [
      58.159164119768434,
      140.2609968174658
    ],
    [
      52.66450984862049,
      129.8513323495298
    ],
    [
      45.23694599701794,
      120.72243761069794
    ],
    [
      36.159523313316434,
      113.22923684913673
    ],
    [
      25.881889545627228,
      107.48342415901226
    ],
    [
      14.839871683396808,
      103.38285787771382
    ],
    [
      3.3598352758102115,
      100.73295345652815
    ]
  ],
  "bboxes": [],
  "categories": [],
  "control_points": [
    [
      63.95756286082783,
      174.8973364710273
    ],
    [
      64.86200655612659,
      125.60515507724432
    ],
    [
      35.015364611267174,
      106.15961562832076
    ],
    [
      3.3598352758102115,
      100.73295345652815
    ]
  ]
}