{
  "image_path": "/home/quynhthu/Documents/AI-project/e2e/data/raw/dataCollect2_frame_000062_jpg.rf.e383389c22193d5130bd0334f8393454.jpg",
  "command": 0,
  "waypoints": [
    [
      111.32351996888148,
      165.86906218115124
    ],
    [
      111.7732771163057,
      159.87230021549504
    ],
    [
      112.22303426372993,
      153.87553824983885
    ],
    [
      112.6727914111541,
      147.87877628418266
    ],
    [
      113.12254855857836,
      141.88201431852647
    ],
    [
      113.57230570600254,
      135.88525235287028
    ],
    [
      114.02206285342677,
      129.8884903872141
    ],
    [
      114.47182000085098,
      123.89172842155789
    ],
    [
      114.92157714827519,
      117.89496645590171
    ],
    [
      115.37133429569941,
      111.89820449024553
    ]
  ],
  "bboxes": [],
  "categories": [],
  "control_points": [
    [
      111.32351996888148,
      165.86906218115124
    ],
    [
      112.6592986967314,
      148.05867914315235
    ],
    [
      113.99507742458131,
      130.24829610515349
    ],
    [
      115.37133429569941,
      111.89820449024553
    ]
  ]
}