{
  "image_path": "/home/quynhthu/Documents/AI-project/e2e/data/raw/dataCollect2_frame_000075_jpg.rf.ebed5ab6af68927143bfff953a95cafb.jpg",
  "command": 0,
  "waypoints": [
    [
      107.43030898756331,
      163.11301423341362
    ],
    [
      107.65243451402579,
      153.22842830583411
    ],
    [
      107.87456004048823,
      143.3438423782546
    ],
    [
      108.09668556695067,
      133.4592564506751
    ],
    [
      108.31881109341317,
      123.5746705230956
    ],
    [
      108.5409366198756,
      113.69008459551611
    ],
    [
      108.76306214633807,
      103.8054986679366
    ],
    [
      108.98518767280054,
      93.9209127403571
    ],
    [
      109.207313199263,
      84.0363268127776
    ],
    [
      109.42943872572546,
      74.1517408851981
    ]
  ],
  "bboxes": [],
  "categories": [],
  "control_points": [
    [
      107.43030898756331,
      163.11301423341362
    ],
    [
      108.09002180115682,
      133.7557940285025
    ],
    [
      108.74973461475032,
      104.39857382359136
    ],
    [
      109.42943872572546,
      74.1517408851981
    ]
  ]
}