{
  "image_path": "/home/quynhthu/Documents/AI-project/e2e/data/raw/dataCollect2_frame_000033_jpg.rf.dc03ad76cbfd4a7844d94065d8544071.jpg",
  "command": 1,
  "waypoints": [
    [
      130.0,
      170.33333333333334
    ],
    [
      127.39703576915218,
      151.98666298556319
    ],
    [
      122.49055808366559,
      134.12437972739184
    ],
    [
      114.7645636022187,
      117.29878424652763
    ],
    [
      103.87010242988488,
      102.34093690667429
    ],
    [
      89.95488810998349,
      90.14878474926392
    ],
    [
      73.73646928768463,
      81.23398848827567
    ],
    [
      56.126717038985326,
      75.50695254017187
    ],
    [
      37.846542006378584,
      72.49690978009629
    ],
    [
      19.333333333333332,
      71.66666666666667
    ]
  ],
  "bboxes": [
    [
      59.333333333333336,
      133.0,
      137.66666666666666,
      19.333333333333332
    ]
  ],
  "categories": [
    7
  ],
  "control_points": [
    [
      130.0,
      170.33333333333334
    ],
    [
      124.0,
      101.66666666666667
    ],
    [
      83.33333333333333,
      71.33333333333333
    ],
    [
      19.333333333333332,
      71.66666666666667
    ]
  ]
}