{
  "image_path": "/home/quynhthu/Documents/AI-project/e2e/data/raw/dataCollect2_frame_000199_jpg.rf.db10cba7c4e7733e655e31a7a046cd77.jpg",
  "command": 2,
  "waypoints": [
    [
      93.80420480568723,
      165.40067767039022
    ],
    [
      88.13776531372682,
      153.68401585346402
    ],
    [
      82.8069639791312,
      141.81194511388745
    ],
    [
      78.19851417900956,
      129.6437565855784
    ],
    [
      74.80170833894546,
      117.0893633722717
    ],
    [
      73.4606257333456,
      104.1698854859348
    ],
    [
      75.68029263903675,
      91.41077784623502
    ],
    [
      82.912717804863,
      80.70207969086962
    ],
    [
      93.94336681932091,
      73.91941498628641
    ],
    [
      106.46641653987001,
      70.43408966401934
    ]
  ],
  "bboxes": [
    [
      16.47426885764238,
      93.94962574178736,
      96.32325354931902,
      8.592215105338326
    ],
    [
      118.67640642640343,
      41.0396695668093,
      15.82776466772846,
      18.541095753624788
    ]
  ],
  "categories": [
    7,
    10
  ],
  "control_points": []
}