{
  "image_path": "/home/quynhthu/Documents/AI-project/e2e/data/raw/dataCollect0_frame_000221_jpg.rf.415c0ea87b17f49e385deab467bc272f.jpg",
  "command": 0,
  "waypoints": [
    [
      126.66666666666667,
      189.33333333333334
    ],
    [
      127.00234033095582,
      178.7011667015581
    ],
    [
      127.3939825595403,
      168.07090016695486
    ],
    [
      127.81615863372075,
      157.44179764372154
    ],
    [
      128.25255286812202,
      146.81326783487205
    ],
    [
      128.6918084270383,
      136.1848556582109
    ],
    [
      129.125508549231,
      125.55621565094367
    ],
    [
      129.54709148507874,
      114.92708866984741
    ],
    [
      129.95117881755831,
      104.29728286335074
    ],
    [
      130.33333333333334,
      93.66666666666667
    ]
  ],
  "bboxes": [
    [
      101.0,
      84.0,
      58.333333333333336,
      6.666666666666667
    ]
  ],
  "categories": [
    7
  ],
  "control_points": [
    [
      126.66666666666667,
      189.33333333333334
    ],
    [
      127.33333333333333,
      165.33333333333334
    ],
    [
      129.0,
      132.0
    ],
    [
      130.33333333333334,
      93.66666666666667
    ]
  ]
}