{
  "image_path": "/home/quynhthu/Documents/AI-project/e2e/data/raw/dataCollect0_frame_000161_jpg.rf.a5a3ff6792a2c78fc53032a25f877930_dup1.jpg",
  "command": 0,
  "waypoints": [
    [
      116.33333333333333,
      189.0
    ],
    [
      116.80189105488938,
      177.82284300356784
    ],
    [
      117.10661305203246,
      166.6399090392662
    ],
    [
      117.30711499911742,
      155.454589583469
    ],
    [
      117.43264753768104,
      144.2681652960436
    ],
    [
      117.4996686968234,
      133.08123177705633
    ],
    [
      117.51835288224191,
      121.894110289333
    ],
    [
      117.49498951155975,
      110.70699607841057
    ],
    [
      117.43298626128949,
      99.52002863576382
    ],
    [
      117.33333333333333,
      88.33333333333333
    ]
  ],
  "bboxes": [],
  "categories": [],
  "control_points": [
    [
      116.33333333333333,
      189.0
    ],
    [
      117.66666666666667,
      163.66666666666666
    ],
    [
      117.66666666666667,
      119.66666666666667
    ],
    [
      117.33333333333333,
      88.33333333333333
    ]
  ]
}