{
  "image_path": "/home/quynhthu/Documents/AI-project/e2e/data/raw/dataCollect2_frame_000076_jpg.rf.374b3b29cb7944af5cbb77519660302e.jpg",
  "command": 2,
  "waypoints": [
    [
      112.67279141115414,
      165.86906218115124
    ],
    [
      114.65636503729836,
      153.49810393938532
    ],
    [
      117.55470993226284,
      141.31175210349323
    ],
    [
      121.60813554410426,
      129.46215945175402
    ],
    [
      127.10228373011081,
      118.2124615402952
    ],
    [
      134.29748889371132,
      107.97321239832603
    ],
    [
      143.27909633438347,
      99.26382560210472
    ],
    [
      153.79540309585695,
      92.4847343547383
    ],
    [
      165.34716309081318,
      87.66412559260213
    ],
    [
      177.4556715573044,
      84.45581132704433
    ]
  ],
  "bboxes": [
    [
      176.9000673886979,
      44.16479481276589,
      14.493690601675581,
      21.990427119783604
    ]
  ],
  "categories": [
    9
  ],
  "control_points": []
}