{
  "image_path": "/home/quynhthu/Documents/AI-project/e2e/data/raw/dataCollect2_frame_000022_jpg.rf.9544b5f50f733ea0f6168bf64c66d115.jpg",
  "command": 0,
  "waypoints": [
    [
      171.66666666666666,
      177.66666666666666
    ],
    [
      163.01335286185358,
      165.86985110539635
    ],
    [
      153.8636054307162,
      154.45448156202224
    ],
    [
      144.15447476023704,
      143.5112242338245
    ],
    [
      133.9006019353411,
      133.07654059174152
    ],
    [
      123.15884444558844,
      123.14444874272552
    ],
    [
      112.00036772393231,
      113.68249573060548
    ],
    [
      100.49356256004482,
      104.64697241230294
    ],
    [
      88.69932326540321,
      95.98967401937678
    ],
    [
      76.66666666666667,
      87.66666666666667
    ]
  ],
  "bboxes": [],
  "categories": [],
  "control_points": [
    [
      171.66666666666666,
      177.66666666666666
    ],
    [
      152.33333333333334,
      150.33333333333334
    ],
    [
      128.66666666666666,
      122.66666666666667
    ],
    [
      76.66666666666667,
      87.66666666666667
    ]
  ]
}