{
  "image_path": "/home/quynhthu/Documents/AI-project/e2e/data/raw/dataCollect2_frame_000262_jpg.rf.c2b71e3b9f1c5560e3f895faec3e36ae.jpg",
  "command": 0,
  "waypoints": [
    [
      102.37510912321471,
      167.21128372694125
    ],
    [
      103.1507823464656,
      158.105917642181
    ],
    [
      103.91659097471837,
      148.99971358881098
    ],
    [
      104.70510335083917,
      139.89545397155348
    ],
    [
      105.54605907423321,
      130.79590217399004
    ],
    [
      106.46454680673519,
      121.70386522164735
    ],
    [
      107.47978888403402,
      112.62213811606905
    ],
    [
      108.60499828509894,
      103.55338968107901
    ],
    [
      109.84829034992559,
      94.5000803715581
    ],
    [
      111.21262931552268,
      85.46422194809263
    ]
  ],
  "bboxes": [],
  "categories": [],
  "control_points": [
    [
      102.37510912321471,
      167.21128372694125
    ],
    [
      104.5844891712917,
      141.80341317405586
    ],
    [
      106.24152420734946,
      116.94788763318972
    ],
    [
      111.21262931552268,
      85.46422194809263
    ]
  ]
}