{
  "image_path": "/home/quynhthu/Documents/AI-project/e2e/data/raw/dataCollect_frame_000045_jpg.rf.372da557172ba68d85cecf40cb2225ce.jpg",
  "command": 0,
  "waypoints": [
    [
      168.10898441684205,
      186.31425140051036
    ],
    [
      173.80706749026083,
      179.95801458598635
    ],
    [
      179.48511366254886,
      173.58386828255152
    ],
    [
      185.15892051502584,
      167.20594676892026
    ],
    [
      190.8691788024297,
      160.8607005836686
    ],
    [
      196.71314633833586,
      154.63889682165612
    ],
    [
      202.88040070336507,
      148.73969123720096
    ],
    [
      209.55447675000013,
      143.42303174834916
    ],
    [
      216.66456220030423,
      138.70208555018291
    ],
    [
      224.0,
      134.33687820829456
    ]
  ],
  "bboxes": [],
  "categories": [],
  "control_points": [
    [
      168.10898441684205,
      186.31425140051036
    ],
    [
      199.59527779289587,
      151.3294809826728
    ],
    [
      200.59484266197694,
      147.83100394088905
    ],
    [
      224.0,
      134.33687820829456
    ]
  ]
}