{
  "image_path": "/home/quynhthu/Documents/AI-project/e2e/data/raw/dataCollect2_frame_000220_jpg.rf.735db6de679bd7b3b4873f91a147e897.jpg",
  "command": 0,
  "waypoints": [
    [
      161.47602540927417,
      182.12459905146088
    ],
    [
      159.69474688193478,
      172.13145009274362
    ],
    [
      157.84926725288162,
      162.14995793551833
    ],
    [
      156.0093864214318,
      152.1674283871587
    ],
    [
      154.2094157833533,
      142.17763186335367
    ],
    [
      152.4626210487733,
      132.17840341256712
    ],
    [
      150.77183870108198,
      122.1695517403416
    ],
    [
      149.1353466771273,
      112.15167894997289
    ],
    [
      147.54958692179943,
      102.1256487694296
    ],
    [
      146.01036507273525,
      92.09236209232358
    ]
  ],
  "bboxes": [
    [
      34.989017656866565,
      49.00945115482231,
      62.41498635817493,
      58.548571274040206
    ],
    [
      171.9705806376399,
      44.03834604664908,
      28.721940625000826,
      27.064905588943134
    ]
  ],
  "categories": [
    3,
    3
  ],
  "control_points": []
}