{
  "image_path": "/home/quynhthu/Documents/AI-project/e2e/data/raw/dataCollect0_frame_000011_jpg.rf.42dd7b23ace7c30c0f90f664a4af3bcd_dup1.jpg",
  "command": 3,
  "waypoints": [
    [
      118.0,
      189.0
    ],
    [
      123.45487538767964,
      178.37435377214197
    ],
    [
      128.96870588872974,
      167.77918377450155
    ],
    [
      134.5097405995357,
      157.1982077793869
    ],
    [
      140.0645780911211,
      146.62446977064806
    ],
    [
      145.62501613827786,
      136.05367540234568
    ],
    [
      151.1838619079376,
      125.48204381265504
    ],
    [
      156.73199629532186,
      114.90478873529771
    ],
    [
      162.25156792674284,
      104.31262476844837
    ],
    [
      167.66666666666666,
      93.66666666666667
    ]
  ],
  "bboxes": [
    [
      206.0,
      52.666666666666664,
      12.333333333333334,
      13.666666666666666
    ],
    [
      146.0,
      46.0,
      9.333333333333334,
      9.666666666666666
    ],
    [
      133.66666666666666,
      49.666666666666664,
      30.0,
      22.0
    ]
  ],
  "categories": [
    5,
    8,
    3
  ],
  "control_points": []
}