{
  "image_path": "/home/quynhthu/Documents/AI-project/e2e/data/raw/dataCollect2_frame_000032_jpg.rf.a5492a1e205ce28fb4f891f1c660031a_dup1.jpg",
  "command": 2,
  "waypoints": [
    [
      116.33333333333333,
      165.66666666666666
    ],
    [
      114.4097523852624,
      150.1983241482246
    ],
    [
      112.80051343899135,
      134.69511266901216
    ],
    [
      112.29471222934008,
      119.12404367176907
    ],
    [
      114.67961922472095,
      103.77308416143688
    ],
    [
      122.88572274732566,
      90.72578330671035
    ],
    [
      136.23623455838077,
      82.87088302499143
    ],
    [
      151.2968460713722,
      78.94055487863689
    ],
    [
      166.76501910907248,
      77.06489587650825
    ],
    [
      182.33333333333334,
      76.33333333333333
    ]
  ],
  "bboxes": [
    [
      188.33333333333334,
      43.0,
      24.0,
      29.333333333333332
    ],
    [
      57.666666666666664,
      114.0,
      113.0,
      13.666666666666666
    ]
  ],
  "categories": [
    5,
    7
  ],
  "control_points": [
    [
      116.33333333333333,
      165.66666666666666
    ],
    [
      108.66666666666667,
      104.33333333333333
    ],
    [
      103.33333333333333,
      78.0
    ],
    [
      182.33333333333334,
      76.33333333333333
    ]
  ]
}