{
  "image_path": "/home/quynhthu/Documents/AI-project/e2e/data/raw/dataCollect2_frame_000003_jpg.rf.2f082c05ebf901a37ff08cd1e94d2a9f.jpg",
  "command": 0,
  "waypoints": [
    [
      109.33333333333333,
      169.66666666666666
    ],
    [
      110.73353146282089,
      159.26033887738689
    ],
    [
      111.60473457291647,
      148.79689930804747
    ],
    [
      111.82672985545206,
      138.30028929318016
    ],
    [
      111.23634292790433,
      127.81916380903617
    ],
    [
      109.62104528575344,
      117.44865473090427
    ],
    [
      106.70427534703435,
      107.37043764065096
    ],
    [
      102.17561124944046,
      97.9130096705943
    ],
    [
      95.80797627320277,
      89.59117054357642
    ],
    [
      87.66666666666667,
      83.0
    ]
  ],
  "bboxes": [],
  "categories": [],
  "control_points": [
    [
      109.33333333333333,
      169.66666666666666
    ],
    [
      117.0,
      121.0
    ],
    [
      106.33333333333333,
      94.66666666666667
    ],
    [
      87.66666666666667,
      83.0
    ]
  ]
}