{
  "image_path": "/home/quynhthu/Documents/AI-project/e2e/data/raw/dataCollect0_frame_000039_jpg.rf.2200d2a54c1f9097c6e10fc085c29ac9_dup2.jpg",
  "command": 1,
  "waypoints": [
    [
      108.0,
      184.33333333333334
    ],
    [
      108.23713719584866,
      173.96473197435185
    ],
    [
      108.39387137944182,
      163.59461458969898
    ],
    [
      108.4865985996304,
      153.2237202117073
    ],
    [
      108.52573074595615,
      142.85248136003193
    ],
    [
      108.51786149360271,
      132.4811696952658
    ],
    [
      108.46659055660832,
      122.10998106749526
    ],
    [
      108.37226390308025,
      111.73909564768506
    ],
    [
      108.22916630137821,
      101.36877911781535
    ],
    [
      108.0,
      91.0
    ]
  ],
  "bboxes": [
    [
      79.33333333333333,
      84.66666666666667,
      58.666666666666664,
      7.666666666666667
    ]
  ],
  "categories": [
    7
  ],
  "control_points": []
}