{
  "image_path": "/home/quynhthu/Documents/AI-project/e2e/data/raw/dataCollect2_frame_000269_jpg.rf.00722df4e96a8a6be685231ddfbccfe6.jpg",
  "command": 0,
  "waypoints": [
    [
      91.88055389484902,
      172.18238883511444
    ],
    [
      92.92387225088538,
      161.4423469347402
    ],
    [
      93.96719060692173,
      150.70230503436593
    ],
    [
      95.01050896295807,
      139.9622631339917
    ],
    [
      96.05382731899446,
      129.22222123361746
    ],
    [
      97.0971456750308,
      118.48217933324321
    ],
    [
      98.14046403106715,
      107.74213743286896
    ],
    [
      99.18378238710352,
      97.0020955324947
    ],
    [
      100.22710074313989,
      86.26205363212046
    ],
    [
      101.27041909917624,
      75.52201173174619
    ]
  ],
  "bboxes": [],
  "categories": [],
  "control_points": [
    [
      91.88055389484902,
      172.18238883511444
    ],
    [
      94.979209412277,
      140.2844643910029
    ],
    [
      98.07786492970499,
      108.38653994689139
    ],
    [
      101.27041909917624,
      75.52201173174618
    ]
  ]
}