{
  "image_path": "/home/quynhthu/Documents/AI-project/e2e/data/raw/dataCollect0_frame_000041_jpg.rf.4bd3b39dfcce3765af2191736183a222.jpg",
  "command": 3,
  "waypoints": [
    [
      104.66666666666667,
      185.66666666666666
    ],
    [
      105.94688466392967,
      172.83508561630177
    ],
    [
      107.20921923064749,
      160.0017346374743
    ],
    [
      108.44079204557534,
      147.16539734518778
    ],
    [
      109.62970808312356,
      134.32504257325417
    ],
    [
      110.76104974935778,
      121.4794937939821
    ],
    [
      111.81208574263259,
      108.62714056406311
    ],
    [
      112.74302679877536,
      95.76557500519009
    ],
    [
      113.46594560474632,
      82.89083625315114
    ],
    [
      113.66666666666667,
      70.0
    ]
  ],
  "bboxes": [
    [
      25.333333333333332,
      168.0,
      164.0,
      22.0
    ],
    [
      145.66666666666666,
      46.666666666666664,
      8.333333333333334,
      13.333333333333334
    ]
  ],
  "categories": [
    7,
    5
  ],
  "control_points": [
    [
      104.66666666666667,
      185.66666666666666
    ],
    [
      108.0,
      152.33333333333334
    ],
    [
      114.33333333333333,
      89.33333333333333
    ],
    [
      113.66666666666667,
      70.0
    ]
  ]
}