{
  "image_path": "/home/quynhthu/Documents/AI-project/e2e/data/raw/dataCollect_frame_000000_jpg.rf.31ece3f18edc8a2349ad69657dc4d04b.jpg",
  "command": 0,
  "waypoints": [
    [
      111.76497432754194,
      177.15349394328769
    ],
    [
      112.31731933956118,
      166.7816820509263
    ],
    [
      112.86966435158045,
      156.4098701585649
    ],
    [
      113.42200936359966,
      146.03805826620348
    ],
    [
      113.97435437561896,
      135.6662463738421
    ],
    [
      114.52669938763815,
      125.29443448148072
    ],
    [
      115.0790443996574,
      114.9226225891194
    ],
    [
      115.63138941167665,
      104.55081069675785
    ],
    [
      116.18373442369592,
      94.17899880439627
    ],
    [
      116.73607943571515,
      83.8071869120349
    ]
  ],
  "bboxes": [
    [
      91.32820888282978,
      72.76028667164994,
      49.71105108173225,
      10.494555228365712
    ]
  ],
  "categories": [
    7
  ],
  "control_points": []
}