{
  "image_path": "/home/quynhthu/Documents/AI-project/e2e/data/raw/dataCollect2_frame_000279_jpg.rf.1cb182bb1a6c209173dedc2724dca000.jpg",
  "command": 0,
  "waypoints": [
    [
      55.97812811359795,
      177.70583895530692
    ],
    [
      57.57379148165355,
      169.91163711903528
    ],
    [
      59.169454849709176,
      162.11743528276367
    ],
    [
      60.76511821776476,
      154.32323344649203
    ],
    [
      62.3607815858204,
      146.52903161022044
    ],
    [
      63.956444953876,
      138.73482977394883
    ],
    [
      65.5521083219316,
      130.94062793767725
    ],
    [
      67.14777168998718,
      123.1464261014057
    ],
    [
      68.74343505804279,
      115.35222426513411
    ],
    [
      70.33909842609839,
      107.55802242886251
    ]
  ],
  "bboxes": [
    [
      30.570257560712587,
      92.64470710434284,
      84.5087868389448,
      14.360970312500442
    ],
    [
      70.33909842609839,
      60.60869640722651,
      23.750835516827635,
      32.58835570913558
    ],
    [
      120.05014950783062,
      45.143036070687586,
      16.57035036057745,
      19.88442043269289
    ]
  ],
  "categories": [
    7,
    2,
    5
  ],
  "control_points": []
}