{
  "image_path": "/home/quynhthu/Documents/AI-project/e2e/data/raw/dataCollect0_frame_000197_jpg.rf.f50fb42ef8332394d02dcee4c6f5b6a9_dup1.jpg",
  "command": 0,
  "waypoints": [
    [
      104.0,
      185.0
    ],
    [
      108.94553962537736,
      173.66278467545433
    ],
    [
      114.12896766445338,
      162.43184778486452
    ],
    [
      119.24551038953031,
      151.17056822411948
    ],
    [
      123.7670504967602,
      139.66126183450342
    ],
    [
      126.6033682683256,
      127.64527867753573
    ],
    [
      125.58820025251354,
      115.409752086423
    ],
    [
      119.30942989729665,
      104.86814377558794
    ],
    [
      109.80507753483272,
      97.00233039581288
    ],
    [
      99.0,
      91.0
    ]
  ],
  "bboxes": [],
  "categories": [],
  "control_points": [
    [
      104.0,
      185.0
    ],
    [
      123.0,
      139.33333333333334
    ],
    [
      146.33333333333334,
      113.66666666666667
    ],
    [
      99.0,
      91.0
    ]
  ]
}