{
  "image_path": "/home/quynhthu/Documents/AI-project/e2e/data/raw/dataCollect0_frame_000047_jpg.rf.379ecf62bd689a71d92645506461f021.jpg",
  "command": 0,
  "waypoints": [
    [
      108.33333333333333,
      183.66666666666666
    ],
    [
      104.63175908193715,
      169.4876644011654
    ],
    [
      99.56541884775282,
      155.7373482145767
    ],
    [
      93.13831204040076,
      142.56875917028916
    ],
    [
      85.34112704969795,
      130.1631977853617
    ],
    [
      76.18462689045784,
      118.72528509049012
    ],
    [
      65.72512251373743,
      108.46648178768534
    ],
    [
      54.083573809973416,
      99.5720695467097
    ],
    [
      41.435781967190756,
      92.17750172304896
    ],
    [
      28.0,
      86.33333333333333
    ]
  ],
  "bboxes": [],
  "categories": [],
  "control_points": [
    [
      108.33333333333333,
      183.66666666666666
    ],
    [
      101.0,
      148.66666666666666
    ],
    [
      78.66666666666667,
      105.0
    ],
    [
      28.0,
      86.33333333333333
    ]
  ]
}