{
  "image_path": "/home/quynhthu/Documents/AI-project/e2e/data/raw/dataCollect2_frame_000086_jpg.rf.a7403c7a9a120d8fb8711b42fcf15dd2.jpg",
  "command": 0,
  "waypoints": [
    [
      59.88756623198336,
      174.4451146233779
    ],
    [
      56.24145435219524,
      163.6620190310731
    ],
    [
      52.870627511208035,
      152.7900751799152
    ],
    [
      49.930792686761286,
      141.7943273150551
    ],
    [
      47.60766935613607,
      130.65294488855116
    ],
    [
      46.13571543968259,
      119.36926214748439
    ],
    [
      45.827846177338934,
      107.9971834332612
    ],
    [
      47.08330853654883,
      96.6956423334163
    ],
    [
      50.32791206831715,
      85.80474060166105
    ],
    [
      55.81756960313889,
      75.86075183581197
    ]
  ],
  "bboxes": [],
  "categories": [],
  "control_points": [
    [
      59.88756623198336,
      174.4451146233779
    ],
    [
      48.58202004074873,
      141.88514159262218
    ],
    [
      36.824252001864714,
      102.54184084712568
    ],
    [
      55.81756960313889,
      75.86075183581197
    ]
  ]
}