{
  "image_path": "/home/quynhthu/Documents/AI-project/e2e/data/raw/dataCollect2_frame_000081_jpg.rf.239693a4e70ba22e1f453c1d38b3fe44.jpg",
  "command": 0,
  "waypoints": [
    [
      87.33333333333333,
      171.66666666666666
    ],
    [
      84.74036767750665,
      162.01419621201634
    ],
    [
      82.5726848871987,
      152.2573684604144
    ],
    [
      80.82259724988745,
      142.41702278058236
    ],
    [
      79.48761335614874,
      132.51180727693904
    ],
    [
      78.57256539298807,
      122.5590318049721
    ],
    [
      78.09089489162042,
      112.57596130210909
    ],
    [
      78.07171823522452,
      102.5814422613982
    ],
    [
      78.56571460977108,
      92.59942262949447
    ],
    [
      79.66666666666667,
      82.66666666666667
    ]
  ],
  "bboxes": [],
  "categories": [],
  "control_points": [
    [
      87.33333333333333,
      171.66666666666666
    ],
    [
      77.66666666666667,
      138.66666666666666
    ],
    [
      76.33333333333333,
      105.33333333333333
    ],
    [
      79.66666666666667,
      82.66666666666667
    ]
  ]
}