{
  "image_path": "/home/quynhthu/Documents/AI-project/e2e/data/raw/dataCollect2_frame_000033_jpg.rf.dc03ad76cbfd4a7844d94065d8544071_dup1.jpg",
  "command": 2,
  "waypoints": [
    [
      125.0,
      167.66666666666666
    ],
    [
      125.12586574839759,
      151.4800963247884
    ],
    [
      126.38807625446634,
      135.34848394973832
    ],
    [
      129.79660046482834,
      119.55021625494828
    ],
    [
      137.0715786706442,
      105.16453029615029
    ],
    [
      149.18014130166105,
      94.54732701715477
    ],
    [
      164.14267201733415,
      88.49418340951746
    ],
    [
      180.02558027564794,
      85.44688596320528
    ],
    [
      196.1511011619721,
      84.07683214310556
    ],
    [
      212.33333333333334,
      83.66666666666667
    ]
  ],
  "bboxes": [
    [
      57.666666666666664,
      131.0,
      138.33333333333334,
      20.333333333333332
    ]
  ],
  "categories": [
    7
  ],
  "control_points": []
}