{
  "image_path": "/home/quynhthu/Documents/AI-project/e2e/data/raw/dataCollect2_frame_000034_jpg.rf.eb431aded86a3fd1f31b4ca5ca1979cc_dup2.jpg",
  "command": 1,
  "waypoints": [
    [
      138.66666666666666,
      174.0
    ],
    [
      134.84373392969482,
      154.2140643506675
    ],
    [
      129.21152354111808,
      134.8723291588157
    ],
    [
      120.81766317915107,
      116.57793104470376
    ],
    [
      108.56291158547681,
      100.64978385553603
    ],
    [
      92.32905441924335,
      88.82145847550709
    ],
    [
      73.59543080945419,
      81.49131270503847
    ],
    [
      53.85809017843267,
      77.47562839989543
    ],
    [
      33.804880393507766,
      75.48651421380978
    ],
    [
      13.666666666666666,
      74.66666666666667
    ]
  ],
  "bboxes": [],
  "categories": [],
  "control_points": [
    [
      138.66666666666666,
      174.0
    ],
    [
      125.66666666666667,
      91.66666666666667
    ],
    [
      92.33333333333333,
      76.33333333333333
    ],
    [
      13.666666666666666,
      74.66666666666667
    ]
  ]
}