{
  "image_path": "/home/quynhthu/Documents/AI-project/e2e/data/raw/dataCollect_frame_000000_jpg.rf.b579c45b8d50d51f9ad95d792c7fbac8.jpg",
  "command": 0,
  "waypoints": [
    [
      111.76497432754194,
      177.15349394328769
    ],
    [
      112.31731933956118,
      166.29070870690916
    ],
    [
      112.86966435158045,
      155.42792347053063
    ],
    [
      113.42200936359966,
      144.5651382341521
    ],
    [
      113.97435437561896,
      133.70235299777357
    ],
    [
      114.52669938763816,
      122.83956776139505
    ],
    [
      115.07904439965742,
      111.9767825250165
    ],
    [
      115.63138941167666,
      101.11399728863796
    ],
    [
      116.18373442369592,
      90.25121205225943
    ],
    [
      116.73607943571515,
      79.3884268158809
    ]
  ],
  "bboxes": [],
  "categories": [],
  "control_points": [
    [
      111.76497432754194,
      177.15349394328769
    ],
    [
      113.4054390132391,
      144.89102179124345
    ],
    [
      115.04590369893626,
      112.6285496391992
    ],
    [
      116.73607943571515,
      79.3884268158809
    ]
  ]
}