{
  "image_path": "/home/quynhthu/Documents/AI-project/e2e/data/raw/dataCollect0_frame_000135_jpg.rf.fd3f7ca5df7e3f5c7949d9e154b72065_dup2.jpg",
  "command": 1,
  "waypoints": [
    [
      115.33333333333333,
      185.33333333333334
    ],
    [
      117.83255978721051,
      173.98456563146644
    ],
    [
      119.77900670374832,
      162.52579798684306
    ],
    [
      121.44748495235673,
      151.02295842417925
    ],
    [
      122.93567780780477,
      139.49531939793704
    ],
    [
      124.29041256667755,
      127.95120151822049
    ],
    [
      125.53646810492307,
      116.39483375170067
    ],
    [
      126.68569767039287,
      104.82843130015802
    ],
    [
      127.73769484035392,
      93.25278572921297
    ],
    [
      128.66666666666666,
      81.66666666666667
    ]
  ],
  "bboxes": [],
  "categories": [],
  "control_points": [
    [
      115.33333333333333,
      185.33333333333334
    ],
    [
      121.33333333333333,
      163.0
    ],
    [
      127.0,
      104.66666666666667
    ],
    [
      128.66666666666666,
      81.66666666666667
    ]
  ]
}