{
  "image_path": "/home/quynhthu/Documents/AI-project/e2e/data/raw/dataCollect0_frame_000127_jpg.rf.1d03f0d12bd1abe589ed3f504c0f9cb8.jpg",
  "command": 0,
  "waypoints": [
    [
      125.0,
      189.0
    ],
    [
      124.82708811157727,
      177.60861847051737
    ],
    [
      124.22837079411062,
      166.2320508616433
    ],
    [
      123.080731960481,
      154.8981994405777
    ],
    [
      121.25918145760944,
      143.65365915301518
    ],
    [
      118.6353342306722,
      132.56974772882344
    ],
    [
      115.08369592175029,
      121.7485090780771
    ],
    [
      110.4961923994601,
      111.32538380695617
    ],
    [
      104.80382335312375,
      101.46335878956234
    ],
    [
      98.0,
      92.33333333333333
    ]
  ],
  "bboxes": [],
  "categories": [],
  "control_points": [
    [
      125.0,
      189.0
    ],
    [
      125.0,
      156.66666666666666
    ],
    [
      121.33333333333333,
      120.0
    ],
    [
      98.0,
      92.33333333333333
    ]
  ]
}