{
  "image_path": "/home/quynhthu/Documents/AI-project/e2e/data/raw/dataCollect0_frame_000038_jpg.rf.3cf9ecf8e346d635201e8026cfea8050_dup1.jpg",
  "command": 0,
  "waypoints": [
    [
      111.0,
      184.0
    ],
    [
      111.24752114393011,
      172.74095368623705
    ],
    [
      111.38455663239944,
      161.47996432522768
    ],
    [
      111.45734631610993,
      150.21836092687718
    ],
    [
      111.49008246832676,
      138.95656407030694
    ],
    [
      111.49952054404098,
      127.69472103674825
    ],
    [
      111.50027990169055,
      116.43287310082589
    ],
    [
      111.51100079804115,
      105.17103217418308
    ],
    [
      111.5700312463906,
      93.90936566451167
    ],
    [
      112.0,
      82.66666666666667
    ]
  ],
  "bboxes": [],
  "categories": [],
  "control_points": [
    [
      111.0,
      184.0
    ],
    [
      112.0,
      150.0
    ],
    [
      111.0,
      85.0
    ],
    [
      112.0,
      82.66666666666667
    ]
  ]
}