{
  "image_path": "/home/quynhthu/Documents/AI-project/e2e/data/raw/dataCollect2_frame_000077_jpg.rf.f7acaca34fed29de28baa741e3eac58c.jpg",
  "command": 2,
  "waypoints": [
    [
      111.42856846388761,
      169.11040344790007
    ],
    [
      113.24893400749501,
      156.76097932283406
    ],
    [
      116.70836201209656,
      144.77486611572544
    ],
    [
      122.01876830247501,
      133.4896714142811
    ],
    [
      129.20362143109807,
      123.29657956887625
    ],
    [
      138.05465197286875,
      114.509452404271
    ],
    [
      148.18638999413264,
      107.23009392057429
    ],
    [
      159.18596072173662,
      101.3347262765441
    ],
    [
      170.69830643858973,
      96.50623718575669
    ],
    [
      182.39767416864382,
      92.1439085286574
    ]
  ],
  "bboxes": [
    [
      193.89267016307616,
      45.664142116387495,
      16.99260277437824,
      24.989121727026827
    ]
  ],
  "categories": [
    9
  ],
  "control_points": []
}