{
  "image_path": "/home/quynhthu/Documents/AI-project/e2e/data/raw/dataCollect2_frame_000090_jpg.rf.41093d4beaa89a95e8aa4696267ea486.jpg",
  "command": 0,
  "waypoints": [
    [
      138.57416772297637,
      169.92289614688406
    ],
    [
      139.83731847471986,
      158.0387810878268
    ],
    [
      141.35972843724426,
      146.18543542588336
    ],
    [
      143.31092874645998,
      134.39589737238728
    ],
    [
      145.9829991177606,
      122.75095490871884
    ],
    [
      149.8564647159999,
      111.45480356118706
    ],
    [
      155.54116702963796,
      100.9619568786388
    ],
    [
      163.26806824934377,
      91.86861490621283
    ],
    [
      172.47764640743384,
      84.2678858553935
    ],
    [
      182.43968694496672,
      77.6696392264095
    ]
  ],
  "bboxes": [
    [
      191.9363457456038,
      46.01410989095255,
      22.158870534819897,
      13.566655429481543
    ]
  ],
  "categories": [
    3
  ],
  "control_points": []
}