{
  "image_path": "/home/quynhthu/Documents/AI-project/e2e/data/raw/dataCollect2_frame_000061_jpg.rf.3127995b36b4e1a7f036deb7571c41ca_dup1.jpg",
  "command": 0,
  "waypoints": [
    [
      113.0,
      168.66666666666666
    ],
    [
      113.40778239620379,
      162.74156580113197
    ],
    [
      113.69512103947442,
      156.80914307197477
    ],
    [
      114.04928495082864,
      150.8805089674046
    ],
    [
      114.62529805255174,
      144.96962693697233
    ],
    [
      115.47601160427861,
      139.09202117056648
    ],
    [
      116.58139193836149,
      133.25680781656496
    ],
    [
      117.89738899275729,
      127.46531660314194
    ],
    [
      119.3817483935324,
      121.71457322927661
    ],
    [
      121.0,
      116.0
    ]
  ],
  "bboxes": [],
  "categories": [],
  "control_points": [
    [
      113.0,
      168.66666666666666
    ],
    [
      114.33333333333333,
      153.33333333333334
    ],
    [
      112.66666666666667,
      144.33333333333334
    ],
    [
      121.0,
      116.0
    ]
  ]
}