{
  "image_path": "/home/quynhthu/Documents/AI-project/e2e/data/raw/dataCollect0_frame_000050_jpg.rf.5e3490b861cb63f721d095da5859bab5.jpg",
  "command": 0,
  "waypoints": [
    [
      111.33333333333333,
      182.33333333333334
    ],
    [
      107.45002401222445,
      168.89302403894547
    ],
    [
      101.87000850141152,
      156.0586157175859
    ],
    [
      94.96549850682148,
      143.8833205471236
    ],
    [
      86.93664688016715,
      132.41729596284014
    ],
    [
      77.90625399449401,
      121.72186888808481
    ],
    [
      67.95865136981699,
      111.8737707836979
    ],
    [
      57.16529186964322,
      102.96099947157494
    ],
    [
      45.59633468769917,
      95.08157674117665
    ],
    [
      33.333333333333336,
      88.33333333333333
    ]
  ],
  "bboxes": [],
  "categories": [],
  "control_points": [
    [
      111.33333333333333,
      182.33333333333334
    ],
    [
      105.0,
      151.66666666666666
    ],
    [
      77.66666666666667,
      110.0
    ],
    [
      33.333333333333336,
      88.33333333333333
    ]
  ]
}