{
  "image_path": "/home/quynhthu/Documents/AI-project/e2e/data/raw/dataCollect0_frame_000011_jpg.rf.42dd7b23ace7c30c0f90f664a4af3bcd.jpg",
  "command": 0,
  "waypoints": [
    [
      118.66666666666667,
      188.33333333333334
    ],
    [
      124.84735549058378,
      177.19041615194547
    ],
    [
      130.82972863277942,
      165.93982223872288
    ],
    [
      136.7144554918691,
      154.63776333768706
    ],
    [
      142.54785770660666,
      143.30910785634535
    ],
    [
      148.36022775321467,
      131.96964110946791
    ],
    [
      154.1786644811259,
      120.6332886610226
    ],
    [
      160.03772462579335,
      109.31790372336161
    ],
    [
      166.00360925869492,
      98.05875976790988
    ],
    [
      172.33333333333334,
      87.0
    ]
  ],
  "bboxes": [
    [
      207.33333333333334,
      51.0,
      10.333333333333334,
      17.0
    ],
    [
      148.66666666666666,
      46.0,
      6.666666666666667,
      9.0
    ],
    [
      133.0,
      48.666666666666664,
      29.333333333333332,
      21.666666666666668
    ]
  ],
  "categories": [
    5,
    8,
    3
  ],
  "control_points": []
}