{
  "image_path": "/home/quynhthu/Documents/AI-project/e2e/data/raw/dataCollect0_frame_000215_jpg.rf.11b68c62559333c012368ec33de37b35.jpg",
  "command": 3,
  "waypoints": [
    [
      102.33333333333333,
      189.0
    ],
    [
      102.90277307378388,
      177.29510594328033
    ],
    [
      103.50125393987923,
      165.5916590857303
    ],
    [
      104.1193297496668,
      153.88922928493787
    ],
    [
      104.74647466732951,
      142.18728129224226
    ],
    [
      105.37176805549818,
      130.48523435865954
    ],
    [
      105.98480646452128,
      118.78253988079398
    ],
    [
      106.57634611929974,
      107.07874027976096
    ],
    [
      107.13882490355921,
      95.37350943578794
    ],
    [
      107.66666666666667,
      83.66666666666667
    ]
  ],
  "bboxes": [],
  "categories": [],
  "control_points": [
    [
      102.33333333333333,
      189.0
    ],
    [
      104.0,
      153.66666666666666
    ],
    [
      106.0,
      122.0
    ],
    [
      107.66666666666667,
      83.66666666666667
    ]
  ]
}