{
  "image_path": "/home/quynhthu/Documents/AI-project/e2e/data/raw/dataCollect2_frame_000088_jpg.rf.b08a9d2017f99bb1e5a92cad86117fa4.jpg",
  "command": 0,
  "waypoints": [
    [
      97.0,
      168.33333333333334
    ],
    [
      95.36178339342017,
      158.16113568933372
    ],
    [
      94.68911523559133,
      147.88162706912001
    ],
    [
      94.83855690029807,
      137.5805069114364
    ],
    [
      95.75319208748336,
      127.3188293492492
    ],
    [
      97.43581174746281,
      117.15508577190873
    ],
    [
      99.95205301108885,
      107.16595886739975
    ],
    [
      103.45073995511626,
      97.47954911743557
    ],
    [
      108.20017778813092,
      88.3480263763149
    ],
    [
      114.66666666666667,
      80.33333333333333
    ]
  ],
  "bboxes": [],
  "categories": [],
  "control_points": []
}