{
  "image_path": "/home/quynhthu/Documents/AI-project/e2e/data/raw/dataCollect2_frame_000086_jpg.rf.01b2425514078e8fd1508fef7e095a6d.jpg",
  "command": 0,
  "waypoints": [
    [
      60.45076014075288,
      174.1082277933054
    ],
    [
      57.386335456942966,
      163.18842753567262
    ],
    [
      53.949675930972006,
      152.3791443805814
    ],
    [
      50.43649688588626,
      141.5942951954973
    ],
    [
      47.197547910210254,
      130.7248798463399
    ],
    [
      44.699849418663916,
      119.66487548184088
    ],
    [
      43.59692706579115,
      108.38811521497809
    ],
    [
      44.700931076007926,
      97.12469198709755
    ],
    [
      48.570919170779334,
      86.49740776614229
    ],
    [
      54.953153360806965,
      77.15043549244132
    ]
  ],
  "bboxes": [],
  "categories": [],
  "control_points": [
    [
      60.45076014075288,
      174.1082277933054
    ],
    [
      50.95489388448267,
      136.62454520276518
    ],
    [
      30.963596502861208,
      105.13825182671137
    ],
    [
      54.953153360806965,
      77.15043549244132
    ]
  ]
}