{
  "image_path": "/home/quynhthu/Documents/AI-project/e2e/data/raw/dataCollect2_frame_000256_jpg.rf.9b5d1f68ef26ffc4b25c2b18c01f6d4a.jpg",
  "command": 0,
  "waypoints": [
    [
      135.51580984436956,
      171.6300438230952
    ],
    [
      140.1808303793009,
      162.1099508182684
    ],
    [
      144.60178781795545,
      152.473780527948
    ],
    [
      148.88329822038958,
      142.77471042317435
    ],
    [
      153.10745987343313,
      133.05048252051603
    ],
    [
      157.34001572444728,
      123.3299098634586
    ],
    [
      161.634043627852,
      113.63636544915259
    ],
    [
      166.0332336881047,
      103.99013502245947
    ],
    [
      170.5735454968623,
      94.40956990218687
    ],
    [
      175.28465070975537,
      84.91187693607337
    ]
  ],
  "bboxes": [],
  "categories": [],
  "control_points": [
    [
      135.51580984436956,
      171.6300438230952
    ],
    [
      147.66740010879298,
      147.87920830626757
    ],
    [
      158.71430034917793,
      117.50023264520898
    ],
    [
      175.28465070975537,
      84.91187693607337
    ]
  ]
}