{
  "image_path": "/home/quynhthu/Documents/AI-project/e2e/data/raw/dataCollect0_frame_000043_jpg.rf.21a5f378b4d29c321a53d949355ec147.jpg",
  "command": 3,
  "waypoints": [
    [
      113.66666666666667,
      187.0
    ],
    [
      114.80042440818704,
      175.42370830003995
    ],
    [
      115.54259045728303,
      163.81516707620736
    ],
    [
      116.01928870311191,
      152.19254583226586
    ],
    [
      116.2829671174422,
      140.56309033088823
    ],
    [
      116.35178659917064,
      128.9308407804842
    ],
    [
      116.21774986908713,
      117.29919320823656
    ],
    [
      115.83722039638316,
      105.67313143436019
    ],
    [
      115.07207957261598,
      94.06673688950802
    ],
    [
      113.0,
      82.66666666666667
    ]
  ],
  "bboxes": [
    [
      188.33333333333334,
      58.666666666666664,
      19.0,
      21.333333333333332
    ]
  ],
  "categories": [
    5
  ],
  "control_points": [
    [
      113.66666666666667,
      187.0
    ],
    [
      117.66666666666667,
      154.33333333333334
    ],
    [
      117.0,
      90.0
    ],
    [
      113.0,
      82.66666666666667
    ]
  ]
}