{
  "image_path": "/home/quynhthu/Documents/AI-project/e2e/data/raw/dataCollect0_frame_000199_jpg.rf.d5afff81abdb6cef11eb190831627e9e_dup1.jpg",
  "command": 1,
  "waypoints": [
    [
      83.66666666666667,
      188.0
    ],
    [
      78.08734356612935,
      175.71232125722395
    ],
    [
      72.41268758890196,
      163.46847759413325
    ],
    [
      66.52522585094512,
      151.32571720137722
    ],
    [
      60.33852010472595,
      139.332836178809
    ],
    [
      53.8067104210015,
      127.52446576330728
    ],
    [
      46.919793588861886,
      115.91962052246045
    ],
    [
      39.692247957077576,
      104.52374344400626
    ],
    [
      32.15212021317383,
      93.33214934030285
    ],
    [
      24.333333333333332,
      82.33333333333333
    ]
  ],
  "bboxes": [
    [
      69.66666666666667,
      50.0,
      12.666666666666666,
      16.0
    ]
  ],
  "categories": [
    6
  ],
  "control_points": [
    [
      83.66666666666667,
      188.0
    ],
    [
      69.0,
      155.66666666666666
    ],
    [
      55.666666666666664,
      125.33333333333333
    ],
    [
      24.333333333333332,
      82.33333333333333
    ]
  ]
}