{
  "image_path": "/home/quynhthu/Documents/AI-project/e2e/data/raw/dataCollect2_frame_000187_jpg.rf.5bde03fdf720658c68a3735e05f5d6eb.jpg",
  "command": 0,
  "waypoints": [
    [
      117.31974088345527,
      167.20956506098776
    ],
    [
      117.96653102235467,
      154.93571359178657
    ],
    [
      117.40740393090852,
      142.66096362041284
    ],
    [
      115.22470559378867,
      130.5738941405165
    ],
    [
      111.05786760290195,
      119.02578383521093
    ],
    [
      104.74422693991076,
      108.50099507792841
    ],
    [
      96.4661374269931,
      99.43804670521232
    ],
    [
      86.67335325654813,
      92.02959658088393
    ],
    [
      75.85958792166764,
      86.20100495735652
    ],
    [
      64.4097847084772,
      81.73963585525397
    ]
  ],
  "bboxes": [],
  "categories": [],
  "control_points": [
    [
      117.31974088345527,
      167.20956506098776
    ],
    [
      120.03307196935158,
      137.36292311612834
    ],
    [
      116.4152971881565,
      98.9240660659306
    ],
    [
      64.4097847084772,
      81.73963585525397
    ]
  ]
}