{
  "image_path": "/home/quynhthu/Documents/AI-project/e2e/data/raw/dataCollect2_frame_000181_jpg.rf.02766f26a998f21a7be74283044683e9.jpg",
  "command": 0,
  "waypoints": [
    [
      109.17974762576632,
      166.75734321333837
    ],
    [
      109.3807351136105,
      156.75821569309085
    ],
    [
      109.58172260145467,
      146.75908817284332
    ],
    [
      109.78271008929882,
      136.7599606525958
    ],
    [
      109.98369757714305,
      126.76083313234828
    ],
    [
      110.18468506498718,
      116.76170561210077
    ],
    [
      110.38567255283137,
      106.76257809185324
    ],
    [
      110.58666004067553,
      96.76345057160576
    ],
    [
      110.7876475285197,
      86.76432305135822
    ],
    [
      110.98863501636387,
      76.7651955311107
    ]
  ],
  "bboxes": [],
  "categories": [],
  "control_points": [
    [
      109.17974762576632,
      166.75734321333837
    ],
    [
      109.77668046466351,
      137.05993447820325
    ],
    [
      110.3736133035607,
      107.36252574306812
    ],
    [
      110.98863501636387,
      76.76519553111072
    ]
  ]
}