{
  "image_path": "/home/quynhthu/Documents/AI-project/e2e/data/raw/dataCollect0_frame_000071_jpg.rf.6b6abfdb4763fd38db67d17a83956e35.jpg",
  "command": 0,
  "waypoints": [
    [
      120.0,
      188.66666666666666
    ],
    [
      120.32241206390518,
      176.87857305121778
    ],
    [
      120.64556092285977,
      165.09049986177675
    ],
    [
      120.98185626317827,
      153.3027954441079
    ],
    [
      121.34238271325694,
      141.515809387261
    ],
    [
      121.74019972214562,
      129.73002750653325
    ],
    [
      122.1944566168009,
      117.94629758920819
    ],
    [
      122.73860416474578,
      106.16641834267557
    ],
    [
      123.44949271182641,
      94.3958269309294
    ],
    [
      124.66666666666667,
      82.66666666666669
    ]
  ],
  "bboxes": [
    [
      159.33333333333334,
      50.0,
      9.666666666666666,
      14.666666666666666
    ],
    [
      120.66666666666667,
      43.666666666666664,
      14.666666666666666,
      11.666666666666666
    ]
  ],
  "categories": [
    9,
    3
  ],
  "control_points": []
}