{
  "image_path": "/home/quynhthu/Documents/AI-project/e2e/data/raw/dataCollect2_frame_000205_jpg.rf.bce98a5e0704cef4b4b60f8351caef25.jpg",
  "command": 0,
  "waypoints": [
    [
      143.5486080471196,
      167.20956506098776
    ],
    [
      150.09790123388254,
      159.1459624278303
    ],
    [
      156.3222632794352,
      150.82943170512615
    ],
    [
      162.10595061958549,
      142.20144761682303
    ],
    [
      167.26164030860826,
      133.1858677821695
    ],
    [
      171.46354039120223,
      123.69234805327962
    ],
    [
      174.09942235203224,
      113.66190981145078
    ],
    [
      174.04559614036737,
      103.32107287142472
    ],
    [
      170.03458561013878,
      93.82908322653563
    ],
    [
      162.54192564839377,
      86.7140761793972
    ]
  ],
  "bboxes": [],
  "categories": [],
  "control_points": [
    [
      143.5486080471196,
      167.20956506098776
    ],
    [
      169.77747521078393,
      136.0062575731802
    ],
    [
      187.41412726910994,
      103.44628454242446
    ],
    [
      162.54192564839377,
      86.7140761793972
    ]
  ]
}