{
  "image_path": "/home/quynhthu/Documents/AI-project/e2e/data/raw/dataCollect0_frame_000010_jpg.rf.fba02409b0ba7ae421a7f0e400c30194.jpg",
  "command": 2,
  "waypoints": [
    [
      110.33333333333333,
      186.33333333333334
    ],
    [
      113.27174305402566,
      171.65154389466204
    ],
    [
      119.10683811303711,
      157.87011637155493
    ],
    [
      126.59118038553693,
      144.89859429249705
    ],
    [
      135.1847468165809,
      132.63004311200595
    ],
    [
      144.6312048937397,
      121.00412597522455
    ],
    [
      154.8223590707223,
      110.0250711101545
    ],
    [
      165.7552443389142,
      99.786009274563
    ],
    [
      177.55137835900186,
      90.56455479419743
    ],
    [
      190.66666666666666,
      83.33333333333333
    ]
  ],
  "bboxes": [
    [
      171.0,
      47.0,
      33.0,
      20.333333333333332
    ],
    [
      183.66666666666666,
      45.666666666666664,
      8.0,
      8.666666666666666
    ],
    [
      204.66666666666666,
      43.333333333333336,
      16.333333333333332,
      15.0
    ]
  ],
  "categories": [
    3,
    8,
    3
  ],
  "control_points": []
}