{
  "image_path": "/home/quynhthu/Documents/AI-project/e2e/data/raw/dataCollect0_frame_000042_jpg.rf.326c5eac4572a6d4e017ff209fa238bb_dup1.jpg",
  "command": 3,
  "waypoints": [
    [
      121.33333333333333,
      184.66666666666666
    ],
    [
      121.988441533552,
      172.60083863904694
    ],
    [
      122.54867328884465,
      160.5302120798234
    ],
    [
      123.03356400114721,
      148.45631919921138
    ],
    [
      123.44758001999348,
      136.37978854844013
    ],
    [
      123.78605501424028,
      124.3009096858239
    ],
    [
      124.03411642031523,
      112.21984950332028
    ],
    [
      124.15753069661491,
      100.13691714559705
    ],
    [
      124.06996153225334,
      88.0538936311426
    ],
    [
      123.33333333333333,
      76.0
    ]
  ],
  "bboxes": [
    [
      169.66666666666666,
      50.333333333333336,
      14.0,
      16.666666666666668
    ]
  ],
  "categories": [
    5
  ],
  "control_points": [
    [
      121.33333333333333,
      184.66666666666666
    ],
    [
      123.33333333333333,
      151.0
    ],
    [
      125.33333333333333,
      88.33333333333333
    ],
    [
      123.33333333333333,
      76.0
    ]
  ]
}