{
  "image_path": "/home/quynhthu/Documents/AI-project/e2e/data/raw/dataCollect2_frame_000105_jpg.rf.2670c76a7619a94320380ff51f39bb85.jpg",
  "command": 1,
  "waypoints": [
    [
      51.74757297429442,
      178.062889404573
    ],
    [
      51.04279067780922,
      168.61333092702097
    ],
    [
      50.072246479678114,
      159.18576887764215
    ],
    [
      49.691240533327786,
      149.72054422150487
    ],
    [
      50.58525800276003,
      140.2945958263927
    ],
    [
      52.87121788534835,
      131.1048374803783
    ],
    [
      56.26517528067328,
      122.26065941946186
    ],
    [
      60.443574637958115,
      113.7565208708443
    ],
    [
      65.17133944679318,
      105.54382763814115
    ],
    [
      70.28866872791922,
      97.56740052298244
    ]
  ],
  "bboxes": [
    [
      119.1286282740528,
      60.48520901573286,
      67.83327714740778,
      52.45773432732868
    ]
  ],
  "categories": [
    3
  ],
  "control_points": [
    [
      51.74757297429442,
      178.062889404573
    ],
    [
      50.843129278995654,
      153.6429096315062
    ],
    [
      41.798692326007945,
      140.07625420202467
    ],
    [
      70.28866872791922,
      97.56740052298244
    ]
  ]
}