{
  "image_path": "/home/quynhthu/Documents/AI-project/e2e/data/raw/dataCollect2_frame_000178_jpg.rf.a9bf622669701948144ac0cce46b9371.jpg",
  "command": 3,
  "waypoints": [
    [
      100.13531067277863,
      166.30512136568896
    ],
    [
      99.68308882512925,
      156.3562407174025
    ],
    [
      99.23086697747988,
      146.407360069116
    ],
    [
      98.77864512983045,
      136.45847942082955
    ],
    [
      98.32642328218111,
      126.50959877254307
    ],
    [
      97.87420143453171,
      116.5607181242566
    ],
    [
      97.42197958688232,
      106.61183747597012
    ],
    [
      96.96975773923293,
      96.66295682768364
    ],
    [
      96.51753589158356,
      86.71407617939718
    ],
    [
      96.06531404393417,
      76.76519553111072
    ]
  ],
  "bboxes": [],
  "categories": [],
  "control_points": [
    [
      100.13531067277863,
      166.30512136568896
    ],
    [
      98.79221178525995,
      136.75694584027815
    ],
    [
      97.44911289774129,
      107.20877031486732
    ],
    [
      96.06531404393417,
      76.76519553111072
    ]
  ]
}