{
  "image_path": "/home/quynhthu/Documents/AI-project/e2e/data/raw/dataCollect2_frame_000037_jpg.rf.f20c4758abe212f6023ec23a1c1e706c.jpg",
  "command": 1,
  "waypoints": [
    [
      107.66666666666667,
      170.0
    ],
    [
      101.7583225692948,
      155.5038134851885
    ],
    [
      94.92886291004002,
      141.42225815176832
    ],
    [
      86.46908768312981,
      128.26869715990736
    ],
    [
      75.61378375302313,
      117.03786347856783
    ],
    [
      62.37385385663114,
      108.75432698361818
    ],
    [
      47.69737872793343,
      103.35995864350902
    ],
    [
      32.42076985323505,
      99.96849476788525
    ],
    [
      16.919890730232307,
      97.79102959890501
    ],
    [
      1.3333333333333333,
      96.33333333333333
    ]
  ],
  "bboxes": [],
  "categories": [],
  "control_points": [
    [
      107.66666666666667,
      170.0
    ],
    [
      86.66666666666667,
      115.33333333333333
    ],
    [
      70.33333333333333,
      101.66666666666667
    ],
    [
      1.3333333333333333,
      96.33333333333333
    ]
  ]
}