{
  "image_path": "/home/quynhthu/Documents/AI-project/e2e/data/raw/ec2f8968-frame_9261_jpg.rf.2465dc9c351bacf3ea17c012d6cd1d8e.jpg",
  "command": 1,
  "waypoints": [
    [
      99.63879088478855,
      220.29945694926687
    ],
    [
      98.96926757055344,
      204.33018931297585
    ],
    [
      98.14554827842902,
      188.36818136579583
    ],
    [
      97.09406743387711,
      172.41966986547462
    ],
    [
      95.69155856545672,
      156.49850229862392
    ],
    [
      93.71213538911817,
      140.63973206179782
    ],
    [
      90.691429743122,
      124.95002449976016
    ],
    [
      85.58247739407823,
      109.83206876294567
    ],
    [
      76.51894567845622,
      96.77464670236488
    ],
    [
      63.65445559786991,
      87.3573293614841
    ]
  ],
  "bboxes": [],
  "categories": [],
  "control_points": [
    [
      99.63879088478855,
      220.29945694926687
    ],
    [
      95.64053140846426,
      115.34514569575418
    ],
    [
      88.1437948903562,
      101.85101996315967
    ],
    [
      63.65445559786991,
      87.3573293614841
    ]
  ]
}