{
  "image_path": "/home/quynhthu/Documents/AI-project/e2e/data/raw/ed9c7a0d-frame_7071_jpg.rf.dd81cdb4803220eaffddd829343fbcdb.jpg",
  "command": 1,
  "waypoints": [
    [
      116.63139365916679,
      221.29902181834794
    ],
    [
      118.29177547051447,
      199.9667508880968
    ],
    [
      120.29109731986698,
      178.6636238266409
    ],
    [
      122.46462479118901,
      157.3774695446918
    ],
    [
      124.43612422269159,
      136.07279487589733
    ],
    [
      125.24303980908334,
      114.70702756028713
    ],
    [
      121.9503473208458,
      93.68758952102496
    ],
    [
      108.36980523194862,
      77.47128407756557
    ],
    [
      88.3297251914854,
      70.32662408219842
    ],
    [
      67.15293263965366,
      67.36603197986265
    ]
  ],
  "bboxes": [
    [
      42.66359334716738,
      130.33861873197026,
      158.4310317493501,
      25.988686596107925
    ]
  ],
  "categories": [
    7
  ],
  "control_points": []
}