{
  "image_path": "/home/quynhthu/Documents/AI-project/e2e/data/raw/edc21bfdfb1b4a45130a_jpg.rf.f5c028f1e8125b56ae710803e44aa082.jpg",
  "command": 0,
  "waypoints": [
    [
      163.61094250597725,
      224.0
    ],
    [
      156.70288478934384,
      210.10971910582467
    ],
    [
      150.03733669406978,
      196.10154206996958
    ],
    [
      143.6761457772362,
      181.95271413951411
    ],
    [
      137.70942306835235,
      167.63336256012215
    ],
    [
      132.27372223933767,
      153.1047066549752
    ],
    [
      127.59632120966482,
      138.31581198004847
    ],
    [
      124.052749134536,
      123.21818733773101
    ],
    [
      122.14908147048034,
      107.83110205045202
    ],
    [
      121.12943557003162,
      92.35515370688948
    ]
  ],
  "bboxes": [],
  "categories": [],
  "control_points": [
    [
      163.61094250597725,
      224.0
    ],
    [
      116.13161122462625,
      130.33861873197026
    ],
    [
      123.6283477427343,
      111.34688621942989
    ],
    [
      121.12943557003162,
      92.35515370688948
    ]
  ]
}