{
  "image_path": "/home/quynhthu/Documents/AI-project/e2e/data/raw/ee204789-frame_4169_jpg.rf.194d4ac98ea5c1eeac9c2e6020dd3313.jpg",
  "command": 1,
  "waypoints": [
    [
      100.63835575386963,
      222.298586687429
    ],
    [
      99.03996420959304,
      202.8797201462504
    ],
    [
      96.44885754926639,
      183.57140784502178
    ],
    [
      92.20697258226438,
      164.5654667237562
    ],
    [
      85.16728401805052,
      146.43352146563163
    ],
    [
      73.73946794990569,
      130.74412329719033
    ],
    [
      57.57951237908961,
      120.01442982660522
    ],
    [
      38.874804026131386,
      114.74391288308925
    ],
    [
      19.470646532784855,
      113.1992912301981
    ],
    [
      2.842170943040401e-14,
      113.84579839213258
    ]
  ],
  "bboxes": [
    [
      173.60659119678797,
      92.85493614143002,
      31.986075810594343,
      32.48585824513491
    ],
    [
      10.677517536573026,
      155.82752289353766,
      170.92559261286354,
      27.488033899729487
    ]
  ],
  "categories": [
    0,
    7
  ],
  "control_points": []
}