{
  "image_path": "/home/quynhthu/Documents/AI-project/e2e/data/raw/f77f0d38-frame_9621_jpg.rf.36a4330096b6d0a68f62215a0e91b972.jpg",
  "command": 3,
  "waypoints": [
    [
      75.64923402684279,
      224.0
    ],
    [
      74.42754363129924,
      205.59666090645922
    ],
    [
      73.20585323575573,
      187.19332181291847
    ],
    [
      71.98416284021218,
      168.7899827193777
    ],
    [
      70.76247244466867,
      150.38664362583694
    ],
    [
      69.54078204912513,
      131.9833045322962
    ],
    [
      68.31909165358158,
      113.57996543875544
    ],
    [
      67.09740125803806,
      95.17662634521466
    ],
    [
      65.87571086249453,
      76.77328725167379
    ],
    [
      64.65402046695098,
      58.36994815813299
    ]
  ],
  "bboxes": [
    [
      95.64053140846426,
      53.37212381272762,
      12.994343298053948,
      14.993473036216102
    ],
    [
      25.171208138248584,
      82.85928745061928,
      76.4667124847021,
      12.494560863513428
    ]
  ],
  "categories": [
    0,
    7
  ],
  "control_points": []
}