{
  "image_path": "/home/quynhthu/Documents/AI-project/e2e/data/raw/frame_0059_jpg.rf.2b01b821fdc9e78ce95495b7bbc9cc11.jpg",
  "command": 0,
  "waypoints": [
    [
      114.15771466546495,
      224.0
    ],
    [
      114.32594999380267,
      207.42709532556907
    ],
    [
      114.49418532214038,
      190.8541906511382
    ],
    [
      114.66242065047808,
      174.28128597670718
    ],
    [
      114.83065597881583,
      157.70838130227617
    ],
    [
      114.99889130715353,
      141.13547662784515
    ],
    [
      115.16712663549124,
      124.56257195341412
    ],
    [
      115.33536196382894,
      107.9896672789831
    ],
    [
      115.50359729216666,
      91.41676260455219
    ],
    [
      115.67183262050438,
      74.84385793012136
    ]
  ],
  "bboxes": [
    [
      72.51947090188092,
      69.54444508748338,
      78.35560417328996,
      9.084707730236516
    ],
    [
      5.141221902626767,
      130.10916328906018,
      213.869161149318,
      23.090298814351115
    ]
  ],
  "categories": [
    7,
    7
  ],
  "control_points": []
}