{
  "image_path": "/home/quynhthu/Documents/AI-project/e2e/data/raw/frame_0079_jpg.rf.230842fc742b005df88919ba56a5973e.jpg",
  "command": 0,
  "waypoints": [
    [
      114.91477364298467,
      224.0
    ],
    [
      103.93741846894889,
      211.80121386234958
    ],
    [
      92.96006329491308,
      199.60242772469917
    ],
    [
      81.9827081208773,
      187.40364158704872
    ],
    [
      71.00535294684147,
      175.20485544939834
    ],
    [
      60.027997772805705,
      163.0060693117479
    ],
    [
      49.05064259876992,
      150.8072831740975
    ],
    [
      38.07328742473414,
      138.6084970364471
    ],
    [
      27.095932250698333,
      126.40971089879665
    ],
    [
      16.118577076662554,
      114.21092476114626
    ]
  ],
  "bboxes": [],
  "categories": [],
  "control_points": [
    [
      114.91477364298467,
      224.0
    ],
    [
      82.31202877609837,
      187.76960517117826
    ],
    [
      49.70928390921206,
      151.5392103423565
    ],
    [
      16.118577076662554,
      114.21092476114626
    ]
  ]
}