{
  "image_path": "/home/quynhthu/Documents/AI-project/e2e/data/raw/frame_0052_jpg.rf.23e170cd822b3af83f8bd6007fa3bcf8.jpg",
  "command": 0,
  "waypoints": [
    [
      48.63608562691131,
      222.2874617737003
    ],
    [
      48.78831124702685,
      208.66326877336053
    ],
    [
      48.94053686714237,
      195.03907577302073
    ],
    [
      49.092762487257886,
      181.41488277268093
    ],
    [
      49.24498810737344,
      167.79068977234115
    ],
    [
      49.39721372748895,
      154.16649677200135
    ],
    [
      49.549439347604476,
      140.54230377166158
    ],
    [
      49.701664967720006,
      126.91811077132178
    ],
    [
      49.85389058783554,
      113.29391777098199
    ],
    [
      50.00611620795107,
      99.66972477064219
    ]
  ],
  "bboxes": [],
  "categories": [],
  "control_points": [
    [
      48.63608562691131,
      222.2874617737003
    ],
    [
      49.08819571865443,
      181.8236085626911
    ],
    [
      49.54030581039755,
      141.35975535168194
    ],
    [
      50.00611620795107,
      99.66972477064219
    ]
  ]
}