{
  "image_path": "/home/quynhthu/Documents/AI-project/e2e/data/raw/frame_0094_jpg.rf.5be4da0c17892b661e2ceb3d621b7741.jpg",
  "command": 0,
  "waypoints": [
    [
      122.86389290694162,
      220.5777111026655
    ],
    [
      116.5302112423294,
      202.90800898628717
    ],
    [
      108.26935834022339,
      186.05506978352503
    ],
    [
      98.05817915488221,
      170.30874280641692
    ],
    [
      85.99182802414967,
      155.9345494917497
    ],
    [
      72.28003105003229,
      143.11898525871055
    ],
    [
      57.21014063568434,
      131.9289703348628
    ],
    [
      41.0774570542684,
      122.33061213809731
    ],
    [
      24.153097088992286,
      114.20505677242777
    ],
    [
      6.655339857666183,
      107.39739396346887
    ]
  ],
  "bboxes": [],
  "categories": [],
  "control_points": [
    [
      122.86389290694162,
      220.5777111026655
    ],
    [
      104.31594795770873,
      158.8774044348091
    ],
    [
      59.64946828404587,
      125.94533891270176
    ],
    [
      6.655339857666183,
      107.39739396346887
    ]
  ]
}