{
  "image_path": "/home/quynhthu/Documents/AI-project/e2e/data/raw/frame_0056_jpg.rf.c3ac83438ba6ec2327d6054cd0a12a1e.jpg",
  "command": 3,
  "waypoints": [
    [
      117.48012232415901,
      216.80733944954127
    ],
    [
      118.20319401970778,
      202.23173632347948
    ],
    [
      118.92626571525653,
      187.65613319741763
    ],
    [
      119.64933741080526,
      173.08053007135578
    ],
    [
      120.37240910635407,
      158.50492694529393
    ],
    [
      121.0954808019028,
      143.92932381923208
    ],
    [
      121.81855249745158,
      129.35372069317023
    ],
    [
      122.54162419300035,
      114.77811756710837
    ],
    [
      123.2646958885491,
      100.2025144410465
    ],
    [
      123.98776758409785,
      85.62691131498471
    ]
  ],
  "bboxes": [
    [
      127.07033639143731,
      63.02140672782874,
      15.755351681957166,
      15.755351681957187
    ]
  ],
  "categories": [
    2
  ],
  "control_points": []
}