{
  "image_path": "/home/quynhthu/Documents/AI-project/e2e/data/raw/frame_0051_jpg.rf.70926bea51a217547dd7e24b97e497bb.jpg",
  "command": 0,
  "waypoints": [
    [
      104.1223241590214,
      223.31498470948011
    ],
    [
      104.73122663948352,
      206.6462793068297
    ],
    [
      105.34012911994563,
      189.97757390417934
    ],
    [
      105.94903160040772,
      173.30886850152902
    ],
    [
      106.55793408086988,
      156.64016309887867
    ],
    [
      107.16683656133198,
      139.97145769622836
    ],
    [
      107.77573904179407,
      123.30275229357801
    ],
    [
      108.3846415222562,
      106.63404689092768
    ],
    [
      108.99354400271832,
      89.9653414882772
    ],
    [
      109.60244648318042,
      73.2966360856269
    ]
  ],
  "bboxes": [
    [
      70.89908256880733,
      64.04892966360856,
      71.92660550458714,
      10.617737003058096
    ],
    [
      185.98165137614677,
      55.82874617737003,
      37.67584097859327,
      50.006116207951074
    ],
    [
      16.440366972477065,
      110.97247706422017,
      178.44648318042812,
      21.235474006116206
    ]
  ],
  "categories": [
    7,
    2,
    7
  ],
  "control_points": []
}