{
  "image_path": "/home/quynhthu/Documents/AI-project/e2e/data/raw/frame_0056_jpg.rf.51aa149acd5183c20aed883f71fc02e0_dup1.jpg",
  "command": 1,
  "waypoints": [
    [
      114.7400611620795,
      222.2874617737003
    ],
    [
      112.19920137774267,
      203.11296009147185
    ],
    [
      106.44215172336126,
      184.66201813534357
    ],
    [
      97.67082285128522,
      167.43800261873272
    ],
    [
      86.16793455253334,
      151.9042056462475
    ],
    [
      72.25445184472821,
      138.48704594866064
    ],
    [
      56.29013963263393,
      127.59143723407276
    ],
    [
      38.69532374001638,
      119.59413184667838
    ],
    [
      19.97373679550062,
      114.79708553376501
    ],
    [
      0.6850152905198776,
      113.37003058103974
    ]
  ],
  "bboxes": [
    [
      127.75535168195718,
      62.33639143730886,
      15.75535168195718,
      18.837920489296636
    ]
  ],
  "categories": [
    2
  ],
  "control_points": []
}