{
  "image_path": "/home/quynhthu/Documents/AI-project/e2e/data/raw/frame_0123_jpg.rf.943ebb562150035bb201636ac3095757.jpg",
  "command": 0,
  "waypoints": [
    [
      70.62682345808166,
      222.47035854646475
    ],
    [
      70.83711761850381,
      207.07682600356398
    ],
    [
      71.04741177892595,
      191.68329346066324
    ],
    [
      71.25770593934807,
      176.28976091776246
    ],
    [
      71.46800009977025,
      160.8962283748617
    ],
    [
      71.67829426019237,
      145.50269583196092
    ],
    [
      71.8885884206145,
      130.10916328906015
    ],
    [
      72.09888258103665,
      114.71563074615936
    ],
    [
      72.30917674145878,
      99.32209820325859
    ],
    [
      72.51947090188092,
      83.92856566035786
    ]
  ],
  "bboxes": [],
  "categories": [],
  "control_points": [
    [
      70.62682345808166,
      222.47035854646475
    ],
    [
      71.25139711453542,
      176.75156689404946
    ],
    [
      71.87597077098917,
      131.0327752416342
    ],
    [
      72.51947090188092,
      83.92856566035786
    ]
  ]
}