{
  "image_path": "/home/quynhthu/Documents/AI-project/e2e/data/raw/frame_0696_jpg.rf.1038b6d87dd2c77d499dcc335c4562c8.jpg",
  "command": 0,
  "waypoints": [
    [
      128.54183523833942,
      222.09182905770487
    ],
    [
      126.81742312287787,
      210.31535607406494
    ],
    [
      125.0930110074163,
      198.53888309042503
    ],
    [
      123.36859889195472,
      186.7624101067851
    ],
    [
      121.6441867764932,
      174.98593712314516
    ],
    [
      119.91977466103162,
      163.20946413950526
    ],
    [
      118.19536254557006,
      151.43299115586532
    ],
    [
      116.47095043010852,
      139.65651817222536
    ],
    [
      114.74653831464695,
      127.88004518858546
    ],
    [
      113.0221261991854,
      116.10357220494554
    ]
  ],
  "bboxes": [],
  "categories": [],
  "control_points": [
    [
      128.54183523833942,
      222.09182905770487
    ],
    [
      123.42033125541859,
      187.1157042962943
    ],
    [
      118.29882727249776,
      152.1395795348837
    ],
    [
      113.0221261991854,
      116.10357220494554
    ]
  ]
}