{
  "image_path": "/home/quynhthu/Documents/AI-project/e2e/data/raw/frame_0093_jpg.rf.e73d3f577fd55a4b121189490cfb340b.jpg",
  "command": 3,
  "waypoints": [
    [
      78.5759427220386,
      220.5777111026655
    ],
    [
      76.51505994990161,
      206.1515316977066
    ],
    [
      74.45417717776463,
      191.72535229274766
    ],
    [
      72.39329440562763,
      177.29917288778876
    ],
    [
      70.33241163349066,
      162.87299348282986
    ],
    [
      68.27152886135366,
      148.44681407787093
    ],
    [
      66.21064608921667,
      134.02063467291202
    ],
    [
      64.14976331707969,
      119.59445526795312
    ],
    [
      62.08888054494271,
      105.16827586299421
    ],
    [
      60.02799777280571,
      90.74209645803525
    ]
  ],
  "bboxes": [],
  "categories": [],
  "control_points": [
    [
      78.5759427220386,
      220.5777111026655
    ],
    [
      72.45512088879175,
      177.7319582699375
    ],
    [
      66.33429905554489,
      134.88620543720953
    ],
    [
      60.02799777280571,
      90.74209645803525
    ]
  ]
}