{
  "image_path": "/home/quynhthu/Documents/AI-project/e2e/data/raw/frame_0063_jpg.rf.dba1fe61cb5a3ef48f2b5c0b3ff78102.jpg",
  "command": 0,
  "waypoints": [
    [
      59.27093879528601,
      223.6059470127443
    ],
    [
      58.35713650016507,
      206.55269574306124
    ],
    [
      57.46766877512218,
      189.49814837489342
    ],
    [
      56.43053991479995,
      172.45214273691033
    ],
    [
      54.868585515424336,
      155.44775747262966
    ],
    [
      51.87622118259394,
      138.64701496231362
    ],
    [
      45.2617740973645,
      122.99119431533636
    ],
    [
      32.74995435165673,
      111.60453870273733
    ],
    [
      16.89670268316501,
      105.3700148349154
    ],
    [
      0.22033854874865266,
      101.71945163207104
    ]
  ],
  "bboxes": [],
  "categories": [],
  "control_points": [
    [
      59.27093879528601,
      223.6059470127443
    ],
    [
      53.971525952648044,
      129.35210431154044
    ],
    [
      58.13535032900644,
      111.93974782858713
    ],
    [
      0.2203385487486526,
      101.71945163207104
    ]
  ]
}