{
  "image_path": "/home/quynhthu/Documents/AI-project/e2e/data/raw/frame_0708_jpg.rf.c7ce0e9ba8c56913dc2bde35b9b9c26b.jpg",
  "command": 0,
  "waypoints": [
    [
      61.92064521660499,
      224.0
    ],
    [
      57.84611561741103,
      211.79971450765427
    ],
    [
      54.01416814921762,
      199.52095878053333
    ],
    [
      50.28883871339732,
      187.20928832716055
    ],
    [
      46.283002963548824,
      174.98744363128696
    ],
    [
      41.155652142480605,
      163.20270497767206
    ],
    [
      33.94611050688899,
      152.5804333841856
    ],
    [
      24.765800021058052,
      143.59332187882643
    ],
    [
      14.467040513555084,
      135.89544458335158
    ],
    [
      3.627103947587358,
      128.9735748227806
    ]
  ],
  "bboxes": [],
  "categories": [],
  "control_points": [
    [
      61.92064521660499,
      224.0
    ],
    [
      42.237111801092546,
      167.20505318752592
    ],
    [
      48.672113110010066,
      156.22769801349014
    ],
    [
      3.6271039475873454,
      128.9735748227806
    ]
  ]
}