{
  "image_path": "/home/quynhthu/Documents/AI-project/e2e/data/raw/frame_0116_jpg.rf.a257c053affcffbfcb96ab1201e8824a.jpg",
  "command": 0,
  "waypoints": [
    [
      44.88681822241153,
      221.33477008018517
    ],
    [
      42.6156412898524,
      207.1188848356484
    ],
    [
      40.34446435729327,
      192.9029995911116
    ],
    [
      38.07328742473413,
      178.68711434657484
    ],
    [
      35.80211049217501,
      164.4712291020381
    ],
    [
      33.530933559615875,
      150.25534385750132
    ],
    [
      31.25975662705675,
      136.03945861296452
    ],
    [
      28.988579694497616,
      121.82357336842776
    ],
    [
      26.717402761938487,
      107.607688123891
    ],
    [
      24.446225829379358,
      93.39180287935423
    ]
  ],
  "bboxes": [],
  "categories": [],
  "control_points": [
    [
      44.88681822241153,
      221.33477008018517
    ],
    [
      38.14142273271091,
      179.11359090391096
    ],
    [
      31.396027243010295,
      136.89241172763673
    ],
    [
      24.446225829379358,
      93.39180287935423
    ]
  ]
}