{
  "image_path": "/home/quynhthu/Documents/AI-project/e2e/data/raw/frame_0083_jpg.rf.900c7591423192c95901f670f3e9ebcf.jpg",
  "command": 0,
  "waypoints": [
    [
      165.63772513680522,
      223.6059470127443
    ],
    [
      159.00653994813095,
      206.28058933505284
    ],
    [
      152.38085311610016,
      188.953130059078
    ],
    [
      145.55540672841246,
      171.70371104369
    ],
    [
      138.1584799246698,
      154.69324230463792
    ],
    [
      129.55604336828242,
      138.26594463059044
    ],
    [
      118.8878280478615,
      123.1150017750491
    ],
    [
      105.59080313715177,
      110.22483999455444
    ],
    [
      90.08271630302345,
      100.08651043655075
    ],
    [
      73.27652987940064,
      92.25621441307467
    ]
  ],
  "bboxes": [],
  "categories": [],
  "control_points": [
    [
      165.63772513680522,
      223.6059470127443
    ],
    [
      134.976836547257,
      144.11475437317478
    ],
    [
      127.78477626081974,
      114.21092476114626
    ],
    [
      73.27652987940064,
      92.25621441307467
    ]
  ]
}