{
  "image_path": "/home/quynhthu/Documents/AI-project/e2e/data/raw/frame_0212_jpg.rf.7f27eaf766a6514b4b12da1b7f2e94b9.jpg",
  "command": 0,
  "waypoints": [
    [
      106.58712489026787,
      220.1991816139056
    ],
    [
      107.37504775679224,
      203.51547457348266
    ],
    [
      107.62411497811878,
      186.81582612240035
    ],
    [
      107.1083002292024,
      170.1233045331157
    ],
    [
      105.53943403987563,
      153.49849649985228
    ],
    [
      102.54952624961372,
      137.07299045918612
    ],
    [
      97.67725954682943,
      121.1100354417953
    ],
    [
      90.4376433328968,
      106.0804734801085
    ],
    [
      80.5038325096159,
      92.68728200864994
    ],
    [
      67.97711703676268,
      81.65738872779875
    ]
  ],
  "bboxes": [],
  "categories": [],
  "control_points": []
}