{
  "image_path": "/home/quynhthu/Documents/AI-project/e2e/data/raw/frame_0047_jpg.rf.139242583575fdd993dbdb9a5679bf21.jpg",
  "command": 0,
  "waypoints": [
    [
      128.036161243512,
      221.2505996209085
    ],
    [
      127.6175407881943,
      205.72358636912466
    ],
    [
      127.19892033287658,
      190.19657311734085
    ],
    [
      126.78029987755886,
      174.669559865557
    ],
    [
      126.36167942224122,
      159.14254661377316
    ],
    [
      125.94305896692349,
      143.6155333619892
    ],
    [
      125.52443851160578,
      128.08852011020528
    ],
    [
      125.10581805628806,
      112.56150685842135
    ],
    [
      124.68719760097036,
      97.03449360663737
    ],
    [
      124.26857714565267,
      81.50748035485346
    ]
  ],
  "bboxes": [
    [
      146.33315381628842,
      44.96722784253976,
      13.35779816513761,
      13.35779816513761
    ],
    [
      99.32721712538226,
      72.61162079510703,
      47.608562691131496,
      6.850152905198783
    ]
  ],
  "categories": [
    0,
    7
  ],
  "control_points": []
}