{
  "image_path": "/home/quynhthu/Documents/AI-project/e2e/data/raw/frame_0096_jpg.rf.5637d10e4892c57bbdbbf7c25f6b4d32.jpg",
  "command": 3,
  "waypoints": [
    [
      58.13535032900644,
      224.0
    ],
    [
      56.91564419855802,
      208.64680145601739
    ],
    [
      55.695938068109584,
      193.2936029120348
    ],
    [
      54.476231937661154,
      177.94040436805207
    ],
    [
      53.256525807212725,
      162.58720582406937
    ],
    [
      52.03681967676432,
      147.23400728008696
    ],
    [
      50.81711354631591,
      131.88080873610457
    ],
    [
      49.5974074158675,
      116.52761019212221
    ],
    [
      48.377701285419086,
      101.17441164813984
    ],
    [
      47.157995154970656,
      85.82121310415715
    ]
  ],
  "bboxes": [],
  "categories": [],
  "control_points": []
}