{
  "image_path": "/home/quynhthu/Documents/AI-project/e2e/data/raw/frame_1675_jpg.rf.8b3dcedbb2e2b5a65486908e75912b0b.jpg",
  "command": 0,
  "waypoints": [
    [
      133.46271859221756,
      222.47035854646475
    ],
    [
      125.39304056659584,
      207.16885619504652
    ],
    [
      115.4267132393106,
      193.03108601799295
    ],
    [
      103.6697299042687,
      180.34359575358133
    ],
    [
      90.3654176104893,
      169.28748767387464
    ],
    [
      75.8232464589133,
      159.91520082756816
    ],
    [
      60.35943024859845,
      152.15237015320358
    ],
    [
      44.24205407905802,
      145.852362526009
    ],
    [
      27.67845013065126,
      140.8364006655935
    ],
    [
      10.819164234024587,
      136.92269408673752
    ]
  ],
  "bboxes": [],
  "categories": [],
  "control_points": [
    [
      133.46271859221756,
      222.47035854646475
    ],
    [
      110.75094926662626,
      172.12593654140403
    ],
    [
      65.3274106154437,
      147.90004926077333
    ],
    [
      10.819164234024587,
      136.92269408673752
    ]
  ]
}