{
  "image_path": "/home/quynhthu/Documents/AI-project/e2e/data/raw/frame_0051_jpg.rf.870bee589ec7fbe352d3ea4e3f7f8aab.jpg",
  "command": 0,
  "waypoints": [
    [
      49.32110091743119,
      219.20489296636083
    ],
    [
      49.73972137274889,
      204.4009514101257
    ],
    [
      50.1583418280666,
      189.59700985389057
    ],
    [
      50.57696228338428,
      174.79306829765545
    ],
    [
      50.99558273870201,
      159.9891267414203
    ],
    [
      51.4142031940197,
      145.1851851851852
    ],
    [
      51.832823649337406,
      130.38124362895005
    ],
    [
      52.251444104655114,
      115.5773020727149
    ],
    [
      52.670064559972815,
      100.77336051647976
    ],
    [
      53.088685015290515,
      85.96941896024464
    ]
  ],
  "bboxes": [],
  "categories": [],
  "control_points": [
    [
      49.32110091743119,
      219.20489296636083
    ],
    [
      50.56440366972477,
      175.23718654434248
    ],
    [
      51.80770642201834,
      131.26948012232413
    ],
    [
      53.088685015290515,
      85.96941896024464
    ]
  ]
}