{
  "image_path": "/home/quynhthu/Documents/AI-project/e2e/data/raw/frame_0212_jpg.rf.aa7bdf8969396f9265e02400c7c4b6ff.jpg",
  "command": 1,
  "waypoints": [
    [
      106.58712489026787,
      220.1991816139056
    ],
    [
      107.37511580014038,
      203.51333809913987
    ],
    [
      107.62408149891583,
      186.81130858983812
    ],
    [
      107.10787215570365,
      170.11637689689806
    ],
    [
      105.5381558395762,
      153.48915846581244
    ],
    [
      102.54670728129202,
      137.06130746199312
    ],
    [
      97.67200380633518,
      121.09651641321847
    ],
    [
      90.42926817831015,
      106.0665461797075
    ],
    [
      80.4923686390766,
      92.67475979849505
    ],
    [
      67.97711703676268,
      81.65738872779875
    ]
  ],
  "bboxes": [],
  "categories": [],
  "control_points": [
    [
      106.58712489026787,
      220.1991816139056
    ],
    [
      109.99389028910655,
      163.0412288111675
    ],
    [
      106.96565437902773,
      109.29004140726815
    ],
    [
      67.97711703676268,
      81.65738872779875
    ]
  ]
}