{
  "image_path": "/home/quynhthu/Documents/AI-project/e2e/data/raw/frame_0152_jpg.rf.04cf16ab3caa689eb50c7955a9b7fa43.jpg",
  "command": 0,
  "waypoints": [
    [
      111.12947875538613,
      219.82065212514576
    ],
    [
      111.63418474039926,
      206.99270833939505
    ],
    [
      112.13889072541241,
      194.16476455364435
    ],
    [
      112.64359671042554,
      181.33682076789358
    ],
    [
      113.14830269543873,
      168.50887698214282
    ],
    [
      113.65300868045183,
      155.6809331963921
    ],
    [
      114.15771466546498,
      142.85298941064167
    ],
    [
      114.6624206504781,
      130.02504562489122
    ],
    [
      115.16712663549124,
      117.19710183914077
    ],
    [
      115.67183262050438,
      104.36915805339004
    ]
  ],
  "bboxes": [
    [
      45.64387719993123,
      104.74768754214989,
      132.4853210659492,
      17.03382699419346
    ]
  ],
  "categories": [
    11
  ],
  "control_points": []
}