{
  "image_path": "/home/quynhthu/Documents/AI-project/e2e/data/raw/frame_0092_jpg.rf.d5e46967a7eae253e874ef9696c2fd3c.jpg",
  "command": 1,
  "waypoints": [
    [
      104.69447744646858,
      220.5777111026655
    ],
    [
      96.082183010291,
      206.06915937623234
    ],
    [
      87.65018838666538,
      191.45487368765777
    ],
    [
      79.15269652930394,
      176.87880209964138
    ],
    [
      70.11295538070792,
      162.63560288082547
    ],
    [
      59.79439504704522,
      149.30068746067636
    ],
    [
      47.54132549045176,
      137.73465035216694
    ],
    [
      33.41877977284314,
      128.5406473931396
    ],
    [
      18.084216448694928,
      121.52941355209612
    ],
    [
      2.112985992547925,
      116.10357220494554
    ]
  ],
  "bboxes": [],
  "categories": [],
  "control_points": [
    [
      104.69447744646858,
      220.5777111026655
    ],
    [
      67.97711703676268,
      160.0129929010887
    ],
    [
      63.05623368288455,
      134.27298766541855
    ],
    [
      2.112985992547925,
      116.10357220494554
    ]
  ]
}