{
  "image_path": "/home/quynhthu/Documents/AI-project/e2e/data/raw/frame_0086_jpg.rf.22876d68fea56e8ab6988981d386644d.jpg",
  "command": 2,
  "waypoints": [
    [
      124.37801086198105,
      224.0
    ],
    [
      125.88257696434579,
      202.3547349956069
    ],
    [
      127.57802765450279,
      180.72381112722047
    ],
    [
      129.76703847391758,
      159.13831701031108
    ],
    [
      133.04090689729472,
      137.6955552097554
    ],
    [
      138.64355287745587,
      116.76537099991924
    ],
    [
      149.12646942145636,
      97.88688933783271
    ],
    [
      166.52614650694267,
      85.16851013548431
    ],
    [
      187.50557957569058,
      79.9535504884542
    ],
    [
      209.16861634418856,
      79.00768230647977
    ]
  ],
  "bboxes": [
    [
      80.46859016583788,
      82.03591821655858,
      110.90914020663747,
      17.033826994193475
    ]
  ],
  "categories": [
    7
  ],
  "control_points": []
}