{
  "image_path": "/home/quynhthu/Documents/AI-project/e2e/data/raw/frame_0062_jpg.rf.6e963ce525aecdc9ad572d40d1c281e8.jpg",
  "command": 1,
  "waypoints": [
    [
      113.40065568794525,
      224.0
    ],
    [
      113.56889101628296,
      206.8803305084714
    ],
    [
      113.73712634462068,
      189.76066101694283
    ],
    [
      113.90536167295836,
      172.64099152541408
    ],
    [
      114.07359700129612,
      155.52132203388547
    ],
    [
      114.24183232963381,
      138.40165254235708
    ],
    [
      114.41006765797154,
      121.2819830508287
    ],
    [
      114.57830298630925,
      104.16231355930033
    ],
    [
      114.74653831464695,
      87.04264406777175
    ],
    [
      114.91477364298467,
      69.92297457624323
    ]
  ],
  "bboxes": [
    [
      8.54798730146546,
      129.73063380030032,
      214.62622012683767,
      28.389711656989107
    ],
    [
      72.14094141312108,
      68.40885662120381,
      86.68325292600676,
      13.248532106594936
    ],
    [
      41.858582312332686,
      54.02473604832933,
      45.04500916242273,
      55.643834847698656
    ]
  ],
  "categories": [
    7,
    7,
    2
  ],
  "control_points": []
}