{
  "image_path": "/home/quynhthu/Documents/AI-project/e2e/data/raw/frame_0056_jpg.rf.c3ac83438ba6ec2327d6054cd0a12a1e_dup1.jpg",
  "command": 1,
  "waypoints": [
    [
      108.91743119266054,
      221.2599388379205
    ],
    [
      107.20011056032067,
      202.20993438621818
    ],
    [
      102.28246472298657,
      183.740287393281
    ],
    [
      94.28031440789275,
      166.38303250149306
    ],
    [
      83.44519399077356,
      150.63755578377754
    ],
    [
      70.10786790928954,
      136.94640761905706
    ],
    [
      54.66427171678489,
      125.68406279275779
    ],
    [
      37.56351744200928,
      117.14438920726016
    ],
    [
      19.291464056505962,
      111.52987644893403
    ],
    [
      0.3425076452599387,
      108.91743119266054
    ]
  ],
  "bboxes": [],
  "categories": [],
  "control_points": []
}