{
  "image_path": "/home/quynhthu/Documents/AI-project/e2e/data/raw/frame_0086_jpg.rf.2cdec406b3e6b3191ed28e5c5ab99ad1.jpg",
  "command": 0,
  "waypoints": [
    [
      69.86976448056194,
      217.92800468134647
    ],
    [
      68.39770535760695,
      202.70270746678338
    ],
    [
      66.92564623465195,
      187.47741025222024
    ],
    [
      65.45358711169695,
      172.25211303765713
    ],
    [
      63.981527988741966,
      157.02681582309398
    ],
    [
      62.509468865786964,
      141.80151860853098
    ],
    [
      61.037409742831976,
      126.57622139396803
    ],
    [
      59.56535061987701,
      111.35092417940511
    ],
    [
      58.09329149692203,
      96.12562696484213
    ],
    [
      56.621232373967025,
      80.90032975027903
    ]
  ],
  "bboxes": [],
  "categories": [],
  "control_points": []
}