{
  "image_path": "/home/quynhthu/Documents/AI-project/e2e/data/raw/frame_0388_jpg.rf.38d7523b2123eba45b292a47e18b50d8_dup1.jpg",
  "command": 1,
  "waypoints": [
    [
      124.37801086198105,
      203.54388410847199
    ],
    [
      126.39483253554144,
      185.1524650448208
    ],
    [
      126.74141352118394,
      166.66048381706338
    ],
    [
      124.8116479431065,
      148.27437212372445
    ],
    [
      119.75590492139918,
      130.50797325261766
    ],
    [
      110.67361724206374,
      114.4473331828211
    ],
    [
      97.34805495454707,
      101.70118613287157
    ],
    [
      80.91591742057875,
      93.30777853889106
    ],
    [
      62.961598469025844,
      88.96292104848902
    ],
    [
      44.50828873365167,
      87.71386054795641
    ]
  ],
  "bboxes": [
    [
      88.79623891855469,
      106.64033498594917,
      59.429129735297195,
      8.70617824147665
    ]
  ],
  "categories": [
    7
  ],
  "control_points": []
}