{
  "image_path": "/home/quynhthu/Documents/AI-project/e2e/data/raw/frame_0051_jpg.rf.205f5177920f5cf922058efa2f19d969.jpg",
  "command": 0,
  "waypoints": [
    [
      149.67584097859327,
      221.60244648318042
    ],
    [
      147.73496432212028,
      207.17906897723412
    ],
    [
      145.7940876656473,
      192.7556914712878
    ],
    [
      143.8532110091743,
      178.33231396534154
    ],
    [
      141.91233435270138,
      163.90893645939528
    ],
    [
      139.97145769622833,
      149.48555895344896
    ],
    [
      138.03058103975533,
      135.06218144750258
    ],
    [
      136.08970438328237,
      120.63880394155626
    ],
    [
      134.14882772680937,
      106.21542643560988
    ],
    [
      132.20795107033638,
      91.79204892966361
    ]
  ],
  "bboxes": [
    [
      171.59633027522935,
      41.4434250764526,
      14.72782874617738,
      19.18042813455657
    ],
    [
      89.0519877675841,
      84.94189602446482,
      75.69418960244649,
      8.90519877675841
    ]
  ],
  "categories": [
    0,
    0
  ],
  "control_points": []
}