{
  "image_path": "/home/quynhthu/Documents/AI-project/e2e/data/raw/frame_0044_jpg.rf.15ea01a6be8612471c87cc238397b6a4.jpg",
  "command": 0,
  "waypoints": [
    [
      104.1223241590214,
      223.31498470948011
    ],
    [
      104.46483180428135,
      210.41386340468907
    ],
    [
      104.80733944954129,
      197.51274209989805
    ],
    [
      105.14984709480119,
      184.61162079510703
    ],
    [
      105.49235474006119,
      171.71049949031598
    ],
    [
      105.8348623853211,
      158.80937818552496
    ],
    [
      106.17737003058103,
      145.90825688073394
    ],
    [
      106.51987767584096,
      133.00713557594293
    ],
    [
      106.86238532110092,
      120.10601427115188
    ],
    [
      107.20489296636084,
      107.20489296636084
    ]
  ],
  "bboxes": [
    [
      64.73394495412843,
      56.171253822629964,
      41.4434250764526,
      56.171253822629964
    ]
  ],
  "categories": [
    2
  ],
  "control_points": [
    [
      104.1223241590214,
      223.31498470948011
    ],
    [
      105.13957186544341,
      184.99865443425074
    ],
    [
      106.15681957186544,
      146.6823241590214
    ],
    [
      107.20489296636084,
      107.20489296636084
    ]
  ]
}