{
  "image_path": "/home/quynhthu/Documents/AI-project/e2e/data/raw/frame_0077_jpg.rf.5cd6f11e31c98276134c90e4431f78d7.jpg",
  "command": 1,
  "waypoints": [
    [
      131.19154165965844,
      222.8488880352246
    ],
    [
      131.33099799275573,
      195.65602496660352
    ],
    [
      130.95902211978884,
      168.4661071223516
    ],
    [
      129.59799963711706,
      141.31087296863083
    ],
    [
      126.10405458083477,
      114.36881904676282
    ],
    [
      117.15333941304662,
      88.85737948171735
    ],
    [
      96.51365753755356,
      71.59627165108972
    ],
    [
      70.0152662461437,
      66.04461065928709
    ],
    [
      42.89332198682771,
      64.20571381681772
    ],
    [
      15.740047587902701,
      62.73091428980599
    ]
  ],
  "bboxes": [
    [
      78.95447221079846,
      74.84385793012136,
      88.1973708810462,
      14.762650061634332
    ]
  ],
  "categories": [
    7
  ],
  "control_points": []
}