{
  "image_path": "/home/quynhthu/Documents/AI-project/e2e/data/raw/frame_0041_jpg.rf.838e20e4525808eb5a22512ab2526fe6.jpg",
  "command": 0,
  "waypoints": [
    [
      96.64009627754533,
      222.298586687429
    ],
    [
      98.08391219955134,
      205.19492114981952
    ],
    [
      99.52772812155732,
      188.09125561221003
    ],
    [
      100.9715440435633,
      170.9875900746006
    ],
    [
      102.41535996556931,
      153.88392453699115
    ],
    [
      103.85917588757529,
      136.7802589993817
    ],
    [
      105.30299180958129,
      119.67659346177227
    ],
    [
      106.74680773158728,
      102.57292792416283
    ],
    [
      108.19062365359328,
      85.46926238655327
    ],
    [
      109.63443957559929,
      68.36559684894372
    ]
  ],
  "bboxes": [
    [
      61.30886850152905,
      67.81651376146789,
      89.39449541284404,
      13.700305810397552
    ]
  ],
  "categories": [
    7
  ],
  "control_points": []
}