{
  "image_path": "/home/quynhthu/Documents/AI-project/e2e/data/raw/frame_1048_jpg.rf.342fced5338c35e25c516a40d207f61d.jpg",
  "command": 0,
  "waypoints": [
    [
      134.21977756973726,
      224.0
    ],
    [
      123.78918721279904,
      210.66562539607003
    ],
    [
      113.35859685586081,
      197.33125079214005
    ],
    [
      102.92800649892261,
      183.99687618821005
    ],
    [
      92.49741614198437,
      170.66250158428008
    ],
    [
      82.06682578504616,
      157.3281269803501
    ],
    [
      71.63623542810794,
      143.99375237642013
    ],
    [
      61.20564507116971,
      130.65937777249016
    ],
    [
      50.77505471423151,
      117.3250031685602
    ],
    [
      40.34446435729325,
      103.99062856463016
    ]
  ],
  "bboxes": [],
  "categories": [],
  "control_points": [
    [
      134.21977756973726,
      224.0
    ],
    [
      103.24092420963075,
      184.39690742632797
    ],
    [
      72.26207084952422,
      144.7938148526559
    ],
    [
      40.34446435729326,
      103.99062856463019
    ]
  ]
}