{
  "image_path": "/home/quynhthu/Documents/AI-project/e2e/data/raw/frame_0110_jpg.rf.1f3689f66e1ca72fd5188992c01910e7.jpg",
  "command": 0,
  "waypoints": [
    [
      69.11270550304224,
      222.47035854646475
    ],
    [
      64.48623397375512,
      207.9180026452525
    ],
    [
      59.85976244446798,
      193.36564674404028
    ],
    [
      55.23329091518086,
      178.81329084282802
    ],
    [
      50.60681938589372,
      164.26093494161574
    ],
    [
      45.9803478566066,
      149.70857904040358
    ],
    [
      41.3538763273195,
      135.15622313919144
    ],
    [
      36.72740479803241,
      120.60386723797932
    ],
    [
      32.10093326874532,
      106.0515113367672
    ],
    [
      27.4744617394582,
      91.49915543555497
    ]
  ],
  "bboxes": [
    [
      99.39506460383062,
      30.177378256458482,
      19.683533415512457,
      29.52530012326868
    ],
    [
      53.592996463888184,
      44.940028318092814,
      15.141179550394199,
      14.005591084114634
    ]
  ],
  "categories": [
    11,
    10
  ],
  "control_points": []
}