{
  "image_path": "/home/quynhthu/Documents/AI-project/e2e/data/raw/frame_0056_jpg.rf.08007965ca598a67b7e93ba975854fd0.jpg",
  "command": 0,
  "waypoints": [
    [
      54.45871559633027,
      220.23241590214067
    ],
    [
      54.87733605164797,
      205.99932042133878
    ],
    [
      55.29595650696568,
      191.7662249405369
    ],
    [
      55.71457696228337,
      177.533129459735
    ],
    [
      56.133197417601096,
      163.30003397893307
    ],
    [
      56.551817872918775,
      149.06693849813118
    ],
    [
      56.97043832823648,
      134.8338430173293
    ],
    [
      57.389058783554205,
      120.60074753652734
    ],
    [
      57.8076792388719,
      106.36765205572544
    ],
    [
      58.2262996941896,
      92.13455657492354
    ]
  ],
  "bboxes": [],
  "categories": [],
  "control_points": [
    [
      54.45871559633027,
      220.23241590214067
    ],
    [
      55.70201834862385,
      177.96012232415902
    ],
    [
      56.945321100917425,
      135.6878287461774
    ],
    [
      58.2262996941896,
      92.13455657492354
    ]
  ]
}