{
  "image_path": "/home/quynhthu/Documents/AI-project/e2e/data/raw/frame_0056_jpg.rf.85a3836dac31e1bd445cb66f479940a8.jpg",
  "command": 0,
  "waypoints": [
    [
      56.85626911314984,
      221.60244648318042
    ],
    [
      57.465171593611956,
      207.25518178729186
    ],
    [
      58.07407407407407,
      192.90791709140333
    ],
    [
      58.68297655453617,
      178.56065239551475
    ],
    [
      59.29187903499831,
      164.21338769962622
    ],
    [
      59.90078151546041,
      149.86612300373767
    ],
    [
      60.50968399592252,
      135.51885830784911
    ],
    [
      61.118586476384635,
      121.17159361196057
    ],
    [
      61.72748895684675,
      106.82432891607202
    ],
    [
      62.33639143730886,
      92.47706422018348
    ]
  ],
  "bboxes": [],
  "categories": [],
  "control_points": [
    [
      56.85626911314984,
      221.60244648318042
    ],
    [
      58.66470948012232,
      178.99107033639143
    ],
    [
      60.473149847094795,
      136.37969418960245
    ],
    [
      62.33639143730886,
      92.47706422018348
    ]
  ]
}