{
  "image_path": "/home/quynhthu/Documents/AI-project/e2e/data/raw/frame_0120_jpg.rf.0eff31a76ce1025d37c030d576cbbb67.jpg",
  "command": 0,
  "waypoints": [
    [
      113.0221261991854,
      222.8488880352246
    ],
    [
      106.62635135013278,
      204.72653829277203
    ],
    [
      100.60326268899415,
      186.47665337786572
    ],
    [
      94.69663261923357,
      168.1885692331239
    ],
    [
      88.3876420350717,
      150.0368405003153
    ],
    [
      80.92132618505524,
      132.33491195386057
    ],
    [
      71.66136478795552,
      115.50701921098354
    ],
    [
      60.53154020823118,
      99.85154555949366
    ],
    [
      47.921076102667016,
      85.3569504730466
    ],
    [
      34.28799253713559,
      71.81562202004251
    ]
  ],
  "bboxes": [],
  "categories": [],
  "control_points": [
    [
      113.0221261991854,
      222.8488880352246
    ],
    [
      86.90359147475542,
      151.6853441483719
    ],
    [
      88.79623891855469,
      122.91710300262292
    ],
    [
      34.28799253713559,
      71.81562202004251
    ]
  ]
}