{
  "image_path": "/home/quynhthu/Documents/AI-project/e2e/data/raw/frame_0046_jpg.rf.2fc4e147c5574aa6227c72bf75392de3.jpg",
  "command": 0,
  "waypoints": [
    [
      104.88972873983582,
      224.0
    ],
    [
      105.08001076498024,
      208.1414486933436
    ],
    [
      105.27029279012466,
      192.28289738668715
    ],
    [
      105.46057481526903,
      176.4243460800307
    ],
    [
      105.65085684041348,
      160.5657947733742
    ],
    [
      105.84113886555788,
      144.70724346671804
    ],
    [
      106.0314208907023,
      128.84869216006192
    ],
    [
      106.22170291584669,
      112.99014085340578
    ],
    [
      106.41198494099112,
      97.13158954674964
    ],
    [
      106.60226696613552,
      81.27303824009327
    ]
  ],
  "bboxes": [
    [
      66.52887247072267,
      69.28527065599542,
      81.51681957186544,
      13.700305810397538
    ]
  ],
  "categories": [
    7
  ],
  "control_points": []
}