{
  "image_path": "/home/quynhthu/Documents/AI-project/e2e/data/raw/frame_0057_jpg.rf.31be1f783007671e902f166db3f38407.jpg",
  "command": 1,
  "waypoints": [
    [
      129.12538226299694,
      217.8348623853211
    ],
    [
      129.08732585796807,
      202.6884131838261
    ],
    [
      129.0492694529392,
      187.5419639823312
    ],
    [
      129.01121304791027,
      172.39551478083632
    ],
    [
      128.97315664288146,
      157.24906557934142
    ],
    [
      128.93510023785254,
      142.10261637784626
    ],
    [
      128.89704383282364,
      126.956167176351
    ],
    [
      128.85898742779474,
      111.80971797485576
    ],
    [
      128.8209310227659,
      96.66326877336051
    ],
    [
      128.782874617737,
      81.51681957186544
    ]
  ],
  "bboxes": [
    [
      134.262996941896,
      61.30886850152905,
      15.412844036697265,
      22.605504587155963
    ],
    [
      92.81957186544342,
      82.20183486238531,
      70.89908256880734,
      9.247706422018354
    ]
  ],
  "categories": [
    2,
    7
  ],
  "control_points": []
}