{
  "image_path": "/home/quynhthu/Documents/AI-project/e2e/data/raw/frame_0058_jpg.rf.83d80738b60df6e1f203008b9d6659fe.jpg",
  "command": 3,
  "waypoints": [
    [
      134.9480122324159,
      220.23241590214067
    ],
    [
      134.98606863744476,
      205.46653075093448
    ],
    [
      135.02412504247366,
      190.70064559972826
    ],
    [
      135.0621814475025,
      175.93476044852218
    ],
    [
      135.10023785253145,
      161.16887529731613
    ],
    [
      135.1382942575603,
      146.40299014610983
    ],
    [
      135.1763506625892,
      131.63710499490344
    ],
    [
      135.21440706761808,
      116.871219843697
    ],
    [
      135.25246347264695,
      102.1053346924906
    ],
    [
      135.29051987767582,
      87.3394495412844
    ]
  ],
  "bboxes": [
    [
      138.71559633027522,
      62.33639143730886,
      17.125382262996936,
      23.290519877675848
    ],
    [
      88.02446483180428,
      86.65443425076452,
      84.94189602446481,
      11.302752293577981
    ]
  ],
  "categories": [
    2,
    7
  ],
  "control_points": []
}