{
  "image_path": "/home/quynhthu/Documents/AI-project/e2e/data/raw/frame_0045_jpg.rf.8b161887fc85030ba7eda481682d2094.jpg",
  "command": 0,
  "waypoints": [
    [
      49.40349020772573,
      224.0
    ],
    [
      50.24073111836113,
      208.86452038889246
    ],
    [
      51.07797202899655,
      193.72904077778495
    ],
    [
      51.91521293963193,
      178.5935611666774
    ],
    [
      52.75245385026737,
      163.45808155556986
    ],
    [
      53.58969476090276,
      148.32260194446235
    ],
    [
      54.42693567153816,
      133.18712233335484
    ],
    [
      55.26417658217357,
      118.05164272224727
    ],
    [
      56.101417492808984,
      102.91616311113972
    ],
    [
      56.938658403444386,
      87.78068350003211
    ]
  ],
  "bboxes": [],
  "categories": [],
  "control_points": [
    [
      49.40349020772573,
      224.0
    ],
    [
      51.890095712312885,
      179.0476255550106
    ],
    [
      54.376701216900045,
      134.0952511100212
    ],
    [
      56.938658403444386,
      87.78068350003211
    ]
  ]
}