{
  "image_path": "/home/quynhthu/Documents/AI-project/e2e/data/raw/frame_0684_jpg.rf.31dd5aebe23466191635c978cb66ccc6.jpg",
  "command": 0,
  "waypoints": [
    [
      81.22564914335759,
      224.0
    ],
    [
      82.2771199454683,
      210.79180189232324
    ],
    [
      83.328590747579,
      197.58360378464647
    ],
    [
      84.3800615496897,
      184.3754056769697
    ],
    [
      85.43153235180047,
      171.1672075692929
    ],
    [
      86.48300315391116,
      157.95900946161618
    ],
    [
      87.53447395602186,
      144.7508113539396
    ],
    [
      88.58594475813256,
      131.54261324626307
    ],
    [
      89.63741556024326,
      118.3344151385865
    ],
    [
      90.68888636235395,
      105.12621703090974
    ]
  ],
  "bboxes": [
    [
      51.70034902008892,
      114.21092476114626,
      74.57030928569138,
      7.949119263956945
    ],
    [
      135.73389552477667,
      71.05856304252279,
      12.491473129075217,
      16.655297505433623
    ]
  ],
  "categories": [
    7,
    4
  ],
  "control_points": []
}