{
  "image_path": "/home/quynhthu/Documents/AI-project/e2e/data/raw/frame_0043_jpg.rf.fd8d78e2a643043491b569ec3b6d36e2.jpg",
  "command": 0,
  "waypoints": [
    [
      104.1223241590214,
      223.31498470948011
    ],
    [
      104.50288820931021,
      207.1410125722053
    ],
    [
      104.88345225959904,
      190.96704043493054
    ],
    [
      105.26401630988784,
      174.79306829765568
    ],
    [
      105.6445803601767,
      158.61909616038085
    ],
    [
      106.0251444104655,
      142.44512402310588
    ],
    [
      106.40570846075434,
      126.27115188583095
    ],
    [
      106.78627251104315,
      110.09717974855599
    ],
    [
      107.16683656133199,
      93.92320761128107
    ],
    [
      107.54740061162079,
      77.74923547400611
    ]
  ],
  "bboxes": [
    [
      61.65137614678899,
      70.5565749235474,
      85.28440366972477,
      11.64525993883791
    ],
    [
      150.70336391437309,
      61.993883792048926,
      44.86850152905197,
      51.376146788990816
    ]
  ],
  "categories": [
    7,
    2
  ],
  "control_points": []
}