{
  "image_path": "/home/quynhthu/Documents/AI-project/e2e/data/raw/frame_0061_jpg.rf.bf4eb7d0971ab1a4f7a6812120b45c32.jpg",
  "command": 0,
  "waypoints": [
    [
      134.5983070584971,
      223.98447650150416
    ],
    [
      132.83183611095114,
      208.17035563775912
    ],
    [
      131.06536516340515,
      192.35623477401413
    ],
    [
      129.29889421585912,
      176.54211391026905
    ],
    [
      127.53242326831318,
      160.72799304652398
    ],
    [
      125.76595232076717,
      144.91387218277893
    ],
    [
      123.99948137322117,
      129.09975131903386
    ],
    [
      122.2330104256752,
      113.2856304552888
    ],
    [
      120.4665394781292,
      97.47150959154374
    ],
    [
      118.70006853058322,
      81.65738872779875
    ]
  ],
  "bboxes": [
    [
      45.64387719993123,
      123.29563249138278,
      159.3609147678989,
      17.790885971713152
    ],
    [
      82.36123760963714,
      79.76474128399946,
      63.97148360041548,
      11.734414151555512
    ],
    [
      134.5983070584971,
      67.6517976436841,
      34.824712965906656,
      39.3670668310249
    ]
  ],
  "categories": [
    7,
    7,
    2
  ],
  "control_points": []
}