{
  "image_path": "/home/quynhthu/Documents/AI-project/e2e/data/raw/frame_0139_jpg.rf.bab1ead7ba161af8fc5d1bbe0e962bc6.jpg",
  "command": 0,
  "waypoints": [
    [
      90.68888636235395,
      223.6059470127443
    ],
    [
      82.62201136085768,
      214.3053953422617
    ],
    [
      74.18665487002968,
      205.33894491947268
    ],
    [
      65.20512931791626,
      196.9217760789324
    ],
    [
      55.564082154406215,
      189.27090707059148
    ],
    [
      45.268190067452224,
      182.52723433005846
    ],
    [
      34.429742106969684,
      176.69354548643472
    ],
    [
      23.19504134108559,
      171.6622898613011
    ],
    [
      11.688438964635573,
      167.28600717011858
    ],
    [
      0.0,
      163.4197582999274
    ]
  ],
  "bboxes": [],
  "categories": [],
  "control_points": [
    [
      90.68888636235395,
      223.6059470127443
    ],
    [
      66.08446959296339,
      194.4591763782355
    ],
    [
      47.53652464373051,
      178.18240836156173
    ],
    [
      0.0,
      163.4197582999274
    ]
  ]
}