{
  "image_path": "/home/quynhthu/Documents/AI-project/e2e/data/raw/frame_0120_jpg.rf.8474b07efb96e6c356fb4e7603a4063b.jpg",
  "command": 0,
  "waypoints": [
    [
      138.76213143485552,
      211.8715328611888
    ],
    [
      149.82632259350558,
      201.22774775375467
    ],
    [
      160.53548295324748,
      190.22741356170718
    ],
    [
      170.74502095299806,
      178.7630053238928
    ],
    [
      180.21818923702105,
      166.68530806497654
    ],
    [
      188.53569838923806,
      153.78998931213098
    ],
    [
      194.90131591101522,
      139.8421824671278
    ],
    [
      197.76154441522354,
      124.81877799997676
    ],
    [
      194.98843401536627,
      109.83641505975169
    ],
    [
      186.45684701859724,
      97.1770977669528
    ]
  ],
  "bboxes": [],
  "categories": [],
  "control_points": [
    [
      138.76213143485552,
      211.8715328611888
    ],
    [
      186.45684701859724,
      167.20505318752592
    ],
    [
      214.84655867558635,
      126.70239789022148
    ],
    [
      186.45684701859724,
      97.1770977669528
    ]
  ]
}