{
  "image_path": "/home/quynhthu/Documents/AI-project/e2e/data/raw/frame_0081_jpg.rf.547959bdcd2015222fb6ddfcaa96accc.jpg",
  "command": 0,
  "waypoints": [
    [
      71.38388243560136,
      224.0
    ],
    [
      69.95388214473081,
      208.0159189747511
    ],
    [
      68.52388185386025,
      192.03183794950215
    ],
    [
      67.0938815629897,
      176.04775692425326
    ],
    [
      65.66388127211916,
      160.06367589900435
    ],
    [
      64.23388098124857,
      144.07959487375535
    ],
    [
      62.803880690378,
      128.09551384850627
    ],
    [
      61.37388039950743,
      112.11143282325719
    ],
    [
      59.943880108636854,
      96.12735179800816
    ],
    [
      58.5138798177663,
      80.14327077275932
    ]
  ],
  "bboxes": [],
  "categories": [],
  "control_points": []
}