{
  "image_path": "/home/quynhthu/Documents/AI-project/e2e/data/raw/frame_0047_jpg.rf.6808ea834525de30e463f4646e4fa03b.jpg",
  "command": 0,
  "waypoints": [
    [
      132.20795107033638,
      217.8348623853211
    ],
    [
      131.33265375467207,
      202.4600747536527
    ],
    [
      130.4573564390078,
      187.0852871219843
    ],
    [
      129.5820591233435,
      171.71049949031593
    ],
    [
      128.70676180767927,
      156.33571185864753
    ],
    [
      127.83146449201494,
      140.9609242269792
    ],
    [
      126.95616717635065,
      125.58613659531083
    ],
    [
      126.08086986068639,
      110.2113489636425
    ],
    [
      125.20557254502208,
      94.83656133197415
    ],
    [
      124.3302752293578,
      79.46177370030581
    ]
  ],
  "bboxes": [
    [
      148.3058103975535,
      43.84097859327217,
      9.932721712538239,
      14.727828746177366
    ],
    [
      100.35474006116208,
      71.24159021406727,
      47.26605504587157,
      8.90519877675841
    ]
  ],
  "categories": [
    0,
    7
  ],
  "control_points": []
}