{
  "image_path": "/home/quynhthu/Documents/AI-project/e2e/data/raw/frame_0076_jpg.rf.d8c41a6c853ae7ccb2820786fa7ee3e7.jpg",
  "command": 0,
  "waypoints": [
    [
      135.73389552477667,
      220.9562405914253
    ],
    [
      135.73389552477667,
      205.4785903843557
    ],
    [
      135.73389552477667,
      190.00094017728608
    ],
    [
      135.73389552477664,
      174.52328997021647
    ],
    [
      135.7338955247767,
      159.04563976314682
    ],
    [
      135.73389552477667,
      143.56798955607724
    ],
    [
      135.73389552477667,
      128.0903393490076
    ],
    [
      135.73389552477667,
      112.61268914193798
    ],
    [
      135.7338955247767,
      97.13503893486836
    ],
    [
      135.73389552477667,
      81.65738872779875
    ]
  ],
  "bboxes": [],
  "categories": [],
  "control_points": [
    [
      135.73389552477667,
      220.9562405914253
    ],
    [
      135.73389552477667,
      174.98761947642853
    ],
    [
      135.73389552477667,
      129.01899836143178
    ],
    [
      135.73389552477667,
      81.65738872779875
    ]
  ]
}