{
  "image_path": "/home/quynhthu/Documents/AI-project/e2e/data/raw/frame_0399_jpg.rf.c669d9657bdedcd77381b1e945a41977.jpg",
  "command": 1,
  "waypoints": [
    [
      123.99948137322119,
      224.0
    ],
    [
      123.83124604488349,
      208.47856612767976
    ],
    [
      123.66301071654577,
      192.95713225535948
    ],
    [
      123.49477538820803,
      177.43569838303924
    ],
    [
      123.32654005987035,
      161.914264510719
    ],
    [
      123.15830473153264,
      146.39283063839872
    ],
    [
      122.99006940319491,
      130.87139676607845
    ],
    [
      122.82183407485721,
      115.3499628937582
    ],
    [
      122.65359874651949,
      99.82852902143796
    ],
    [
      122.48536341818178,
      84.30709514911773
    ]
  ],
  "bboxes": [
    [
      91.44594533987367,
      103.61209907587032,
      56.779423313978214,
      9.463237218996369
    ]
  ],
  "categories": [
    7
  ],
  "control_points": [
    [
      123.99948137322119,
      224.0
    ],
    [
      123.49982244805818,
      177.90134139920886
    ],
    [
      123.00016352289518,
      131.80268279841772
    ],
    [
      122.48536341818178,
      84.30709514911773
    ]
  ]
}