{
  "image_path": "/home/quynhthu/Documents/AI-project/e2e/data/raw/frame_0080_jpg.rf.adcd4df5b8b0307f26856916ca101482.jpg",
  "command": 0,
  "waypoints": [
    [
      93.33859278367294,
      220.5777111026655
    ],
    [
      87.36623862768411,
      207.665649652746
    ],
    [
      81.3938844716953,
      194.7535882028265
    ],
    [
      75.42153031570648,
      181.84152675290701
    ],
    [
      69.44917615971767,
      168.92946530298752
    ],
    [
      63.476822003728834,
      156.01740385306803
    ],
    [
      57.50446784774002,
      143.1053424031485
    ],
    [
      51.5321136917512,
      130.19328095322902
    ],
    [
      45.55975953576236,
      117.28121950330953
    ],
    [
      39.58740537977355,
      104.36915805339002
    ]
  ],
  "bboxes": [],
  "categories": [],
  "control_points": [
    [
      93.33859278367294,
      220.5777111026655
    ],
    [
      75.60070094038613,
      182.22888859640457
    ],
    [
      57.86280909709934,
      143.88006609014366
    ],
    [
      39.58740537977355,
      104.36915805339002
    ]
  ]
}