{
  "image_path": "/home/quynhthu/Documents/AI-project/e2e/data/raw/frame_1606_jpg.rf.6eddd69a8910fd3bc673b184392aa8d2.jpg",
  "command": 0,
  "waypoints": [
    [
      108.85830182282699,
      222.47035854646475
    ],
    [
      107.63859569237857,
      209.2218264398698
    ],
    [
      106.41888956193013,
      195.97329433327485
    ],
    [
      105.1991834314817,
      182.72476222667993
    ],
    [
      103.97947730103333,
      169.476230120085
    ],
    [
      102.75977117058487,
      156.2276980134901
    ],
    [
      101.54006504013647,
      142.9791659068952
    ],
    [
      100.32035890968805,
      129.7306338003003
    ],
    [
      99.10065277923962,
      116.48210169370537
    ],
    [
      97.8809466487912,
      103.23356958711047
    ]
  ],
  "bboxes": [
    [
      132.70565961469782,
      69.16591559872353,
      8.706178241476692,
      12.491473129075217
    ],
    [
      64.19182214916411,
      103.99062856463019,
      60.943247690336634,
      8.327648752716797
    ]
  ],
  "categories": [
    6,
    6
  ],
  "control_points": []
}