{
  "image_path": "/home/quynhthu/Documents/AI-project/e2e/data/raw/frame_0051_jpg.rf.41abe7b4981e32e1a49b8117a2a235db.jpg",
  "command": 0,
  "waypoints": [
    [
      54.45871559633027,
      222.2874617737003
    ],
    [
      54.38260278627251,
      207.48352021746516
    ],
    [
      54.30648997621474,
      192.67957866123004
    ],
    [
      54.23037716615697,
      177.87563710499492
    ],
    [
      54.154264356099226,
      163.0716955487598
    ],
    [
      54.078151546041454,
      148.26775399252466
    ],
    [
      54.00203873598369,
      133.46381243628952
    ],
    [
      53.925925925925924,
      118.6598708800544
    ],
    [
      53.849813115868166,
      103.85592932381925
    ],
    [
      53.773700305810394,
      89.0519877675841
    ]
  ],
  "bboxes": [],
  "categories": [],
  "control_points": [
    [
      54.45871559633027,
      222.2874617737003
    ],
    [
      54.23266055045871,
      178.31975535168195
    ],
    [
      54.00660550458715,
      134.35204892966362
    ],
    [
      53.773700305810394,
      89.0519877675841
    ]
  ]
}