{
  "image_path": "/home/quynhthu/Documents/AI-project/e2e/data/raw/frame_0081_jpg.rf.1c222f3dc67824432c1a07913ddabd7b.jpg",
  "command": 0,
  "waypoints": [
    [
      71.38388243560136,
      224.0
    ],
    [
      69.95388214473081,
      208.01591897475106
    ],
    [
      68.52388185386025,
      192.0318379495021
    ],
    [
      67.09388156298968,
      176.04775692425312
    ],
    [
      65.66388127211914,
      160.06367589900418
    ],
    [
      64.23388098124856,
      144.0795948737552
    ],
    [
      62.803880690377994,
      128.09551384850624
    ],
    [
      61.373880399507435,
      112.1114328232573
    ],
    [
      59.94388010863687,
      96.12735179800833
    ],
    [
      58.5138798177663,
      80.14327077275932
    ]
  ],
  "bboxes": [],
  "categories": [],
  "control_points": [
    [
      71.38388243560136,
      224.0
    ],
    [
      67.1367815717158,
      176.52727935501056
    ],
    [
      62.88968070783022,
      129.05455871002113
    ],
    [
      58.5138798177663,
      80.14327077275932
    ]
  ]
}