{
  "image_path": "/home/quynhthu/Documents/AI-project/e2e/data/raw/frame_0051_jpg.rf.dff512573d4b8c4b2c140ba2ae62dad1.jpg",
  "command": 0,
  "waypoints": [
    [
      102.75229357798165,
      222.62996941896023
    ],
    [
      103.43730886850153,
      205.23819232076104
    ],
    [
      104.1223241590214,
      187.84641522256186
    ],
    [
      104.80733944954125,
      170.45463812436282
    ],
    [
      105.49235474006119,
      153.06286102616374
    ],
    [
      106.17737003058105,
      135.67108392796467
    ],
    [
      106.8623853211009,
      118.27930682976563
    ],
    [
      107.5474006116208,
      100.88752973156657
    ],
    [
      108.23241590214067,
      83.4957526333673
    ],
    [
      108.91743119266054,
      66.10397553516816
    ]
  ],
  "bboxes": [
    [
      20.550458715596328,
      113.37003058103974,
      173.9938837920489,
      16.44036697247708
    ],
    [
      70.89908256880733,
      65.76146788990826,
      72.61162079510703,
      8.905198776758397
    ],
    [
      187.00917431192659,
      55.82874617737003,
      35.62079510703364,
      49.66360856269113
    ]
  ],
  "categories": [
    7,
    7,
    2
  ],
  "control_points": []
}