{
  "image_path": "/home/quynhthu/Documents/AI-project/e2e/data/raw/frame_0045_jpg.rf.2f1ce789a7b55af092520fc5343a5f9f.jpg",
  "command": 0,
  "waypoints": [
    [
      120.30257277653307,
      224.0
    ],
    [
      120.41674199161973,
      208.21756150340153
    ],
    [
      120.53091120670635,
      192.43512300680302
    ],
    [
      120.64508042179298,
      176.65268451020455
    ],
    [
      120.75924963687967,
      160.87024601360605
    ],
    [
      120.8734188519663,
      145.0878075170075
    ],
    [
      120.98758806705295,
      129.3053690204089
    ],
    [
      121.1017572821396,
      113.52293052381029
    ],
    [
      121.21592649722625,
      97.74049202721162
    ],
    [
      121.33009571231288,
      81.95805353061314
    ]
  ],
  "bboxes": [
    [
      142.5655697184291,
      47.70728900461926,
      7.535168195718654,
      11.98776758409786
    ]
  ],
  "categories": [
    0
  ],
  "control_points": []
}