{
  "image_path": "/home/quynhthu/Documents/AI-project/e2e/data/raw/frame_0078_jpg.rf.2213cf4c379855b0592bfeeee8d47321.jpg",
  "command": 0,
  "waypoints": [
    [
      114.91477364298467,
      224.0
    ],
    [
      102.25506518557177,
      212.432096343616
    ],
    [
      89.59535672815882,
      200.86419268723202
    ],
    [
      76.9356482707459,
      189.29628903084802
    ],
    [
      64.27593981333295,
      177.72838537446404
    ],
    [
      51.61623135592002,
      166.16048171808004
    ],
    [
      38.95652289850711,
      154.59257806169603
    ],
    [
      26.296814441094174,
      143.02467440531203
    ],
    [
      13.637105983681268,
      131.45677074892805
    ],
    [
      0.977397526268384,
      119.88886709254409
    ]
  ],
  "bboxes": [],
  "categories": [],
  "control_points": [
    [
      114.91477364298467,
      224.0
    ],
    [
      77.31543952446829,
      189.64332614053956
    ],
    [
      39.71610540595191,
      155.28665228107909
    ],
    [
      0.9773975262683631,
      119.88886709254407
    ]
  ]
}