{
  "image_path": "/home/quynhthu/Documents/AI-project/e2e/data/raw/frame_0120_jpg.rf.5f3fb17674049ab7200a421f247b1dbd.jpg",
  "command": 0,
  "waypoints": [
    [
      138.76213143485552,
      211.8715328611888
    ],
    [
      149.81271242705134,
      201.24200053192507
    ],
    [
      160.51209063152314,
      190.259597881111
    ],
    [
      170.72099453558533,
      178.82091303758983
    ],
    [
      180.21319846270416,
      166.78296636806945
    ],
    [
      188.5898125906973,
      153.94878778075204
    ],
    [
      195.1050045595071,
      140.09004722652784
    ],
    [
      198.30172918296458,
      125.14925436126093
    ],
    [
      196.06412279652682,
      110.09241750488364
    ],
    [
      187.97096497363668,
      97.1770977669528
    ]
  ],
  "bboxes": [],
  "categories": [],
  "control_points": [
    [
      138.76213143485552,
      211.8715328611888
    ],
    [
      186.45684701859724,
      167.20505318752592
    ],
    [
      214.84655867558635,
      126.70239789022148
    ],
    [
      187.97096497363668,
      97.1770977669528
    ]
  ]
}