{
  "image_path": "/home/quynhthu/Documents/AI-project/e2e/data/raw/frame_0065_jpg.rf.b1b8a86acf1dc01d11f14c7770b1ea8b.jpg",
  "command": 1,
  "waypoints": [
    [
      55.48564390768746,
      222.47035854646475
    ],
    [
      55.16072395593679,
      206.47707751341846
    ],
    [
      54.62972673757263,
      190.48945995535772
    ],
    [
      53.7055028479914,
      174.5202998636542
    ],
    [
      52.01203592269848,
      158.61661507705097
    ],
    [
      48.71765791324885,
      142.97744950159478
    ],
    [
      42.04358062594363,
      128.51333503784014
    ],
    [
      30.496716494205817,
      117.5977966066236
    ],
    [
      16.127130226069443,
      110.63169787449964
    ],
    [
      0.977397526268363,
      105.50474651966958
    ]
  ],
  "bboxes": [],
  "categories": [],
  "control_points": [
    [
      55.48564390768746,
      222.47035854646475
    ],
    [
      53.971525952648044,
      129.35210431154044
    ],
    [
      48.672113110010066,
      120.26739658130394
    ],
    [
      0.9773975262683631,
      105.50474651966958
    ]
  ]
}