{
  "image_path": "/home/quynhthu/Documents/AI-project/e2e/data/raw/highway_entrance_241_jpg.rf.81801ae13d690df6bcb50019ee19e034.jpg",
  "command": 0,
  "waypoints": [
    [
      121.4874524945335,
      187.16725865999942
    ],
    [
      118.54017415939184,
      178.12096122671508
    ],
    [
      115.52285379993764,
      169.0978057528068
    ],
    [
      112.41973378928677,
      160.1038146155272
    ],
    [
      109.20758473909933,
      151.1482178962409
    ],
    [
      105.85255904773976,
      142.2452353763589
    ],
    [
      102.29861475377956,
      133.41996949585064
    ],
    [
      98.44162710240687,
      124.7235976821512
    ],
    [
      94.04596804908675,
      116.29313245346837
    ],
    [
      88.17685748366627,
      108.81165448670949
    ]
  ],
  "bboxes": [
    [
      99.91127163522177,
      74.3654710095627,
      20.440592393032162,
      34.44618347714679
    ]
  ],
  "categories": [
    9
  ],
  "control_points": []
}