{
  "image_path": "/home/quynhthu/Documents/AI-project/e2e/data/raw/highway_exit_242_jpg.rf.539ec4930ab8a5ed7fba1abb51247a9f.jpg",
  "command": 0,
  "waypoints": [
    [
      115.80951016313567,
      184.1390227499206
    ],
    [
      111.31437419977917,
      175.36333415557215
    ],
    [
      106.92685770734175,
      166.5333389765637
    ],
    [
      102.6327492617769,
      157.65751697242058
    ],
    [
      98.39445424597167,
      148.75487450466142
    ],
    [
      94.1268906140836,
      139.86627762648232
    ],
    [
      89.64434236955573,
      131.0848667346288
    ],
    [
      84.56443344749516,
      122.63936353302401
    ],
    [
      78.26458631906777,
      115.07675085485205
    ],
    [
      70.38597151195307,
      109.19018397546934
    ]
  ],
  "bboxes": [
    [
      95.36891777010351,
      72.47282356576343,
      28.38971165698912,
      34.82471296590663
    ]
  ],
  "categories": [
    11
  ],
  "control_points": [
    [
      115.80951016313567,
      184.1390227499206
    ],
    [
      91.58362288250495,
      137.57989563245846
    ],
    [
      88.17685748366627,
      119.41048017198543
    ],
    [
      70.38597151195307,
      109.19018397546934
    ]
  ]
}