{
  "image_path": "/home/quynhthu/Documents/AI-project/e2e/data/raw/highway_entrance_246_jpg.rf.2f3596f98893dce351a7315c16c989c1.jpg",
  "command": 0,
  "waypoints": [
    [
      124.13715891585247,
      187.5457881487593
    ],
    [
      118.5740717842803,
      178.41018952964853
    ],
    [
      112.99969448384905,
      169.2814795543711
    ],
    [
      107.3883129363685,
      160.17548584797382
    ],
    [
      101.70249989653561,
      151.1158302795234
    ],
    [
      95.88636772790387,
      142.13942060198508
    ],
    [
      89.85113401882495,
      133.30925328596564
    ],
    [
      83.4460445308975,
      124.74506510689872
    ],
    [
      76.39290352661638,
      116.7132024895713
    ],
    [
      68.11479457939396,
      109.94724295298904
    ]
  ],
  "bboxes": [
    [
      101.80391907902104,
      75.50105947584225,
      19.683533415512457,
      34.824712965906656
    ]
  ],
  "categories": [
    9
  ],
  "control_points": []
}