{
  "image_path": "/home/quynhthu/Documents/AI-project/e2e/data/raw/highway_entrance_89_jpg.rf.a1c4eb091e42f0c74e330d97865f2eab.jpg",
  "command": 0,
  "waypoints": [
    [
      123.38009993833278,
      187.5457881487593
    ],
    [
      122.71024822571567,
      176.94899963672793
    ],
    [
      121.76288242133003,
      166.37400317828215
    ],
    [
      120.2720827446562,
      155.8634101814815
    ],
    [
      117.85563791550321,
      145.52984404363372
    ],
    [
      114.06042145919378,
      135.6248538626317
    ],
    [
      108.58196691340142,
      126.54602128347092
    ],
    [
      101.52687215049345,
      118.62786509433096
    ],
    [
      93.32278806950671,
      111.9001999754747
    ],
    [
      84.39156259606773,
      106.16194806539052
    ]
  ],
  "bboxes": [
    [
      206.27805797674097,
      72.85135305452327,
      11.734414151555484,
      34.824712965906656
    ]
  ],
  "categories": [
    9
  ],
  "control_points": []
}