{
  "image_path": "/home/quynhthu/Documents/AI-project/e2e/data/raw/highway_exit_305_jpg.rf.b250cf497775705a885380f0f331df7e.jpg",
  "command": 0,
  "waypoints": [
    [
      98.0186241914225,
      190.19549457007827
    ],
    [
      101.1379214768306,
      180.4920249528603
    ],
    [
      104.4010513676098,
      170.83603456790422
    ],
    [
      107.80761264523493,
      161.2296961177869
    ],
    [
      111.33845601239125,
      151.66829861311635
    ],
    [
      114.93559626941185,
      142.13161356316851
    ],
    [
      118.45397922354,
      132.56592268330314
    ],
    [
      121.57681311568372,
      122.86580950558705
    ],
    [
      123.7619887191939,
      112.9164838264686
    ],
    [
      124.51568840461233,
      102.75518266655182
    ]
  ],
  "bboxes": [
    [
      101.80391907902104,
      74.3654710095627,
      13.248532106594908,
      27.632652679469402
    ]
  ],
  "categories": [
    11
  ],
  "control_points": []
}