{
  "image_path": "/home/quynhthu/Documents/AI-project/e2e/data/raw/highway_entrance_296_jpg.rf.3a7d21ecd0abb658b9a399458355cecd.jpg",
  "command": 0,
  "waypoints": [
    [
      124.89421789337219,
      186.41019968247974
    ],
    [
      127.68435158775172,
      178.05450867242342
    ],
    [
      130.22727559122984,
      169.6205492486629
    ],
    [
      132.48428392518903,
      161.10574613804783
    ],
    [
      134.4051607201763,
      152.5090654443368
    ],
    [
      135.92493587288303,
      143.83278887750987
    ],
    [
      136.95462817029173,
      135.0853067458797
    ],
    [
      137.37001879901374,
      126.28815909276436
    ],
    [
      136.98365351102373,
      117.49166551957599
    ],
    [
      135.49304357864813,
      108.8116544867095
    ]
  ],
  "bboxes": [
    [
      117.70215760693493,
      76.63664794212184,
      16.276768016673785,
      24.604416769390554
    ]
  ],
  "categories": [
    9
  ],
  "control_points": []
}