{
  "image_path": "/home/quynhthu/Documents/AI-project/e2e/data/raw/highway_entrance_229_jpg.rf.9f917d5906abecade2594701938e5e63.jpg",
  "command": 0,
  "waypoints": [
    [
      138.52127948872695,
      189.4384355925586
    ],
    [
      136.31363480710817,
      179.54466182422158
    ],
    [
      133.8771101520781,
      169.70502009014444
    ],
    [
      131.11131779368364,
      159.95320675078048
    ],
    [
      127.87445277115017,
      150.34824616214524
    ],
    [
      123.99099022111959,
      140.98725253703407
    ],
    [
      119.29824929716344,
      132.00582495426838
    ],
    [
      113.74664013737159,
      123.5284044132305
    ],
    [
      107.46033490054903,
      115.57900800319395
    ],
    [
      100.66833061274149,
      108.05459550918978
    ]
  ],
  "bboxes": [
    [
      105.96774345537945,
      68.68752867816487,
      16.276768016673756,
      22.33323983683144
    ]
  ],
  "categories": [
    9
  ],
  "control_points": []
}