{
  "image_path": "/home/quynhthu/Documents/AI-project/e2e/data/raw/highway_entrance_204_jpg.rf.d1fd0b754c34dd3a0c06eda50d7b85e7.jpg",
  "command": 0,
  "waypoints": [
    [
      141.5495153988058,
      190.19549457007827
    ],
    [
      140.75107741181642,
      179.96739069648206
    ],
    [
      139.8486632273309,
      169.74807176632504
    ],
    [
      138.68408342941558,
      159.5558446982447
    ],
    [
      136.98908157975586,
      149.43997270456677
    ],
    [
      134.36579468217795,
      139.5277808778653
    ],
    [
      130.40449706172333,
      130.07423065974777
    ],
    [
      125.01057467861895,
      121.35806605915491
    ],
    [
      118.4948870191523,
      113.44083902991173
    ],
    [
      111.26715629801741,
      106.1619480653905
    ]
  ],
  "bboxes": [
    [
      108.23892038793856,
      69.44458765568459,
      12.491473129075217,
      14.762650061634332
    ]
  ],
  "categories": [
    9
  ],
  "control_points": []
}