{
  "image_path": "/home/quynhthu/Documents/AI-project/e2e/data/raw/highway_exit_202_jpg.rf.aebad9a3fa57602186d2ecd54a2c004c.jpg",
  "command": 0,
  "waypoints": [
    [
      133.60039613484884,
      187.5457881487593
    ],
    [
      132.67608842292913,
      177.06896870885294
    ],
    [
      131.0658523706112,
      166.67690468267526
    ],
    [
      128.68080401063438,
      156.43542661756885
    ],
    [
      125.45891184723102,
      146.42605914177858
    ],
    [
      121.38686952803029,
      136.73143971458197
    ],
    [
      116.51822401592626,
      127.41093416162188
    ],
    [
      110.9642315994218,
      118.48100263895398
    ],
    [
      104.87231086938186,
      109.90805194167076
    ],
    [
      98.39715368018234,
      101.61959420027226
    ]
  ],
  "bboxes": [
    [
      104.07509601158017,
      68.30899918940503,
      12.491473129075203,
      19.683533415512443
    ]
  ],
  "categories": [
    11
  ],
  "control_points": []
}