{
  "image_path": "/home/quynhthu/Documents/AI-project/e2e/data/raw/IMG_5236_jpg.rf.1cdd9840843d1d2d4616c088fe594b15.jpg",
  "command": 1,
  "waypoints": [
    [
      158.54802044842396,
      224.0
    ],
    [
      159.3251599440407,
      208.5682614945423
    ],
    [
      159.3520487874843,
      193.11729217283087
    ],
    [
      158.51764479476734,
      177.6895514221974
    ],
    [
      156.62179321670868,
      162.35750120601412
    ],
    [
      153.34890366942696,
      147.26270717729923
    ],
    [
      148.2089014995625,
      132.70545203857557
    ],
    [
      140.4728739114798,
      119.36691375416743
    ],
    [
      129.42820760829264,
      108.65833200354376
    ],
    [
      115.37133429569941,
      102.45330439433707
    ]
  ],
  "bboxes": [],
  "categories": [],
  "control_points": [
    [
      158.54802044842396,
      224.0
    ],
    [
      161.24656333296923,
      187.45740525751347
    ],
    [
      160.57192761183293,
      113.24747593251819
    ],
    [
      115.37133429569941,
      102.45330439433707
    ]
  ]
}