{
  "image_path": "/home/quynhthu/Documents/AI-project/e2e/data/raw/IMG_5089_jpg.rf.36f3299a126649137f762dbf389137b0.jpg",
  "command": 0,
  "waypoints": [
    [
      136.39998537069954,
      224.0
    ],
    [
      134.5686784386161,
      208.86345508099384
    ],
    [
      132.73737150653267,
      193.72691016198772
    ],
    [
      130.90606457444915,
      178.59036524298156
    ],
    [
      129.07475764236574,
      163.45382032397538
    ],
    [
      127.24345071028229,
      148.3172754049693
    ],
    [
      125.41214377819882,
      133.18073048596324
    ],
    [
      123.5808368461154,
      118.04418556695715
    ],
    [
      121.74952991403197,
      102.90764064795108
    ],
    [
      119.91822298194852,
      87.77109572894501
    ]
  ],
  "bboxes": [
    [
      146.99945665415146,
      61.46950259241275,
      10.050425535870488,
      7.035297875109336
    ],
    [
      76.64647790305804,
      64.14961606864487,
      12.395524827573595,
      8.710368797754427
    ],
    [
      19.02403816406723,
      74.20004160451538,
      57.62243973899081,
      27.806177315908343
    ]
  ],
  "categories": [
    8,
    8,
    3
  ],
  "control_points": []
}