{
  "image_path": "/home/quynhthu/Documents/AI-project/e2e/data/raw/IMG_5215_jpg.rf.1c54da34f98609396fb31ec31f9af4a3.jpg",
  "command": 1,
  "waypoints": [
    [
      101.87861987297299,
      224.0
    ],
    [
      97.07192954808467,
      201.8530266500058
    ],
    [
      91.63083792800478,
      179.85388238936537
    ],
    [
      85.27202365612695,
      158.10363999079675
    ],
    [
      77.53008608385379,
      136.8103627652105
    ],
    [
      67.64557822534839,
      116.43427035896185
    ],
    [
      54.60251421943457,
      97.94506166596149
    ],
    [
      38.048281319183225,
      82.52369723558542
    ],
    [
      19.294611922159092,
      69.81561140537875
    ],
    [
      2.4202861936828413e-14,
      57.927346799339894
    ]
  ],
  "bboxes": [],
  "categories": [],
  "control_points": [
    [
      101.87861987297299,
      224.0
    ],
    [
      75.5678267486565,
      95.70694718297385
    ],
    [
      50.60630506661263,
      89.63522569274699
    ],
    [
      0.0,
      57.92734679933988
    ]
  ]
}