{
  "image_path": "/home/quynhthu/Documents/AI-project/e2e/data/raw/IMG_5006_jpg.rf.4e677cc7c3838061d377e12a1d02e1ae.jpg",
  "command": 0,
  "waypoints": [
    [
      110.12866055506876,
      220.9341854187465
    ],
    [
      117.3252319609605,
      201.5184027203954
    ],
    [
      124.7581266292655,
      182.19125935666773
    ],
    [
      131.7752603679405,
      162.71092957344493
    ],
    [
      137.48937634056557,
      142.81549622775086
    ],
    [
      140.78544978137847,
      122.39141565643946
    ],
    [
      140.60668159216243,
      101.71484381621136
    ],
    [
      136.55496851273656,
      81.438410372329
    ],
    [
      129.11136760115764,
      62.13761389919429
    ],
    [
      119.12474437679843,
      44.01120359139648
    ]
  ],
  "bboxes": [],
  "categories": [],
  "control_points": [
    [
      110.12866055506876,
      220.9341854187465
    ],
    [
      133.11865254393345,
      155.9624689284767
    ],
    [
      162.0,
      112.5
    ],
    [
      119.12474437679843,
      44.01120359139648
    ]
  ]
}