{
  "image_path": "/home/quynhthu/Documents/AI-project/e2e/data/raw/IMG_5108_jpg.rf.299607f01cc02eef6278eadc7851dcb5.jpg",
  "command": 0,
  "waypoints": [
    [
      30.1846179802502,
      206.4781831153858
    ],
    [
      43.68779719746537,
      193.02046914806024
    ],
    [
      57.190976414680534,
      179.56275518073468
    ],
    [
      70.69415563189568,
      166.10504121340912
    ],
    [
      84.1973348491109,
      152.6473272460836
    ],
    [
      97.700514066326,
      139.18961327875806
    ],
    [
      111.20369328354111,
      125.73189931143254
    ],
    [
      124.70687250075628,
      112.274185344107
    ],
    [
      138.21005171797157,
      98.81647137678134
    ],
    [
      151.7132309351868,
      85.35875740945569
    ]
  ],
  "bboxes": [
    [
      48.18885693653711,
      65.7177694571427,
      51.55759337482161,
      28.643107430456453
    ],
    [
      119.3874382636717,
      63.26264596310357,
      24.551234940391254,
      14.730740964234748
    ],
    [
      187.47816788499213,
      63.148267945045916,
      36.52183211500787,
      26.466120577792296
    ],
    [
      146.53357719226818,
      59.611311047562495,
      5.546017394506833,
      5.422772563517796
    ],
    [
      187.57545142002667,
      59.96372024013046,
      5.535103212409325,
      3.2219257505069123
    ]
  ],
  "categories": [
    3,
    3,
    3,
    8,
    8
  ],
  "control_points": []
}