{
  "image_path": "/home/quynhthu/Documents/AI-project/e2e/data/raw/IMG_5225_jpg.rf.c850c3be65c9cba3ea469595bb3ba4bf.jpg",
  "command": 0,
  "waypoints": [
    [
      119.41914862251735,
      224.0
    ],
    [
      126.04105229419469,
      206.23163286513898
    ],
    [
      131.61689669730825,
      188.10854823653526
    ],
    [
      135.95071923623567,
      169.65036099957564
    ],
    [
      138.7459090458586,
      150.89976919359617
    ],
    [
      139.54950597197364,
      131.96362904060493
    ],
    [
      137.69662068546705,
      113.1109341780194
    ],
    [
      132.3096562716264,
      94.96816934666874
    ],
    [
      122.58343580063227,
      78.76020310140505
    ],
    [
      108.62497708433621,
      66.02297545297574
    ]
  ],
  "bboxes": [],
  "categories": [],
  "control_points": [
    [
      119.41914862251735,
      224.0
    ],
    [
      143.7060345834249,
      163.84515501774226
    ],
    [
      152.47629895819705,
      95.70694718297385
    ],
    [
      108.62497708433621,
      66.02297545297574
    ]
  ]
}