{
  "image_path": "/home/quynhthu/Documents/AI-project/e2e/data/raw/IMG_5074_jpg.rf.69a5321dad9909669127e108d11ed359.jpg",
  "command": 3,
  "waypoints": [
    [
      101.51838008221837,
      217.27410673582426
    ],
    [
      101.9730325811145,
      200.31556852699848
    ],
    [
      102.42768508001063,
      183.35703031817263
    ],
    [
      102.88233757890674,
      166.39849210934682
    ],
    [
      103.33699007780292,
      149.439953900521
    ],
    [
      103.79164257669903,
      132.48141569169516
    ],
    [
      104.24629507559516,
      115.52287748286933
    ],
    [
      104.70094757449131,
      98.5643392740435
    ],
    [
      105.15560007338742,
      81.60580106521782
    ],
    [
      105.61025257228356,
      64.647262856392
    ]
  ],
  "bboxes": [
    [
      126.88798952062264,
      41.323589663020314,
      38.463601406612966,
      19.640987952313004
    ],
    [
      2.085878573633814,
      47.052211149111606,
      86.33850954037588,
      28.233920181449925
    ]
  ],
  "categories": [
    3,
    3
  ],
  "control_points": []
}