{
  "image_path": "/home/quynhthu/Documents/AI-project/e2e/data/raw/IMG_5217_jpg.rf.060bc8f532c072c3d3a0aac95a128c4a.jpg",
  "command": 0,
  "waypoints": [
    [
      136.9596773720617,
      223.88773419887482
    ],
    [
      136.65355640005652,
      204.26958055575014
    ],
    [
      136.6404793637537,
      184.6491116956019
    ],
    [
      136.98180197276892,
      165.03171016476065
    ],
    [
      137.75670714807455,
      145.42682823090124
    ],
    [
      139.07471855069645,
      125.85126477353693
    ],
    [
      141.08665638075524,
      106.33534085762781
    ],
    [
      143.97976047381533,
      86.93121094945725
    ],
    [
      147.84074377919237,
      67.69587045955
    ],
    [
      151.80166323706075,
      48.48244670343139
    ]
  ],
  "bboxes": [],
  "categories": [],
  "control_points": [
    [
      136.9596773720617,
      223.88773419887482
    ],
    [
      134.2611344875164,
      103.12794011547336
    ],
    [
      147.7538489102428,
      74.11860410661158
    ],
    [
      151.80166323706075,
      48.48244670343139
    ]
  ]
}