{
  "image_path": "/home/quynhthu/Documents/AI-project/e2e/data/raw/IMG_5086_jpg.rf.2ec3e294a10fc5c3a7461864e5ae7105.jpg",
  "command": 0,
  "waypoints": [
    [
      102.38285208581907,
      224.0
    ],
    [
      102.07114985358045,
      207.53046417357604
    ],
    [
      101.75944762134183,
      191.06092834715213
    ],
    [
      101.4477453891032,
      174.59139252072822
    ],
    [
      101.13604315686463,
      158.12185669430426
    ],
    [
      100.82434092462599,
      141.65232086788
    ],
    [
      100.51263869238737,
      125.18278504145573
    ],
    [
      100.20093646014874,
      108.71324921503147
    ],
    [
      99.88923422791015,
      92.2437133886073
    ],
    [
      99.57753199567152,
      75.77417756218343
    ]
  ],
  "bboxes": [
    [
      135.11783200634073,
      62.49199850282652,
      44.60141014171077,
      25.778796687410804
    ],
    [
      186.67542538116237,
      66.58387099289173,
      36.82685241058684,
      58.92296385693899
    ],
    [
      34.86695599974315,
      61.673624004813476,
      33.5533544185347,
      20.05017520131952
    ],
    [
      118.96093359317051,
      55.31444052498333,
      5.419136753963954,
      5.419136753963947
    ],
    [
      69.49477679363021,
      56.44040547599993,
      6.171794636458941,
      6.021263059959949
    ]
  ],
  "categories": [
    3,
    3,
    3,
    8,
    8
  ],
  "control_points": []
}