{
  "image_path": "/home/quynhthu/Documents/AI-project/e2e/data/raw/IMG_5059_jpg.rf.ebe544f22f566a085a0e23b22141d848.jpg",
  "command": 0,
  "waypoints": [
    [
      99.13344699517697,
      224.0
    ],
    [
      112.57204134615584,
      214.77433287691784
    ],
    [
      126.01063569713472,
      205.5486657538357
    ],
    [
      139.44923004811355,
      196.32299863075352
    ],
    [
      152.8878243990925,
      187.09733150767147
    ],
    [
      166.32641875007133,
      177.87166438458925
    ],
    [
      179.76501310105022,
      168.6459972615071
    ],
    [
      193.20360745202913,
      159.42033013842496
    ],
    [
      206.642201803008,
      150.1946630153428
    ],
    [
      220.08079615398688,
      140.9689958922606
    ]
  ],
  "bboxes": [
    [
      -2.4151811654379145,
      75.28613133056153,
      128.48479618804754,
      88.38444578540849
    ],
    [
      146.52897747293562,
      53.19001988420942,
      76.10882831521289,
      38.87278865561946
    ]
  ],
  "categories": [
    3,
    3
  ],
  "control_points": [
    [
      99.13344699517697,
      224.0
    ],
    [
      139.04607221758422,
      196.59976864444602
    ],
    [
      178.9586974399915,
      169.19953728889203
    ],
    [
      220.08079615398685,
      140.96899589226064
    ]
  ]
}