{
  "image_path": "/home/quynhthu/Documents/AI-project/e2e/data/raw/IMG_5188_jpg.rf.c83f29ddd0f7b32347421b8591eee9f9.jpg",
  "command": 0,
  "waypoints": [
    [
      91.60100454926358,
      222.83912369837694
    ],
    [
      78.02243714923783,
      209.28042356224807
    ],
    [
      65.95593526572235,
      194.36968433384587
    ],
    [
      55.89017479846182,
      178.04768821070698
    ],
    [
      48.505910962734845,
      160.35886974043453
    ],
    [
      44.62467975446864,
      141.59807730322277
    ],
    [
      45.033248632944364,
      122.45325609359537
    ],
    [
      50.04634581180785,
      103.97399555529576
    ],
    [
      59.25049808454824,
      87.17667845311482
    ],
    [
      71.71658411657069,
      72.60128042914165
    ]
  ],
  "bboxes": [
    [
      123.95615827241551,
      33.51844748655813,
      13.440034363971137,
      9.874310961284905
    ],
    [
      158.79053305250395,
      52.71849657794545,
      24.685777403212256,
      24.41149098762103
    ]
  ],
  "categories": [
    10,
    11
  ],
  "control_points": []
}