{
  "image_path": "/home/quynhthu/Documents/AI-project/e2e/data/raw/IMG_5078_jpg.rf.6516b382786e2c0d7ad654740c3b8362.jpg",
  "command": 0,
  "waypoints": [
    [
      145.3014157259161,
      218.09248123383728
    ],
    [
      144.3011802283446,
      201.45219977423875
    ],
    [
      143.3009447307731,
      184.81191831464025
    ],
    [
      142.30070923320156,
      168.17163685504175
    ],
    [
      141.30047373563013,
      151.53135539544326
    ],
    [
      140.30023823805863,
      134.89107393584476
    ],
    [
      139.30000274048712,
      118.25079247624627
    ],
    [
      138.2997672429156,
      101.61051101664778
    ],
    [
      137.29953174534415,
      84.97022955704922
    ],
    [
      136.29929624777265,
      68.32994809745068
    ]
  ],
  "bboxes": [
    [
      72.05689815374886,
      51.96245813718985,
      33.14416716952819,
      16.77667720926734
    ],
    [
      175.1720849033921,
      43.778713157059435,
      45.82897188873034,
      31.098230924495574
    ],
    [
      0.03994232860120872,
      66.69319910142461,
      46.64734638674337,
      52.78515512184116
    ],
    [
      103.56431632725098,
      42.96033865904639,
      8.59293222913692,
      9.002119478143456
    ],
    [
      153.89434795505304,
      40.914402414013786,
      9.411306727149963,
      7.3653704821173775
    ]
  ],
  "categories": [
    3,
    3,
    3,
    8,
    8
  ],
  "control_points": []
}