{
  "image_path": "/home/quynhthu/Documents/AI-project/e2e/data/raw/IMG_5108_jpg.rf.4210a68c50a9b29eccc5717c3f7ee9cf.jpg",
  "command": 3,
  "waypoints": [
    [
      30.1846179802502,
      206.4781831153858
    ],
    [
      43.68779719746537,
      193.02046914806024
    ],
    [
      57.190976414680534,
      179.56275518073468
    ],
    [
      70.69415563189568,
      166.10504121340912
    ],
    [
      84.1973348491109,
      152.6473272460836
    ],
    [
      97.700514066326,
      139.18961327875806
    ],
    [
      111.20369328354111,
      125.73189931143254
    ],
    [
      124.70687250075628,
      112.274185344107
    ],
    [
      138.21005171797157,
      98.81647137678134
    ],
    [
      151.7132309351868,
      85.35875740945569
    ]
  ],
  "bboxes": [
    [
      187.4289565291603,
      59.09041255249991,
      5.039644311452747,
      4.222404693379339
    ],
    [
      146.70318222850162,
      60.04385877358557,
      6.129297135550644,
      4.494817899403799
    ],
    [
      190.35824792887536,
      61.18504825225043,
      33.553354418534724,
      36.41766516158035
    ],
    [
      120.89639915020197,
      63.950448793119605,
      23.164386676524032,
      12.801371584394872
    ],
    [
      44.667145255472974,
      63.64995808261034,
      61.138197902178035,
      33.551450068268466
    ]
  ],
  "categories": [
    8,
    8,
    3,
    8,
    3
  ],
  "control_points": []
}