{
  "image_path": "/home/quynhthu/Documents/AI-project/e2e/data/raw/IMG_5191_jpg.rf.8f44ade2299422d36b808cb0a5743c97.jpg",
  "command": 1,
  "waypoints": [
    [
      102.62615675112272,
      222.97660045515948
    ],
    [
      91.02196920132701,
      208.50309888066104
    ],
    [
      80.68940949536523,
      193.10065438745514
    ],
    [
      72.27640880088072,
      176.58036312012047
    ],
    [
      66.7699853548525,
      158.8933840543406
    ],
    [
      65.32589950349553,
      140.4417366983351
    ],
    [
      68.48028617679653,
      122.20368681755
    ],
    [
      75.54000813068645,
      105.07517297698713
    ],
    [
      85.26166724254192,
      89.28679439803106
    ],
    [
      96.62698796292814,
      74.62729441434944
    ]
  ],
  "bboxes": [
    [
      193.76303439892504,
      60.95331567555822,
      23.164386676524032,
      27.228314163633534
    ],
    [
      149.66942116378715,
      37.179339875967756,
      14.020549830527699,
      11.58219333826203
    ]
  ],
  "categories": [
    11,
    10
  ],
  "control_points": [
    [
      102.62615675112272,
      222.97660045515948
    ],
    [
      50.16842242379404,
      161.9266510224925
    ],
    [
      57.4039719861842,
      121.22668473404782
    ],
    [
      96.62698796292813,
      74.62729441434946
    ]
  ]
}