{
  "image_path": "/home/quynhthu/Documents/AI-project/e2e/data/raw/IMG_5007_jpg.rf.c214a99701aae27381cb6263d75ed1a7.jpg",
  "command": 0,
  "waypoints": [
    [
      72.64497796452851,
      224.0
    ],
    [
      82.19188245934394,
      205.7817452168116
    ],
    [
      90.50176880071284,
      186.9664633856333
    ],
    [
      97.62494537600972,
      167.67015622283998
    ],
    [
      103.59807681651857,
      147.98713798799687
    ],
    [
      108.42769243256272,
      127.99268518501037
    ],
    [
      112.07287794343726,
      107.74911958472076
    ],
    [
      114.39474517636708,
      87.31270900121736
    ],
    [
      114.9510254302876,
      66.75800084966284
    ],
    [
      110.62844298960931,
      47.00989819863971
    ]
  ],
  "bboxes": [],
  "categories": [],
  "control_points": [
    [
      72.64497796452851,
      224.0
    ],
    [
      117.12561463863628,
      145.96682023766596
    ],
    [
      120.1243092458795,
      54.50663471674775
    ],
    [
      110.62844298960931,
      47.00989819863971
    ]
  ]
}