{
  "image_path": "/home/quynhthu/Documents/AI-project/e2e/data/raw/IMG_5005_jpg.rf.87be3691955c0e28cceee3031b25f65b.jpg",
  "command": 3,
  "waypoints": [
    [
      122.12343898404166,
      221.43396785328704
    ],
    [
      121.34599964142305,
      202.05351566943736
    ],
    [
      120.56856029880443,
      182.67306348558765
    ],
    [
      119.7911209561858,
      163.29261130173794
    ],
    [
      119.01368161356723,
      143.91215911788825
    ],
    [
      118.2362422709486,
      124.53170693403857
    ],
    [
      117.45880292832997,
      105.15125475018883
    ],
    [
      116.68136358571137,
      85.77080256633911
    ],
    [
      115.90392424309276,
      66.39035038248937
    ],
    [
      115.12648490047414,
      47.00989819863971
    ]
  ],
  "bboxes": [],
  "categories": [],
  "control_points": [
    [
      122.12343898404166,
      221.43396785328704
    ],
    [
      119.81444413646437,
      163.8740248672534
    ],
    [
      117.50544928888709,
      106.3140818812198
    ],
    [
      115.12648490047414,
      47.00989819863971
    ]
  ]
}