{
  "image_path": "/home/quynhthu/Documents/AI-project/e2e/data/raw/IMG_5114_jpg.rf.cc1d13ce92ba837b0922e054093d4d30.jpg",
  "command": 2,
  "waypoints": [
    [
      83.13337251782538,
      218.9369822883641
    ],
    [
      79.71094053204897,
      187.74761564034998
    ],
    [
      77.59595585835719,
      156.44449752248096
    ],
    [
      77.59278018870917,
      125.07635366486237
    ],
    [
      81.29434313913066,
      93.95100147601802
    ],
    [
      92.00521424782055,
      64.59993295526778
    ],
    [
      113.4606229869142,
      42.121153018443884
    ],
    [
      142.38221243850649,
      30.31869039519036
    ],
    [
      173.3360388408125,
      25.348223397686148
    ],
    [
      204.64927516205975,
      23.40684803355059
    ]
  ],
  "bboxes": [
    [
      171.50857444090494,
      0.20835752874220845,
      34.24539074519333,
      22.64614549278913
    ],
    [
      0.0,
      59.861618826820916,
      169.85153940484722,
      10.494555228365698
    ]
  ],
  "categories": [
    0,
    7
  ],
  "control_points": [
    [
      83.13337251782538,
      218.9369822883641
    ],
    [
      61.59191704907473,
      47.71002856239746
    ],
    [
      98.59903285436431,
      27.273263117685314
    ],
    [
      204.64927516205975,
      23.40684803355059
    ]
  ]
}