{
  "image_path": "/home/quynhthu/Documents/AI-project/e2e/data/raw/IMG_5223_jpg.rf.cc027abd5c963da7b26ff685b26b9404.jpg",
  "command": 0,
  "waypoints": [
    [
      114.02206285342676,
      220.51455559319322
    ],
    [
      111.06210243437899,
      198.77791313274696
    ],
    [
      104.39041919318579,
      177.89018214573412
    ],
    [
      95.1437655660819,
      157.99610161914384
    ],
    [
      84.31303318475152,
      138.91097238161774
    ],
    [
      72.6261095942491,
      120.33449010480942
    ],
    [
      60.607608877895075,
      101.96970474982452
    ],
    [
      48.66253040627431,
      83.55719024031656
    ],
    [
      37.1308407339077,
      64.88377225871956
    ],
    [
      26.31941910570506,
      45.78390381888611
    ]
  ],
  "bboxes": [],
  "categories": [],
  "control_points": []
}