{
  "image_path": "/home/quynhthu/Documents/AI-project/e2e/data/raw/IMG_4996_jpg.rf.bf008331e60d5001e5f64893a1909d08_dup2.jpg",
  "command": 1,
  "waypoints": [
    [
      117.62539707317683,
      224.0
    ],
    [
      108.19015173445334,
      211.43522897730205
    ],
    [
      98.46744054153206,
      199.0925946919449
    ],
    [
      88.13982689737051,
      187.25582867540194
    ],
    [
      76.63484130156903,
      176.57692337037622
    ],
    [
      63.25881515750508,
      168.39875258393153
    ],
    [
      48.209175622058105,
      164.00540669191756
    ],
    [
      32.565823387559156,
      162.70441540174482
    ],
    [
      16.859146946484383,
      162.9953317038271
    ],
    [
      1.1760898252317513,
      163.95898788112532
    ]
  ],
  "bboxes": [],
  "categories": [],
  "control_points": []
}