{
  "image_path": "/home/quynhthu/Documents/AI-project/e2e/data/raw/IMG_5086_jpg.rf.f2c90f22fe537f9105f708b8bbb66e09.jpg",
  "command": 3,
  "waypoints": [
    [
      102.38285208581907,
      224.0
    ],
    [
      102.07114985358045,
      207.53046417357604
    ],
    [
      101.75944762134183,
      191.06092834715213
    ],
    [
      101.4477453891032,
      174.59139252072822
    ],
    [
      101.13604315686463,
      158.12185669430426
    ],
    [
      100.82434092462599,
      141.65232086788
    ],
    [
      100.51263869238737,
      125.18278504145573
    ],
    [
      100.20093646014874,
      108.71324921503147
    ],
    [
      99.88923422791015,
      92.2437133886073
    ],
    [
      99.57753199567152,
      75.77417756218343
    ]
  ],
  "bboxes": [
    [
      136.09870480616974,
      60.91890181525332,
      46.23815913773683,
      27.415545683436875
    ],
    [
      35.029454301559134,
      64.19239980730548,
      34.78091616555427,
      15.95830271125432
    ],
    [
      118.51348960141614,
      55.45846127774282,
      6.4881617033521195,
      4.824530497364407
    ],
    [
      69.7690952659757,
      56.29027688073668,
      5.8227092209570515,
      6.488161703352141
    ]
  ],
  "categories": [
    3,
    3,
    8,
    8
  ],
  "control_points": []
}