{
  "image_path": "/home/quynhthu/Documents/AI-project/e2e/data/raw/IMG_5190_jpg.rf.f43e89e3b74f371c73284a792c2fae00.jpg",
  "command": 1,
  "waypoints": [
    [
      91.60100454926358,
      222.83912369837694
    ],
    [
      78.02243714923783,
      209.28042356224807
    ],
    [
      65.95593526572235,
      194.36968433384587
    ],
    [
      55.89017479846182,
      178.04768821070698
    ],
    [
      48.505910962734845,
      160.35886974043453
    ],
    [
      44.62467975446864,
      141.59807730322277
    ],
    [
      45.033248632944364,
      122.45325609359537
    ],
    [
      50.04634581180785,
      103.97399555529576
    ],
    [
      59.25049808454824,
      87.17667845311482
    ],
    [
      71.71658411657069,
      72.60128042914165
    ]
  ],
  "bboxes": [
    [
      125.1045407189833,
      34.921362210686084,
      10.847721280838456,
      10.663861598112376
    ],
    [
      155.99395548474746,
      54.02832864655344,
      27.88827001558849,
      31.222737082669717
    ]
  ],
  "categories": [
    10,
    11
  ],
  "control_points": []
}