{
  "image_path": "/home/quynhthu/Documents/AI-project/e2e/data/raw/IMG_5053_jpg.rf.353cbe178863533c5cedf8f2e6722f7e.jpg",
  "command": 0,
  "waypoints": [
    [
      96.13475238793373,
      224.0
    ],
    [
      98.35600765255833,
      209.22119471535632
    ],
    [
      100.57726291718296,
      194.44238943071267
    ],
    [
      102.79851818180754,
      179.66358414606898
    ],
    [
      105.0197734464322,
      164.88477886142533
    ],
    [
      107.24102871105677,
      150.10597357678165
    ],
    [
      109.46228397568139,
      135.327168292138
    ],
    [
      111.68353924030599,
      120.54836300749432
    ],
    [
      113.90479450493062,
      105.76955772285062
    ],
    [
      116.12604976955522,
      90.99075243820694
    ]
  ],
  "bboxes": [
    [
      163.60538105090623,
      100.98640112901766,
      60.39461894909377,
      87.46192604459397
    ],
    [
      133.11865254393345,
      43.011638722315396,
      26.988251465188995,
      25.488904161567376
    ],
    [
      76.64323744085281,
      53.507069847666685,
      24.989121727026827,
      19.491514947080915
    ],
    [
      96.13475238793373,
      45.01076846047754,
      14.993473036216116,
      10.995213559891823
    ],
    [
      46.6562913684206,
      69.00032531842332,
      44.480636674107785,
      30.48672850697274
    ],
    [
      -0.823039912930398,
      106.48400790896358,
      56.975197537621206,
      65.47149892481033
    ]
  ],
  "categories": [
    3,
    3,
    3,
    3,
    3,
    3
  ],
  "control_points": [
    [
      96.13475238793373,
      224.0
    ],
    [
      102.73188052386882,
      180.1069483046083
    ],
    [
      109.32900865980392,
      136.21389660921656
    ],
    [
      116.12604976955522,
      90.99075243820694
    ]
  ]
}