{
  "image_path": "/home/quynhthu/Documents/AI-project/e2e/data/raw/IMG_5235_jpg.rf.772b3cda39a23b0e1d92ff14e41a0c6a.jpg",
  "command": 0,
  "waypoints": [
    [
      118.74451290138103,
      224.0
    ],
    [
      118.09567117132703,
      207.33812836622184
    ],
    [
      117.36062941159788,
      190.67989189879992
    ],
    [
      116.37552362589435,
      174.03485598343565
    ],
    [
      114.83681217361695,
      157.43306897413242
    ],
    [
      112.14421937592765,
      140.98429328220794
    ],
    [
      107.08589619712453,
      125.12653177401852
    ],
    [
      97.860847132556,
      111.34092250037479
    ],
    [
      84.36589509681922,
      101.67720079680865
    ],
    [
      68.82146953729328,
      95.70694718297385
    ]
  ],
  "bboxes": [],
  "categories": [],
  "control_points": [
    [
      118.74451290138103,
      224.0
    ],
    [
      115.37133429569941,
      136.18509045115312
    ],
    [
      114.69669857456309,
      109.19966160570027
    ],
    [
      68.82146953729328,
      95.70694718297385
    ]
  ]
}