{
  "image_path": "/home/quynhthu/Documents/AI-project/e2e/data/raw/stop_70_jpg.rf.4c278bf349deaab2b090eb78da8bcde4.jpg",
  "command": 0,
  "waypoints": [
    [
      134.7359846011284,
      187.92431763751915
    ],
    [
      135.57676093570763,
      178.19613121200481
    ],
    [
      135.98890475947354,
      168.44075062204828
    ],
    [
      135.86404735606376,
      158.67802763644065
    ],
    [
      135.07204700742864,
      148.9474932367841
    ],
    [
      133.48085100747133,
      139.31620730523215
    ],
    [
      131.0109689583246,
      129.87229988852187
    ],
    [
      127.73273219640014,
      120.6765188576053
    ],
    [
      123.9166447987924,
      111.6886135616985
    ],
    [
      119.97333453949408,
      102.75518266655182
    ]
  ],
  "bboxes": [
    [
      119.59480505073422,
      70.58017612196414,
      15.519709039154051,
      17.79088597171318
    ]
  ],
  "categories": [
    0
  ],
  "control_points": [
    [
      134.7359846011284,
      187.92431763751915
    ],
    [
      139.6568679550065,
      141.36519052005698
    ],
    [
      129.43657175849043,
      124.70989301462339
    ],
    [
      119.97333453949408,
      102.75518266655182
    ]
  ]
}