{
  "image_path": "/home/quynhthu/Documents/AI-project/e2e/data/raw/stop_70_jpg.rf.8db52fdc015c17744f2cf533a8e6af8d.jpg",
  "command": 0,
  "waypoints": [
    [
      134.7359846011284,
      187.92431763751915
    ],
    [
      135.57677453131137,
      178.19591868926847
    ],
    [
      135.98890615847463,
      168.44065278108073
    ],
    [
      135.86404785873378,
      158.67803851299956
    ],
    [
      135.07205639056133,
      148.94757008006732
    ],
    [
      133.48086069810927,
      139.31625305147253
    ],
    [
      131.01092742545833,
      129.8721657505483
    ],
    [
      127.7326353105746,
      120.67627128059164
    ],
    [
      123.91660715256059,
      111.68852669544383
    ],
    [
      119.97333453949408,
      102.75518266655182
    ]
  ],
  "bboxes": [
    [
      120.35186402825393,
      68.68752867816487,
      14.762650061634346,
      21.576180859311734
    ]
  ],
  "categories": [
    0
  ],
  "control_points": []
}