{
  "image_path": "/home/quynhthu/Documents/AI-project/e2e/data/raw/values_1_mp4-42_jpg.rf.4a121126f397a02eca5a9abd7dd6607b.jpg",
  "command": 2,
  "waypoints": [
    [
      103.24681048455614,
      224.0
    ],
    [
      103.625339973316,
      206.45726548014002
    ],
    [
      104.00386946207584,
      188.91453096028005
    ],
    [
      104.38239895083568,
      171.37179644042018
    ],
    [
      104.76092843959557,
      153.82906192056032
    ],
    [
      105.1394579283554,
      136.2863274007005
    ],
    [
      105.51798741711525,
      118.74359288084064
    ],
    [
      105.8965169058751,
      101.20085836098079
    ],
    [
      106.27504639463497,
      83.65812384112058
    ],
    [
      106.65357588339481,
      66.11538932126061
    ]
  ],
  "bboxes": [
    [
      170.62505948381028,
      34.31891226543278,
      22.71176932559129,
      26.118534724429985
    ],
    [
      130.1224041865058,
      32.80479431039337,
      8.327648752716811,
      12.870002617835056
    ],
    [
      150.1844670907781,
      34.69744175419264,
      67.75677848801399,
      38.98853734226503
    ]
  ],
  "categories": [
    8,
    8,
    3
  ],
  "control_points": []
}