{
  "image_path": "/home/quynhthu/Documents/AI-project/e2e/data/raw/values_1_mp4-37_jpg.rf.d01e8ee2c89ea38173aade9cb097fecd.jpg",
  "command": 3,
  "waypoints": [
    [
      104.00386946207583,
      223.20512715660033
    ],
    [
      104.5506342791734,
      205.9610060019847
    ],
    [
      105.09739909627098,
      188.7168848473691
    ],
    [
      105.6441639133685,
      171.4727636927535
    ],
    [
      106.19092873046613,
      154.22864253813788
    ],
    [
      106.73769354756367,
      136.98452138352226
    ],
    [
      107.28445836466123,
      119.74040022890662
    ],
    [
      107.8312231817588,
      102.49627907429101
    ],
    [
      108.37798799885638,
      85.25215791967545
    ],
    [
      108.92475281595395,
      68.00803676505986
    ]
  ],
  "bboxes": [
    [
      145.2635837369,
      41.88950204062988,
      61.70030666785635,
      26.49706421318983
    ],
    [
      156.61946839969565,
      31.6692058441138,
      17.4123564829533,
      24.225887280630705
    ],
    [
      126.71563878766712,
      33.18332379915322,
      7.19206028643724,
      11.734414151555491
    ]
  ],
  "categories": [
    3,
    8,
    8
  ],
  "control_points": []
}