{
  "image_path": "/home/quynhthu/Documents/AI-project/e2e/data/raw/values_1_mp4-40_jpg.rf.f0bceb9c2d6bef9f582e0913c1292ded.jpg",
  "command": 0,
  "waypoints": [
    [
      104.00386946207583,
      223.20512715660033
    ],
    [
      104.5506342791734,
      205.9610060019847
    ],
    [
      105.09739909627098,
      188.7168848473691
    ],
    [
      105.6441639133685,
      171.47276369275352
    ],
    [
      106.19092873046613,
      154.2286425381379
    ],
    [
      106.73769354756367,
      136.98452138352232
    ],
    [
      107.28445836466123,
      119.74040022890671
    ],
    [
      107.8312231817588,
      102.4962790742911
    ],
    [
      108.37798799885638,
      85.25215791967548
    ],
    [
      108.92475281595395,
      68.00803676505986
    ]
  ],
  "bboxes": [
    [
      166.46123510745187,
      31.290676355353945,
      16.27676801667377,
      26.497064213189837
    ],
    [
      147.15623118069928,
      44.160678973189015,
      65.48560155545485,
      26.497064213189823
    ],
    [
      128.98681572022625,
      32.80479431039337,
      8.706178241476664,
      12.870002617835056
    ]
  ],
  "categories": [
    8,
    3,
    8
  ],
  "control_points": [
    [
      104.00386946207583,
      223.20512715660033
    ],
    [
      105.62776096885561,
      171.99008732739196
    ],
    [
      107.25165247563538,
      120.7750474981836
    ],
    [
      108.92475281595395,
      68.00803676505986
    ]
  ]
}