{
  "image_path": "/home/quynhthu/Documents/AI-project/e2e/data/raw/values_1_mp4-92_jpg.rf.71a635ae08f50df75c45f404ae178434.jpg",
  "command": 2,
  "waypoints": [
    [
      110.43887077099338,
      222.06953869032074
    ],
    [
      110.90151792392209,
      204.32071155069195
    ],
    [
      111.36416507685081,
      186.57188441106314
    ],
    [
      111.82681222977949,
      168.82305727143446
    ],
    [
      112.28945938270824,
      151.0742301318058
    ],
    [
      112.75210653563693,
      133.32540299217712
    ],
    [
      113.21475368856564,
      115.57657585254844
    ],
    [
      113.67740084149436,
      97.82774871291977
    ],
    [
      114.14004799442307,
      80.07892157329081
    ],
    [
      114.60269514735178,
      62.33009443366203
    ]
  ],
  "bboxes": [
    [
      86.97004246788238,
      66.11538932126058,
      53.37265791513953,
      7.570589775197092
    ]
  ],
  "categories": [
    7
  ],
  "control_points": []
}