{
  "image_path": "/home/quynhthu/Documents/AI-project/e2e/data/raw/values_1_mp4-114_jpg.rf.ca08d7b0eb1797d7342fdf4e5a805dce.jpg",
  "command": 0,
  "waypoints": [
    [
      106.72480243289915,
      221.9919716259061
    ],
    [
      107.35568491416558,
      204.7478504712904
    ],
    [
      107.986567395432,
      187.50372931667468
    ],
    [
      108.61744987669842,
      170.25960816205895
    ],
    [
      109.24833235796488,
      153.01548700744328
    ],
    [
      109.87921483923128,
      135.77136585282784
    ],
    [
      110.51009732049769,
      118.5272446982124
    ],
    [
      111.14097980176412,
      101.28312354359696
    ],
    [
      111.77186228303056,
      84.03900238898134
    ],
    [
      112.40274476429697,
      66.7948812343656
    ]
  ],
  "bboxes": [
    [
      167.28952063447593,
      31.591638779699096,
      19.30500392675259,
      25.36147574691028
    ],
    [
      62.81538173675599,
      95.56312238011456,
      94.25384270120387,
      9.841766707756236
    ]
  ],
  "categories": [
    5,
    7
  ],
  "control_points": []
}