{
  "image_path": "/home/quynhthu/Documents/AI-project/e2e/data/raw/values_1_mp4-113_jpg.rf.56984236a758b1bc77f0ccdd17ceab55.jpg",
  "command": 0,
  "waypoints": [
    [
      106.72480243289915,
      221.9919716259061
    ],
    [
      107.35568491416558,
      204.7478504712904
    ],
    [
      107.986567395432,
      187.50372931667468
    ],
    [
      108.61744987669842,
      170.25960816205895
    ],
    [
      109.24833235796488,
      153.01548700744328
    ],
    [
      109.87921483923128,
      135.77136585282784
    ],
    [
      110.51009732049769,
      118.52724469821244
    ],
    [
      111.14097980176412,
      101.283123543597
    ],
    [
      111.77186228303056,
      84.03900238898137
    ],
    [
      112.40274476429697,
      66.7948812343656
    ]
  ],
  "bboxes": [
    [
      65.46508815807498,
      93.29194544755545,
      90.84707730236515,
      9.463237218996369
    ]
  ],
  "categories": [
    7
  ],
  "control_points": []
}