{
  "image_path": "/home/quynhthu/Documents/AI-project/e2e/data/raw/values_3_mp4-24_jpg.rf.b0458e666a950568b178fb4106297a3c.jpg",
  "command": 0,
  "waypoints": [
    [
      84.69886553532324,
      224.0
    ],
    [
      86.33915998661595,
      208.68638358061474
    ],
    [
      87.97945443790864,
      193.37276716122946
    ],
    [
      89.61974888920135,
      178.05915074184415
    ],
    [
      91.26004334049411,
      162.74553432245884
    ],
    [
      92.90033779178675,
      147.43191790307364
    ],
    [
      94.54063224307947,
      132.11830148368847
    ],
    [
      96.18092669437218,
      116.80468506430334
    ],
    [
      97.82122114566488,
      101.4910686449182
    ],
    [
      99.46151559695757,
      86.17745222553287
    ]
  ],
  "bboxes": [
    [
      71.72900548568938,
      70.47892856121659,
      61.495948043880844,
      10.04015478267442
    ],
    [
      136.37660068724202,
      34.29668523831805,
      14.005591084114599,
      14.38412057287448
    ]
  ],
  "categories": [
    7,
    0
  ],
  "control_points": []
}