{
  "image_path": "/home/quynhthu/Documents/AI-project/e2e/data/raw/values_2_mp4-127_jpg.rf.3855249e0088db0192010b65b78c14e5.jpg",
  "command": 2,
  "waypoints": [
    [
      113.4671066810722,
      223.96218613412
    ],
    [
      117.71504872159946,
      207.39100629285525
    ],
    [
      121.96299076212672,
      190.81982645159053
    ],
    [
      126.21093280265393,
      174.24864661032578
    ],
    [
      130.45887484318126,
      157.67746676906106
    ],
    [
      134.70681688370848,
      141.10628692779628
    ],
    [
      138.95475892423573,
      124.53510708653153
    ],
    [
      143.202700964763,
      107.96392724526679
    ],
    [
      147.4506430052903,
      91.392747404002
    ],
    [
      151.69858504581754,
      74.82156756273723
    ]
  ],
  "bboxes": [
    [
      130.1224041865058,
      61.194505967382476,
      49.58736302754099,
      6.056471820157675
    ]
  ],
  "categories": [
    7
  ],
  "control_points": [
    [
      113.4671066810722,
      223.96218613412
    ],
    [
      126.08349454143816,
      174.74578200556368
    ],
    [
      138.69988240180413,
      125.52937787700736
    ],
    [
      151.69858504581754,
      74.82156756273723
    ]
  ]
}