{
  "image_path": "/home/quynhthu/Documents/AI-project/e2e/data/raw/values_1_mp4-18_jpg.rf.b284bf16ac21230e0c6a929f0f95ff02.jpg",
  "command": 0,
  "waypoints": [
    [
      123.68740287758828,
      223.20512715660033
    ],
    [
      122.8462262358997,
      205.6665941773937
    ],
    [
      122.00504959421116,
      188.1280611981871
    ],
    [
      121.16387295252257,
      170.5895282189805
    ],
    [
      120.32269631083405,
      153.0509952397739
    ],
    [
      119.48151966914544,
      135.51246226056728
    ],
    [
      118.64034302745688,
      117.97392928136068
    ],
    [
      117.79916638576832,
      100.43539630215407
    ],
    [
      116.95798974407974,
      82.8968633229474
    ],
    [
      116.11681310239118,
      65.35833034374087
    ]
  ],
  "bboxes": [
    [
      142.61387731558102,
      33.18332379915322,
      7.570589775197078,
      13.627061595354775
    ],
    [
      142.61387731558102,
      39.99685459683061,
      40.50265529730444,
      16.27676801667375
    ]
  ],
  "categories": [
    8,
    3
  ],
  "control_points": []
}