{
  "image_path": "/home/quynhthu/Documents/AI-project/e2e/data/raw/values_2_mp4-124_jpg.rf.e532d79aa14d74a6f462a4ff6d1f4ffe.jpg",
  "command": 0,
  "waypoints": [
    [
      113.4671066810722,
      223.96218613412
    ],
    [
      118.21975470661262,
      207.60130045327742
    ],
    [
      122.972402732153,
      191.2404147724348
    ],
    [
      127.72505075769337,
      174.87952909159216
    ],
    [
      132.4776987832338,
      158.51864341074963
    ],
    [
      137.2303468087742,
      142.15775772990702
    ],
    [
      141.9829948343146,
      125.7968720490644
    ],
    [
      146.73564285985498,
      109.43598636822176
    ],
    [
      151.4882908853954,
      93.0751006873791
    ],
    [
      156.2409389109358,
      76.7142150065365
    ]
  ],
  "bboxes": [
    [
      139.96417089426203,
      61.194505967382476,
      40.881184786064324,
      5.677942331397823
    ]
  ],
  "categories": [
    7
  ],
  "control_points": []
}