{
  "image_path": "/home/quynhthu/Documents/AI-project/e2e/data/raw/values_3_mp4-22_jpg.rf.5c69e0e125d975bf601523185a8713c9.jpg",
  "command": 0,
  "waypoints": [
    [
      77.50680524888601,
      219.41983226900174
    ],
    [
      79.65180568519186,
      204.4468880469453
    ],
    [
      81.7968061214977,
      189.47394382488883
    ],
    [
      83.9418065578035,
      174.50099960283237
    ],
    [
      86.0868069941094,
      159.5280553807759
    ],
    [
      88.23180743041523,
      144.5551111587194
    ],
    [
      90.37680786672107,
      129.5821669366629
    ],
    [
      92.52180830302692,
      114.60922271460637
    ],
    [
      94.66680873933275,
      99.63627849254985
    ],
    [
      96.81180917563859,
      84.66333427049346
    ]
  ],
  "bboxes": [
    [
      67.28650905236992,
      69.90068420885913,
      62.83589513413588,
      6.813530797677373
    ]
  ],
  "categories": [
    7
  ],
  "control_points": []
}