{
  "image_path": "/home/quynhthu/Documents/AI-project/e2e/data/raw/values_1_mp4-93_jpg.rf.f39020624cf4e15175f73293c92aa4ff.jpg",
  "command": 2,
  "waypoints": [
    [
      110.43887077099338,
      222.06953869032074
    ],
    [
      110.90151792392209,
      204.32071155069195
    ],
    [
      111.36416507685081,
      186.57188441106317
    ],
    [
      111.82681222977949,
      168.82305727143452
    ],
    [
      112.28945938270824,
      151.07423013180585
    ],
    [
      112.75210653563693,
      133.32540299217717
    ],
    [
      113.21475368856564,
      115.57657585254853
    ],
    [
      113.67740084149436,
      97.82774871291987
    ],
    [
      114.14004799442307,
      80.0789215732909
    ],
    [
      114.60269514735178,
      62.33009443366203
    ]
  ],
  "bboxes": [
    [
      89.24121940044151,
      66.8724482987803,
      49.58736302754096,
      6.813530797677373
    ]
  ],
  "categories": [
    7
  ],
  "control_points": []
}