{
  "image_path": "/home/quynhthu/Documents/AI-project/e2e/data/raw/Video_20260119_140111_output_frame_000780.jpg",
  "command": 0,
  "waypoints": [
    [
      175.46517313867545,
      201.85042328243037
    ],
    [
      172.9992914992156,
      189.63892865445226
    ],
    [
      170.6117953845744,
      177.41186046835742
    ],
    [
      168.28750066167063,
      165.17261230379313
    ],
    [
      166.00351288695862,
      152.92577056271332
    ],
    [
      163.7261557185923,
      140.67769255432492
    ],
    [
      161.40630780699706,
      128.43760991189498
    ],
    [
      158.97254509831416,
      116.21973851647884
    ],
    [
      156.32155135662964,
      104.04735120184154
    ],
    [
      153.30630260385558,
      91.96051430362974
    ]
  ],
  "bboxes": [],
  "categories": [],
  "control_points": [
    [
      175.46517313867545,
      201.85042328243037
    ],
    [
      165.516292490389,
      153.46268558394613
    ],
    [
      160.54185216624575,
      118.64160331494347
    ],
    [
      153.30630260385558,
      91.96051430362975
    ]
  ]
}