{
  "image_path": "/home/quynhthu/Documents/AI-project/e2e/data/raw/Video_19700101_085820_output_frame_001160_dup1.jpg",
  "command": 3,
  "waypoints": [
    [
      107.21811322820223,
      203.64599154107117
    ],
    [
      107.08956584196405,
      191.32010375146547
    ],
    [
      106.94546892879701,
      178.99438878604641
    ],
    [
      106.78004140064903,
      166.66894279227918
    ],
    [
      106.58417321876505,
      154.34394576898367
    ],
    [
      106.34192385516573,
      142.0197812160349
    ],
    [
      106.02326413614621,
      129.69737931103506
    ],
    [
      105.57606877733517,
      117.37900365624245
    ],
    [
      104.9743304194852,
      105.06717617559293
    ],
    [
      104.35380248515659,
      92.75624706030408
    ]
  ],
  "bboxes": [
    [
      116.27346814615564,
      73.44960765424631,
      2.341847227826463,
      4.795210990311276
    ]
  ],
  "categories": [
    8
  ],
  "control_points": []
}