{
  "image_path": "/home/quynhthu/Documents/AI-project/e2e/data/raw/Video_19700101_085820_output_frame_002180.jpg",
  "command": 3,
  "waypoints": [
    [
      101.26074603670938,
      184.20829395843302
    ],
    [
      103.84499397317475,
      174.69393239774044
    ],
    [
      106.43609143811334,
      165.18143447612744
    ],
    [
      109.04266962969169,
      155.6731691696378
    ],
    [
      111.68192374968838,
      146.17393192017306
    ],
    [
      114.38913886090634,
      136.6938825762986
    ],
    [
      117.23794593782162,
      127.25557227007376
    ],
    [
      120.35292705187477,
      117.90196717233677
    ],
    [
      123.80034100122474,
      108.66563651697322
    ],
    [
      127.4487299731267,
      99.50653341408322
    ]
  ],
  "bboxes": [
    [
      148.39626004916605,
      71.12707155153294,
      5.21187685380437,
      8.438276810921366
    ]
  ],
  "categories": [
    0
  ],
  "control_points": []
}