{
  "image_path": "/home/quynhthu/Documents/AI-project/e2e/data/raw/Video_19700101_085820_output_frame_000530.jpg",
  "command": 0,
  "waypoints": [
    [
      80.48929663608563,
      216.1223241590214
    ],
    [
      80.54277442466221,
      201.91536368231357
    ],
    [
      79.69158655650781,
      187.73496127459316
    ],
    [
      77.69797995447942,
      173.67151097837296
    ],
    [
      74.25242271450217,
      159.89513058816388
    ],
    [
      68.97694671220935,
      146.71691834515153
    ],
    [
      61.51212186568788,
      134.65286393310342
    ],
    [
      51.71489688428994,
      124.40186659653457
    ],
    [
      39.89493349087109,
      116.56817794759887
    ],
    [
      26.71559633027523,
      111.31498470948011
    ]
  ],
  "bboxes": [],
  "categories": [],
  "control_points": [
    [
      80.48929663608563,
      216.1223241590214
    ],
    [
      82.54434250764525,
      150.70336391437309
    ],
    [
      60.281345565749234,
      121.24770642201834
    ],
    [
      26.71559633027523,
      111.31498470948011
    ]
  ]
}