{
  "image_path": "/home/quynhthu/Documents/AI-project/e2e/data/raw/Video_19700101_085820_output_frame_002400.jpg",
  "command": 0,
  "waypoints": [
    [
      119.96630633101265,
      165.38510268800422
    ],
    [
      121.46585379353643,
      155.791443088194
    ],
    [
      122.1391328882774,
      146.10842169093007
    ],
    [
      121.42507634074754,
      136.4358758186782
    ],
    [
      118.65690166317846,
      127.15508489131118
    ],
    [
      113.35968348597969,
      119.06349893662757
    ],
    [
      105.84978811892351,
      112.96076779233073
    ],
    [
      97.03205649743016,
      108.9368275790175
    ],
    [
      87.62202207964359,
      106.5723591414935
    ],
    [
      77.98458182960756,
      105.4112105431398
    ]
  ],
  "bboxes": [],
  "categories": [],
  "control_points": [
    [
      119.96630633101265,
      165.38510268800422
    ],
    [
      123.96456580733694,
      143.3946755682206
    ],
    [
      127.96282528366122,
      108.90968758492356
    ],
    [
      77.98458182960755,
      105.4112105431398
    ]
  ]
}