{
  "image_path": "/home/quynhthu/Documents/AI-project/e2e/data/raw/Video_19700101_085820_output_frame_001130_dup2.jpg",
  "command": 1,
  "waypoints": [
    [
      110.77261929953399,
      185.27259431566674
    ],
    [
      111.07621553477287,
      169.37952189679203
    ],
    [
      110.77632874230572,
      153.48824463248658
    ],
    [
      109.2898383773632,
      137.67104006793335
    ],
    [
      105.36326307001391,
      122.30923927843027
    ],
    [
      96.69748194425541,
      109.1043489129565
    ],
    [
      83.01573909691244,
      101.20781488470159
    ],
    [
      67.48639303740609,
      97.99493928086386
    ],
    [
      51.62082309908922,
      97.16213086831365
    ],
    [
      35.729441965034326,
      97.49887796906447
    ]
  ],
  "bboxes": [
    [
      168.3950590385248,
      51.93694887311825,
      15.075638303805704,
      52.59722697105557
    ],
    [
      70.90593134058103,
      118.60477159439252,
      90.1188156383054,
      8.710368797754413
    ]
  ],
  "categories": [
    12,
    7
  ],
  "control_points": []
}