{
  "image_path": "/home/quynhthu/Documents/AI-project/e2e/data/raw/Video_20260119_140111_output_frame_000670.jpg",
  "command": 0,
  "waypoints": [
    [
      63.314154921627924,
      205.92041991127485
    ],
    [
      65.92295203615025,
      194.1459251550599
    ],
    [
      68.57667170830561,
      182.38147647294397
    ],
    [
      71.2834926484075,
      170.6291359341312
    ],
    [
      74.05509291090539,
      158.89190967331288
    ],
    [
      76.9035328771947,
      147.1731016659228
    ],
    [
      79.83431875855801,
      135.47461187101635
    ],
    [
      82.78936077017569,
      123.78222537686224
    ],
    [
      85.41940552567372,
      112.0140314760826
    ],
    [
      87.28191284704533,
      100.10050756131868
    ]
  ],
  "bboxes": [],
  "categories": [],
  "control_points": [
    [
      63.314154921627924,
      205.92041991127485
    ],
    [
      81.40302882760332,
      123.61604363908671
    ],
    [
      84.11635991349965,
      124.52048733438548
    ],
    [
      87.28191284704533,
      100.10050756131868
    ]
  ]
}