{
  "image_path": "/home/quynhthu/Documents/AI-project/e2e/data/raw/Video_19700101_085820_output_frame_000940_dup1.jpg",
  "command": 3,
  "waypoints": [
    [
      117.5711447603922,
      204.67904984255898
    ],
    [
      120.3700785534161,
      191.9046315817901
    ],
    [
      123.16347632205168,
      179.12900162184152
    ],
    [
      125.95125375063478,
      166.35214405986167
    ],
    [
      128.73377819865783,
      153.5741414556278
    ],
    [
      131.5124452958178,
      140.7952994292779
    ],
    [
      134.29153913060364,
      128.01655025482526
    ],
    [
      137.08494364636385,
      115.24092457012222
    ],
    [
      139.95371183850187,
      102.48209120220591
    ],
    [
      143.48850013229304,
      89.90219033842676
    ]
  ],
  "bboxes": [],
  "categories": [],
  "control_points": [
    [
      117.5711447603922,
      204.67904984255898
    ],
    [
      139.41577285956572,
      105.08235562768296
    ],
    [
      140.52651666121864,
      97.677396949997
    ],
    [
      143.48850013229304,
      89.90219033842676
    ]
  ]
}