{
  "image_path": "/home/quynhthu/Documents/AI-project/e2e/data/raw/Video_19700101_085820_output_frame_002470.jpg",
  "command": 1,
  "waypoints": [
    [
      132.96064962906658,
      178.8792284205987
    ],
    [
      121.50249927463285,
      172.11020944703853
    ],
    [
      109.9121949655651,
      165.57084390113272
    ],
    [
      98.0783928832014,
      159.48503332767078
    ],
    [
      85.92751712550987,
      154.06167435609126
    ],
    [
      73.47232358505413,
      149.37889226730255
    ],
    [
      60.78609836744728,
      145.36170597915162
    ],
    [
      47.94614868121571,
      141.86470128797802
    ],
    [
      35.00865639364132,
      138.74646890867078
    ],
    [
      22.008949161067424,
      135.89793905011254
    ]
  ],
  "bboxes": [],
  "categories": [],
  "control_points": [
    [
      132.96064962906658,
      178.8792284205987
    ],
    [
      96.97631434214796,
      157.38858373535564
    ],
    [
      78.98414669868862,
      147.89271747908543
    ],
    [
      22.008949161067424,
      135.89793905011254
    ]
  ]
}