{
  "image_path": "/home/quynhthu/Documents/AI-project/e2e/data/raw/Video_19700101_085820_output_frame_000900_dup1.jpg",
  "command": 0,
  "waypoints": [
    [
      137.41077063126136,
      217.15866286969072
    ],
    [
      131.67054873282072,
      205.58269901508223
    ],
    [
      126.08793578814327,
      193.930032222183
    ],
    [
      120.733620246726,
      182.1709015159379
    ],
    [
      115.71886122596747,
      170.26345949042351
    ],
    [
      111.23943475614253,
      158.14575945560932
    ],
    [
      107.66616357418255,
      145.7348349823764
    ],
    [
      105.77577100192148,
      132.9738993888135
    ],
    [
      107.16218480270625,
      120.18434379528324
    ],
    [
      113.43523546306562,
      108.92624696755004
    ]
  ],
  "bboxes": [
    [
      102.13248316948764,
      96.93847938345219,
      38.703363914373114,
      8.90519877675841
    ]
  ],
  "categories": [
    7
  ],
  "control_points": []
}