{
  "image_path": "/home/quynhthu/Documents/AI-project/e2e/data/raw/Video_20260119_140111_output_frame_000590.jpg",
  "command": 0,
  "waypoints": [
    [
      117.58077663955416,
      190.54487709119573
    ],
    [
      116.69279142725307,
      178.69437677846784
    ],
    [
      115.87993734414087,
      166.83848551958343
    ],
    [
      115.13281701457112,
      154.97826165187985
    ],
    [
      114.41352579822993,
      143.11630750691964
    ],
    [
      113.62287967460439,
      131.2589761079688
    ],
    [
      112.5770291609743,
      119.42182289430514
    ],
    [
      111.0832127356227,
      107.63326367602406
    ],
    [
      109.09826346569977,
      95.91722092887619
    ],
    [
      106.7274522959689,
      84.2727428935902
    ]
  ],
  "bboxes": [],
  "categories": [],
  "control_points": [
    [
      117.58077663955416,
      190.54487709119573
    ],
    [
      113.0585581630603,
      132.66048059207444
    ],
    [
      114.86744555365784,
      121.80715624848918
    ],
    [
      106.7274522959689,
      84.2727428935902
    ]
  ]
}