{
  "image_path": "/home/quynhthu/Documents/AI-project/e2e/data/raw/Video_19700101_085820_output_frame_001170.jpg",
  "command": 2,
  "waypoints": [
    [
      107.21811322820223,
      203.64599154107117
    ],
    [
      113.58053920150779,
      188.57731814563013
    ],
    [
      121.57115122613138,
      174.31644672519457
    ],
    [
      131.7823308246671,
      161.56676924728686
    ],
    [
      144.53701591522957,
      151.3773123966125
    ],
    [
      159.32080020348323,
      144.44109537703713
    ],
    [
      175.14432652483632,
      140.34828099744115
    ],
    [
      191.34485365888176,
      138.11012675933054
    ],
    [
      207.65769480453474,
      136.8879766300452
    ],
    [
      224.0,
      136.13009545499526
    ]
  ],
  "bboxes": [
    [
      120.06503032454131,
      73.3380911195879,
      2.78791336646006,
      4.906727524969682
    ]
  ],
  "categories": [
    8
  ],
  "control_points": []
}