{
  "image_path": "/home/quynhthu/Documents/AI-project/e2e/data/raw/Video_19700101_085820_output_frame_002720.jpg",
  "command": 0,
  "waypoints": [
    [
      142.9052001079197,
      188.73598970059817
    ],
    [
      142.17520386785188,
      178.2155845230829
    ],
    [
      141.18376700683623,
      167.71693075814187
    ],
    [
      139.73126435956934,
      157.27304142040063
    ],
    [
      137.51894160997443,
      146.96561265094553
    ],
    [
      134.19212624674742,
      136.9657322555409
    ],
    [
      129.5437181957128,
      127.50912728011627
    ],
    [
      123.71060913573241,
      118.7304914266885
    ],
    [
      117.05145582910336,
      110.556591070064
    ],
    [
      109.8930052295146,
      102.813838647215
    ]
  ],
  "bboxes": [],
  "categories": [],
  "control_points": [
    [
      142.9052001079197,
      188.73598970059817
    ],
    [
      140.1918690220234,
      144.41824863095846
    ],
    [
      135.66965054552955,
      129.49492765852872
    ],
    [
      109.8930052295146,
      102.813838647215
    ]
  ]
}