{
  "image_path": "/home/quynhthu/Documents/AI-project/e2e/data/raw/Video_19700101_085820_output_frame_000590.jpg",
  "command": 0,
  "waypoints": [
    [
      86.31192660550458,
      223.31498470948011
    ],
    [
      87.86519762180725,
      211.0429797827828
    ],
    [
      88.94707893240853,
      198.7209756055735
    ],
    [
      89.52940007492342,
      186.3653704748385
    ],
    [
      89.58558077867256,
      173.9962830918556
    ],
    [
      89.08223661371963,
      161.6374497445075
    ],
    [
      87.98195086643973,
      149.31758830734037
    ],
    [
      86.23670814032329,
      137.07271500481892
    ],
    [
      83.77934422910316,
      124.951191101353
    ],
    [
      80.48929663608563,
      113.0275229357798
    ]
  ],
  "bboxes": [
    [
      14.38532110091743,
      78.43425076452598,
      19.18042813455657,
      13.357798165137623
    ]
  ],
  "categories": [
    3
  ],
  "control_points": []
}