{
  "image_path": "/home/quynhthu/Documents/AI-project/e2e/data/raw/Video_19700101_085820_output_frame_002580.jpg",
  "command": 1,
  "waypoints": [
    [
      167.77740172863594,
      201.398201434781
    ],
    [
      165.11789267018963,
      184.95884950766433
    ],
    [
      162.22829289569373,
      168.55864190125115
    ],
    [
      158.80051151662468,
      152.26372612604527
    ],
    [
      154.14984069348645,
      136.2823109962768
    ],
    [
      146.6877455102182,
      121.45328846686932
    ],
    [
      134.30560582812734,
      110.5436074439981
    ],
    [
      118.58265114156845,
      105.23889326631485
    ],
    [
      102.0893737448397,
      102.99978522384475
    ],
    [
      85.47302545644777,
      101.90939495191621
    ]
  ],
  "bboxes": [],
  "categories": [],
  "control_points": [
    [
      167.77740172863594,
      201.398201434781
    ],
    [
      153.75852445150497,
      112.76271929550147
    ],
    [
      149.2363059750111,
      105.07494788546192
    ],
    [
      85.4730254564478,
      101.90939495191621
    ]
  ]
}