{
  "image_path": "/home/quynhthu/Documents/AI-project/e2e/data/raw/Video_19700101_085820_output_frame_001540.jpg",
  "command": 0,
  "waypoints": [
    [
      124.98511926230084,
      184.8554923740965
    ],
    [
      132.89818498181873,
      175.05290391279698
    ],
    [
      141.0445289126822,
      165.44348177110376
    ],
    [
      149.4691357257835,
      156.07728490023294
    ],
    [
      158.21100588062674,
      147.0067210239055
    ],
    [
      167.2940437574382,
      138.2779858715646
    ],
    [
      176.71885099898043,
      129.91945784653723
    ],
    [
      186.4625277595795,
      121.93476476805014
    ],
    [
      196.48369280823366,
      114.30095398987216
    ],
    [
      206.73218104114946,
      106.97484567938268
    ]
  ],
  "bboxes": [],
  "categories": [],
  "control_points": [
    [
      124.98511926230084,
      184.8554923740965
    ],
    [
      152.05002485124396,
      150.6101016289032
    ],
    [
      174.14382533201385,
      129.6209911721718
    ],
    [
      206.73218104114946,
      106.97484567938268
    ]
  ]
}