{
  "image_path": "/home/quynhthu/Documents/AI-project/e2e/data/raw/Video_19700101_085820_output_frame_002550_dup2.jpg",
  "command": 3,
  "waypoints": [
    [
      142.95629831987733,
      196.3716136295175
    ],
    [
      143.0257400522001,
      184.3765245013252
    ],
    [
      143.1010803223441,
      172.38147105925287
    ],
    [
      143.18298704779983,
      160.38646068759408
    ],
    [
      143.27208725945488,
      148.39150162004537
    ],
    [
      143.3688450834001,
      136.3966018790116
    ],
    [
      143.4728059992646,
      124.40176230850422
    ],
    [
      143.57941954452752,
      112.40694680536332
    ],
    [
      143.66035094429077,
      100.41204845268875
    ],
    [
      143.45608075441788,
      88.41860776876155
    ]
  ],
  "bboxes": [
    [
      89.4795778240399,
      113.90751193032892,
      105.95387612259381,
      20.491079816162028
    ]
  ],
  "categories": [
    7
  ],
  "control_points": []
}