{
  "image_path": "/home/quynhthu/Documents/AI-project/e2e/data/raw/Video_19700101_085820_output_frame_000980.jpg",
  "command": 3,
  "waypoints": [
    [
      117.39415142159264,
      216.95589668384685
    ],
    [
      117.13358483362562,
      203.25753891643814
    ],
    [
      116.87301824565863,
      189.55918114902948
    ],
    [
      116.61245165769157,
      175.86082338162083
    ],
    [
      116.3518850697246,
      162.16246561421215
    ],
    [
      116.09131848175757,
      148.4641078468035
    ],
    [
      115.83075189379056,
      134.76575007939482
    ],
    [
      115.57018530582356,
      121.06739231198617
    ],
    [
      115.30961871785655,
      107.36903454457752
    ],
    [
      115.04905212988952,
      93.67067677716881
    ]
  ],
  "bboxes": [
    [
      129.6666516920766,
      68.71343960747595,
      5.553719008264437,
      14.809917355371894
    ]
  ],
  "categories": [
    12
  ],
  "control_points": []
}