{
  "image_path": "/home/quynhthu/Documents/AI-project/e2e/data/raw/Video_19700101_085820_output_frame_002360.jpg",
  "command": 0,
  "waypoints": [
    [
      117.9671765928505,
      166.88444999162581
    ],
    [
      109.0406462222709,
      160.48349022861106
    ],
    [
      100.4029848205956,
      153.69842188645066
    ],
    [
      92.1183019506521,
      146.48676959476865
    ],
    [
      84.1752764458357,
      138.8997978153364
    ],
    [
      76.47106721577201,
      131.06970763424573
    ],
    [
      68.87616834155456,
      123.13326518250832
    ],
    [
      61.29511367487047,
      115.18357180092184
    ],
    [
      53.67653165005009,
      107.2698592692685
    ],
    [
      45.99850601901319,
      99.41382132865336
    ]
  ],
  "bboxes": [],
  "categories": [],
  "control_points": [
    [
      117.9671765928505,
      166.88444999162581
    ],
    [
      88.97979538949936,
      146.89315261000434
    ],
    [
      79.9837115677697,
      133.8988093119504
    ],
    [
      45.99850601901319,
      99.41382132865336
    ]
  ]
}