{
  "image_path": "/home/quynhthu/Documents/AI-project/e2e/data/raw/Video_19700101_085820_output_frame_001180_dup2.jpg",
  "command": 3,
  "waypoints": [
    [
      114.86643565859197,
      203.83355168267582
    ],
    [
      113.97443437477156,
      191.79214543826933
    ],
    [
      113.14286937519935,
      179.7464246304354
    ],
    [
      112.38173450579953,
      167.69605412903675
    ],
    [
      111.70360880389165,
      155.64073543237888
    ],
    [
      111.12337354331616,
      143.58031968776197
    ],
    [
      110.65805362483478,
      131.51493583411715
    ],
    [
      110.32138202627303,
      119.44527783869482
    ],
    [
      110.10155209497174,
      107.37289422655921
    ],
    [
      109.89199533444875,
      95.3003082468234
    ]
  ],
  "bboxes": [
    [
      123.41052636429337,
      72.7805084462959,
      3.457012574410456,
      5.4643101982616855
    ]
  ],
  "categories": [
    8
  ],
  "control_points": []
}