{
  "image_path": "/home/quynhthu/Documents/AI-project/e2e/data/raw/Video_19700101_085820_output_frame_000770.jpg",
  "command": 1,
  "waypoints": [
    [
      40.75840978593272,
      192.83180428134557
    ],
    [
      48.06523955147808,
      182.93713897383623
    ],
    [
      55.37206931702344,
      173.0424736663269
    ],
    [
      62.67889908256876,
      163.14780835881754
    ],
    [
      69.98572884811419,
      153.25314305130823
    ],
    [
      77.29255861365954,
      143.35847774379883
    ],
    [
      84.59938837920487,
      133.46381243628954
    ],
    [
      91.90621814475026,
      123.56914712878016
    ],
    [
      99.21304791029564,
      113.67448182127079
    ],
    [
      106.51987767584097,
      103.77981651376146
    ]
  ],
  "bboxes": [
    [
      139.4006116207951,
      83.91437308868501,
      32.88073394495413,
      36.990825688073386
    ]
  ],
  "categories": [
    3
  ],
  "control_points": []
}