{
  "image_path": "/home/quynhthu/Documents/AI-project/e2e/data/raw/Video_19700101_085820_output_frame_002440.jpg",
  "command": 0,
  "waypoints": [
    [
      124.46434824187747,
      162.88619051530154
    ],
    [
      118.45116091131828,
      152.17970194877577
    ],
    [
      112.34311228201565,
      141.5322820240929
    ],
    [
      103.92469362374307,
      132.66206796677548
    ],
    [
      93.23469531334293,
      126.67837031340883
    ],
    [
      81.5839607626528,
      122.81797998147688
    ],
    [
      69.587364434024,
      120.19392998528161
    ],
    [
      57.448640401616096,
      118.32225986544206
    ],
    [
      45.24351268295216,
      116.94276893810007
    ],
    [
      33.004162720959236,
      115.90664166849108
    ]
  ],
  "bboxes": [],
  "categories": [],
  "control_points": [
    [
      124.46434824187747,
      162.88619051530154
    ],
    [
      108.97109277112082,
      138.39685122281523
    ],
    [
      114.96848198560727,
      121.90403088297752
    ],
    [
      33.004162720959236,
      115.90664166849108
    ]
  ]
}