{
  "image_path": "/home/quynhthu/Documents/AI-project/e2e/data/raw/Video_19700101_085820_output_frame_001980.jpg",
  "command": 2,
  "waypoints": [
    [
      100.44237153869632,
      200.57578391869387
    ],
    [
      106.2663809578857,
      185.90151864532584
    ],
    [
      113.22173116683554,
      171.7324210117498
    ],
    [
      121.83106533489097,
      158.51311410585384
    ],
    [
      132.6627831004087,
      147.06459746701506
    ],
    [
      145.8100464447426,
      138.3862691127517
    ],
    [
      160.51936725712602,
      132.7070626593497
    ],
    [
      175.91385060103144,
      129.22919629760125
    ],
    [
      191.54146126922222,
      126.98119106464044
    ],
    [
      207.24024352939827,
      125.28533010149404
    ]
  ],
  "bboxes": [],
  "categories": [],
  "control_points": [
    [
      100.44237153869632,
      200.57578391869387
    ],
    [
      123.76604473206802,
      136.3333858246701
    ],
    [
      149.95402866848534,
      131.01395158758532
    ],
    [
      207.24024352939827,
      125.28533010149404
    ]
  ]
}