{
  "image_path": "/home/quynhthu/Documents/AI-project/e2e/data/raw/Video_19700101_085820_output_frame_000800.jpg",
  "command": 0,
  "waypoints": [
    [
      74.32415902140673,
      187.69418960244647
    ],
    [
      79.9184505606524,
      178.75093442065918
    ],
    [
      85.51274209989809,
      169.80767923887186
    ],
    [
      91.10703363914372,
      160.86442405708453
    ],
    [
      96.70132517838942,
      151.9211688752973
    ],
    [
      102.29561671763507,
      142.97791369351003
    ],
    [
      107.8899082568807,
      134.03465851172277
    ],
    [
      113.4841997961264,
      125.09140332993542
    ],
    [
      119.07849133537205,
      116.14814814814817
    ],
    [
      124.67278287461772,
      107.20489296636084
    ]
  ],
  "bboxes": [
    [
      167.82874617737002,
      95.90214067278286,
      53.773700305810394,
      92.81957186544342
    ]
  ],
  "categories": [
    3
  ],
  "control_points": []
}