{
  "image_path": "/home/quynhthu/Documents/AI-project/e2e/data/raw/Video_19700101_085820_output_frame_000810.jpg",
  "command": 0,
  "waypoints": [
    [
      84.59938837920488,
      200.70948012232415
    ],
    [
      88.86170574243968,
      190.12979952429492
    ],
    [
      93.12402310567447,
      179.55011892626572
    ],
    [
      97.38634046890924,
      168.97043832823647
    ],
    [
      101.6486578321441,
      158.39075773020727
    ],
    [
      105.91097519537887,
      147.811077132178
    ],
    [
      110.17329255861367,
      137.2313965341488
    ],
    [
      114.43560992184845,
      126.65171593611959
    ],
    [
      118.69792728508327,
      116.07203533809039
    ],
    [
      122.96024464831804,
      105.49235474006116
    ]
  ],
  "bboxes": [
    [
      172.9663608562691,
      99.32721712538226,
      45.55351681957188,
      104.80733944954129
    ]
  ],
  "categories": [
    3
  ],
  "control_points": []
}