{
  "image_path": "/home/quynhthu/Documents/AI-project/e2e/data/raw/Video_19700101_085820_output_frame_001130.jpg",
  "command": 0,
  "waypoints": [
    [
      113.45273277576611,
      187.61769360736986
    ],
    [
      113.7395896471115,
      179.76476058309
    ],
    [
      114.03750867999997,
      171.91223962758036
    ],
    [
      114.34212563462094,
      164.0599753025453
    ],
    [
      114.64485594623079,
      156.20763864322572
    ],
    [
      114.92976612786074,
      148.35464047760277
    ],
    [
      115.16894751184242,
      140.50013663894035
    ],
    [
      115.31794115695014,
      132.64345551768307
    ],
    [
      115.32006417796161,
      124.78544113079784
    ],
    [
      115.1278036984112,
      116.92970067174743
    ]
  ],
  "bboxes": [
    [
      168.06004485399578,
      52.94199142670529,
      16.080680857392764,
      50.58714186388146
    ],
    [
      72.2459880786971,
      117.59972904080544,
      87.77371634660228,
      12.06051064304458
    ]
  ],
  "categories": [
    12,
    7
  ],
  "control_points": []
}