{
  "image_path": "/home/quynhthu/Documents/AI-project/e2e/data/raw/Video_20260119_140111_output_frame_000400.jpg",
  "command": 0,
  "waypoints": [
    [
      101.30079012417627,
      197.3282048059365
    ],
    [
      101.81931850145422,
      184.8745099950479
    ],
    [
      102.27102081451113,
      172.41822105257683
    ],
    [
      102.63426700303121,
      159.9590526568107
    ],
    [
      102.88633997760732,
      147.49715545409978
    ],
    [
      103.01117050458174,
      135.03334051459387
    ],
    [
      103.01457036093342,
      122.56888546011629
    ],
    [
      102.92854178616172,
      110.10470154319876
    ],
    [
      102.79723436364534,
      97.64089897779628
    ],
    [
      102.65745566712444,
      85.17718658888896
    ]
  ],
  "bboxes": [],
  "categories": [],
  "control_points": [
    [
      101.30079012417627,
      197.3282048059365
    ],
    [
      103.5618993624232,
      145.7749141739066
    ],
    [
      103.10967751477381,
      126.78159657263241
    ],
    [
      102.65745566712444,
      85.17718658888896
    ]
  ]
}