{
  "image_path": "/home/quynhthu/Documents/AI-project/e2e/data/raw/Video_19700101_085820_output_frame_001500.jpg",
  "command": 0,
  "waypoints": [
    [
      87.9780034570113,
      184.30314736207728
    ],
    [
      93.83433748013624,
      169.6000597847932
    ],
    [
      102.14925616852713,
      156.1558220564485
    ],
    [
      113.26795826704748,
      144.92954028001486
    ],
    [
      126.65352244032628,
      136.52165500723626
    ],
    [
      141.32236412596322,
      130.5974459357745
    ],
    [
      156.5820886187762,
      126.39247494710412
    ],
    [
      172.0999082153499,
      123.25305019236022
    ],
    [
      187.7328887201515,
      120.74058727186086
    ],
    [
      203.418110969034,
      118.57409093178688
    ]
  ],
  "bboxes": [],
  "categories": [],
  "control_points": []
}