{
  "image_path": "/home/quynhthu/Documents/AI-project/e2e/data/raw/Video_19700101_085820_output_frame_000450.jpg",
  "command": 0,
  "waypoints": [
    [
      108.91743119266054,
      222.2874617737003
    ],
    [
      109.01223623774065,
      208.11488082668717
    ],
    [
      108.73803094872362,
      193.94490955044208
    ],
    [
      107.94042833491024,
      179.79534010905908
    ],
    [
      106.36785392131159,
      165.7123466341114
    ],
    [
      103.591278836446,
      151.82091794500343
    ],
    [
      98.88845459952515,
      138.47125344924706
    ],
    [
      91.31110897759692,
      126.54616077654471
    ],
    [
      80.66572020928444,
      117.26061034286003
    ],
    [
      68.15902140672783,
      110.62996941896024
    ]
  ],
  "bboxes": [],
  "categories": [],
  "control_points": [
    [
      108.91743119266054,
      222.2874617737003
    ],
    [
      110.2874617737003,
      142.82568807339447
    ],
    [
      97.9571865443425,
      123.64525993883791
    ],
    [
      68.15902140672783,
      110.62996941896024
    ]
  ]
}