{
  "image_path": "/home/quynhthu/Documents/AI-project/e2e/data/raw/Video_19700101_085820_output_frame_002910.jpg",
  "command": 1,
  "waypoints": [
    [
      148.33186227971234,
      163.4115662322326
    ],
    [
      141.0745116042154,
      153.82511158453244
    ],
    [
      132.78684991588858,
      145.11838198410803
    ],
    [
      123.3923905410997,
      137.62323911674622
    ],
    [
      113.02435271282114,
      131.54407070000002
    ],
    [
      101.96766207322081,
      126.82365556357543
    ],
    [
      90.5038455005244,
      123.19221077012683
    ],
    [
      78.8220004315532,
      120.33125167492888
    ],
    [
      67.02709949203144,
      117.97493629836498
    ],
    [
      55.17416166393898,
      115.92827222904717
    ]
  ],
  "bboxes": [],
  "categories": [],
  "control_points": [
    [
      148.33186227971234,
      163.4115662322326
    ],
    [
      126.62521359254185,
      131.75603689677564
    ],
    [
      102.20523381947505,
      123.61604363908671
    ],
    [
      55.17416166393898,
      115.92827222904717
    ]
  ]
}