{
  "image_path": "/home/quynhthu/Documents/AI-project/e2e/data/raw/Video_19700101_085820_output_frame_002150_dup1.jpg",
  "command": 3,
  "waypoints": [
    [
      74.66357485128552,
      187.4817919504852
    ],
    [
      79.21462326084776,
      177.47389011423832
    ],
    [
      83.76268673204336,
      167.46463145057035
    ],
    [
      88.31491477548118,
      157.45726697167711
    ],
    [
      92.8863580814484,
      147.45867236488803
    ],
    [
      97.5117044336206,
      137.4849450447255
    ],
    [
      102.27744442375443,
      127.57787474253513
    ],
    [
      107.41903469126906,
      117.86234757351419
    ],
    [
      113.38120699885152,
      108.62920612819329
    ],
    [
      120.08335949100935,
      99.91572066308973
    ]
  ],
  "bboxes": [
    [
      140.20616785033062,
      70.13433310318925,
      7.6937229746635865,
      9.18283064717913
    ]
  ],
  "categories": [
    0
  ],
  "control_points": []
}