{
  "image_path": "/home/quynhthu/Documents/AI-project/e2e/data/raw/Video_19700101_085820_output_frame_001020.jpg",
  "command": 3,
  "waypoints": [
    [
      112.0,
      212.5
    ],
    [
      109.36308235816934,
      200.1600835536232
    ],
    [
      106.86546532269668,
      187.79127851777668
    ],
    [
      104.53896480594221,
      175.38919413988233
    ],
    [
      102.42699828289813,
      162.94885992407063
    ],
    [
      100.59165200954263,
      150.46486850515106
    ],
    [
      99.12632886973053,
      137.93237947261
    ],
    [
      98.18364149233705,
      125.35059600811712
    ],
    [
      98.04245047718483,
      112.73703386088172
    ],
    [
      99.30632111356421,
      100.18451398764124
    ]
  ],
  "bboxes": [
    [
      118.92946160943198,
      67.60269580582306,
      4.442975206611564,
      15.920661157024782
    ]
  ],
  "categories": [
    12
  ],
  "control_points": []
}