{
  "image_path": "/home/quynhthu/Documents/AI-project/e2e/data/raw/Video_19700101_085820_output_frame_001910.jpg",
  "command": 1,
  "waypoints": [
    [
      143.8580282666876,
      224.0
    ],
    [
      145.14418147908083,
      205.78643635676187
    ],
    [
      146.40677082811598,
      187.5712348092668
    ],
    [
      147.56682232149083,
      169.3492931109445
    ],
    [
      148.4571877303386,
      151.11264797048162
    ],
    [
      148.6812958084435,
      132.85941240120627
    ],
    [
      147.0022879993993,
      114.73450438628578
    ],
    [
      138.15940795784147,
      99.06055704463841
    ],
    [
      120.76376490352413,
      94.19421272784038
    ],
    [
      102.530116117029,
      93.63332773578809
    ]
  ],
  "bboxes": [
    [
      104.5760523620616,
      103.8630089609511,
      94.93144176951284,
      22.505298695358647
    ]
  ],
  "categories": [
    7
  ],
  "control_points": []
}