{
  "image_path": "/home/quynhthu/Documents/AI-project/e2e/data/raw/Video_19700101_085820_output_frame_001180.jpg",
  "command": 1,
  "waypoints": [
    [
      107.21811322820223,
      203.64599154107117
    ],
    [
      105.28396158392202,
      185.9427580210974
    ],
    [
      102.0074522338255,
      168.445950884108
    ],
    [
      96.28638127956664,
      151.61177880577728
    ],
    [
      86.49615117133794,
      136.81513922098813
    ],
    [
      72.19918452954744,
      126.32311763106107
    ],
    [
      55.41957445685736,
      120.48028709399223
    ],
    [
      37.846107351498,
      117.67693667022591
    ],
    [
      20.072432318033226,
      116.61085312687756
    ],
    [
      2.2631955938950825,
      116.55473508634451
    ]
  ],
  "bboxes": [
    [
      123.63355943361019,
      73.56112418890471,
      2.899429901118438,
      5.018244059628074
    ]
  ],
  "categories": [
    8
  ],
  "control_points": []
}