{
  "image_path": "/home/quynhthu/Documents/AI-project/e2e/data/raw/Video_19700101_085820_output_frame_001560.jpg",
  "command": 2,
  "waypoints": [
    [
      135.60060093580077,
      189.6594671768701
    ],
    [
      137.1772403600223,
      174.65120748030748
    ],
    [
      139.37065184627593,
      159.72180423372424
    ],
    [
      142.4342025214326,
      144.94840089588135
    ],
    [
      146.81300524791493,
      130.5161133009717
    ],
    [
      153.29089589005036,
      116.91636725098158
    ],
    [
      163.06844553877596,
      105.50859950512522
    ],
    [
      176.45640189463782,
      98.72563441869629
    ],
    [
      191.38942688317417,
      96.8746199460674
    ],
    [
      206.45180406002274,
      97.67703159882824
    ]
  ],
  "bboxes": [
    [
      115.82197216990257,
      96.74552076105635,
      61.83920742587016,
      10.912801310447676
    ]
  ],
  "categories": [
    7
  ],
  "control_points": []
}