{
  "image_path": "/home/quynhthu/Documents/AI-project/e2e/data/raw/Video_20260119_140111_output_frame_000410.jpg",
  "command": 0,
  "waypoints": [
    [
      101.30079012417627,
      197.3282048059365
    ],
    [
      101.85467510127516,
      185.1195630317661
    ],
    [
      102.44439976772938,
      172.9125994712429
    ],
    [
      103.06424577554112,
      160.70712631493646
    ],
    [
      103.69802927585759,
      148.50236690545472
    ],
    [
      104.31379419528794,
      136.29669055860245
    ],
    [
      104.86572844504774,
      124.08798284015796
    ],
    [
      105.31052816862645,
      111.87492746063336
    ],
    [
      105.6276780664815,
      99.65789551872685
    ],
    [
      105.82300860067014,
      87.43829582713589
    ]
  ],
  "bboxes": [],
  "categories": [],
  "control_points": [
    [
      101.30079012417627,
      197.3282048059365
    ],
    [
      103.5618993624232,
      145.7749141739066
    ],
    [
      105.37078675302074,
      126.78159657263241
    ],
    [
      105.82300860067014,
      87.43829582713589
    ]
  ]
}