{
  "image_path": "/home/quynhthu/Documents/AI-project/e2e/data/raw/Video_19700101_085820_output_frame_000780.jpg",
  "command": 1,
  "waypoints": [
    [
      45.55351681957186,
      196.25688073394494
    ],
    [
      52.89840299014612,
      186.1338769962623
    ],
    [
      60.243289160720344,
      176.01087325857966
    ],
    [
      67.58817533129458,
      165.88786952089703
    ],
    [
      74.93306150186882,
      155.76486578321447
    ],
    [
      82.27794767244303,
      145.6418620455318
    ],
    [
      89.62283384301726,
      135.51885830784917
    ],
    [
      96.96772001359156,
      125.39585457016652
    ],
    [
      104.31260618416583,
      115.27285083248384
    ],
    [
      111.65749235474006,
      105.14984709480122
    ]
  ],
  "bboxes": [
    [
      143.85321100917432,
      80.48929663608563,
      49.32110091743118,
      52.746177370030566
    ]
  ],
  "categories": [
    3
  ],
  "control_points": []
}