{
  "image_path": "/home/quynhthu/Documents/AI-project/e2e/data/raw/Video_20260119_140111_output_frame_000680.jpg",
  "command": 0,
  "waypoints": [
    [
      71.90637002696623,
      203.20708882537855
    ],
    [
      74.80953198674761,
      190.96862185174479
    ],
    [
      77.68051830727184,
      178.72256933937462
    ],
    [
      80.50701490250917,
      166.46617658640668
    ],
    [
      83.26901654023979,
      154.19510092577167
    ],
    [
      85.93252068419847,
      141.90230204022336
    ],
    [
      88.43902182945891,
      129.57661399476933
    ],
    [
      90.71810922120495,
      117.20693159782878
    ],
    [
      92.82177150826789,
      104.80602160677343
    ],
    [
      94.96968425708488,
      92.41273615127913
    ]
  ],
  "bboxes": [],
  "categories": [],
  "control_points": [
    [
      71.90637002696623,
      203.20708882537855
    ],
    [
      90.44746578059103,
      125.42493102968426
    ],
    [
      89.54302208529226,
      122.71159994378793
    ],
    [
      94.96968425708488,
      92.41273615127913
    ]
  ]
}