{
  "image_path": "/home/quynhthu/Documents/AI-project/e2e/data/raw/Video_19700101_085820_output_frame_001960_dup1.jpg",
  "command": 3,
  "waypoints": [
    [
      69.34414061420075,
      202.62172016372648
    ],
    [
      69.34106522971717,
      190.2736150294722
    ],
    [
      69.33617592676745,
      177.9255104139512
    ],
    [
      69.34106618412375,
      165.57740701340998
    ],
    [
      69.3809862830792,
      153.22937626997836
    ],
    [
      69.5127602999931,
      140.88203848864052
    ],
    [
      69.86443986522055,
      128.53929095725783
    ],
    [
      70.66636895890804,
      116.21839267016314
    ],
    [
      72.06158140960974,
      103.95039420841216
    ],
    [
      73.84520035327247,
      91.73197568295934
    ]
  ],
  "bboxes": [],
  "categories": [],
  "control_points": [
    [
      69.34414061420075,
      202.62172016372648
    ],
    [
      69.34414061420075,
      128.5588280935462
    ],
    [
      68.93495336519423,
      123.64858110546795
    ],
    [
      73.84520035327247,
      91.73197568295934
    ]
  ]
}