{
  "image_path": "/home/quynhthu/Documents/AI-project/e2e/data/raw/Video_19700101_085820_output_frame_001000.jpg",
  "command": 3,
  "waypoints": [
    [
      109.30301532844024,
      210.1481503512776
    ],
    [
      107.75932270222043,
      197.68021857491382
    ],
    [
      106.27439957589517,
      185.2051608029313
    ],
    [
      104.86095392581232,
      172.72180938377156
    ],
    [
      103.53442972176292,
      160.22893248579862
    ],
    [
      102.31337976701329,
      147.72532033149253
    ],
    [
      101.21949504656644,
      135.20996140932255
    ],
    [
      100.27662761026191,
      122.68234433909548
    ],
    [
      99.50891170365358,
      110.14280012870601
    ],
    [
      98.93607317967992,
      97.59277845045115
    ]
  ],
  "bboxes": [
    [
      115.9674781383576,
      67.23244787193876,
      7.034710743801654,
      17.031404958677683
    ]
  ],
  "categories": [
    12
  ],
  "control_points": []
}