{
  "image_path": "/home/quynhthu/Documents/AI-project/e2e/data/raw/Video_19700101_085820_output_frame_003250.jpg",
  "command": 3,
  "waypoints": [
    [
      93.16079686648735,
      186.02265861470187
    ],
    [
      95.32558066236729,
      175.83834841666805
    ],
    [
      97.4318558837117,
      165.64178548740068
    ],
    [
      99.46106214055327,
      155.42961896590256
    ],
    [
      101.39184032756931,
      145.1984043004209
    ],
    [
      103.20550110931633,
      134.94579533584294
    ],
    [
      104.89541352603095,
      124.67206058620171
    ],
    [
      106.47569045706418,
      114.38086878099267
    ],
    [
      107.97869413594374,
      104.07808403406807
    ],
    [
      109.4407833818652,
      93.76940169422728
    ]
  ],
  "bboxes": [],
  "categories": [],
  "control_points": [
    [
      93.16079686648735,
      186.02265861470187
    ],
    [
      102.20523381947505,
      143.96602678330905
    ],
    [
      104.91856490537137,
      125.87715287733364
    ],
    [
      109.4407833818652,
      93.76940169422728
    ]
  ]
}