{
  "image_path": "/home/quynhthu/Documents/AI-project/e2e/data/raw/Video_20260119_140111_output_frame_000550.jpg",
  "command": 0,
  "waypoints": [
    [
      104.01412121007259,
      192.3537644817933
    ],
    [
      103.72196628283191,
      180.20771637617534
    ],
    [
      103.18040902757855,
      168.07031058323952
    ],
    [
      102.34258809116717,
      155.9498649974993
    ],
    [
      101.1507466020836,
      143.85924719746686
    ],
    [
      99.54512716676811,
      131.81676895690092
    ],
    [
      97.48260088016661,
      119.84415992366772
    ],
    [
      94.98606896166037,
      107.95422860692084
    ],
    [
      92.22429039916017,
      96.12261019720809
    ],
    [
      89.54302208529226,
      84.2727428935902
    ]
  ],
  "bboxes": [],
  "categories": [],
  "control_points": [
    [
      104.01412121007259,
      192.3537644817933
    ],
    [
      103.10967751477381,
      131.75603689677564
    ],
    [
      94.96968425708488,
      110.04938820960515
    ],
    [
      89.54302208529226,
      84.2727428935902
    ]
  ]
}