{
  "image_path": "/home/quynhthu/Documents/AI-project/e2e/data/raw/Video_20260119_140111_output_frame_000290.jpg",
  "command": 0,
  "waypoints": [
    [
      115.7718892489566,
      192.3537644817933
    ],
    [
      117.44112238614555,
      181.5856396248396
    ],
    [
      118.91891996549735,
      170.78962430547483
    ],
    [
      120.17354171050206,
      159.96545895860996
    ],
    [
      121.16999075663088,
      149.11454984169313
    ],
    [
      121.87576541268156,
      138.24093492263665
    ],
    [
      122.2656110198954,
      127.35145500301793
    ],
    [
      122.3342629867999,
      116.45519414008622
    ],
    [
      122.10820220882903,
      105.56096130007893
    ],
    [
      121.65077326839862,
      94.67384538952606
    ]
  ],
  "bboxes": [],
  "categories": [],
  "control_points": [
    [
      115.7718892489566,
      192.3537644817933
    ],
    [
      123.00743881134677,
      148.03602341215353
    ],
    [
      123.00743881134677,
      121.80715624848918
    ],
    [
      121.65077326839862,
      94.67384538952606
    ]
  ]
}