{
  "image_path": "/home/quynhthu/Documents/AI-project/e2e/data/raw/Video_19700101_085820_output_frame_001020_dup1.jpg",
  "command": 0,
  "waypoints": [
    [
      110.78400706397744,
      211.99939002069908
    ],
    [
      108.29975404544167,
      199.12086446562097
    ],
    [
      105.94194078547028,
      186.2186441418212
    ],
    [
      103.7529474661853,
      173.28676820730232
    ],
    [
      101.78918090906873,
      160.31888083975403
    ],
    [
      100.12741113986552,
      147.30903209637583
    ],
    [
      98.87464877290965,
      134.25381737895057
    ],
    [
      98.19171005878914,
      121.1572042777662
    ],
    [
      98.32455843438768,
      108.04527933935674
    ],
    [
      99.67656904744851,
      95.00104291326107
    ]
  ],
  "bboxes": [
    [
      118.55921367554768,
      67.60269580582306,
      5.183471074380165,
      17.031404958677683
    ]
  ],
  "categories": [
    12
  ],
  "control_points": []
}