{
  "image_path": "/home/quynhthu/Documents/AI-project/e2e/data/raw/Video_19700101_085820_output_frame_002080_dup1.jpg",
  "command": 2,
  "waypoints": [
    [
      28.425415713548677,
      221.85352086703293
    ],
    [
      29.99066796770144,
      204.34803556806418
    ],
    [
      32.29681005103885,
      186.92558144427753
    ],
    [
      35.66389764799666,
      169.67898269279868
    ],
    [
      40.62926248510623,
      152.82928488138978
    ],
    [
      48.09086881518629,
      136.94634848435112
    ],
    [
      59.18907262906336,
      123.40250116296076
    ],
    [
      73.9542954086073,
      113.9988973909923
    ],
    [
      90.6183459306918,
      108.48358744370303
    ],
    [
      107.8077420208137,
      104.825967651168
    ]
  ],
  "bboxes": [],
  "categories": [],
  "control_points": [
    [
      28.425415713548677,
      221.85352086703293
    ],
    [
      35.79078619566605,
      119.96589586440928
    ],
    [
      63.61551912810946,
      113.41889988030493
    ],
    [
      107.8077420208137,
      104.825967651168
    ]
  ]
}