{
  "image_path": "/home/quynhthu/Documents/AI-project/e2e/data/raw/Video_19700101_085820_output_frame_000820.jpg",
  "command": 0,
  "waypoints": [
    [
      89.0519877675841,
      200.70948012232415
    ],
    [
      92.21066938498132,
      190.09174311926606
    ],
    [
      95.36935100237852,
      179.47400611620796
    ],
    [
      98.52803261977569,
      168.85626911314984
    ],
    [
      101.68671423717298,
      158.23853211009177
    ],
    [
      104.84539585457016,
      147.62079510703364
    ],
    [
      108.00407747196738,
      137.00305810397552
    ],
    [
      111.16275908936458,
      126.38532110091744
    ],
    [
      114.3214407067618,
      115.76758409785934
    ],
    [
      117.48012232415901,
      105.14984709480122
    ]
  ],
  "bboxes": [],
  "categories": [],
  "control_points": [
    [
      89.0519877675841,
      200.70948012232415
    ],
    [
      98.43327217125382,
      169.1748012232416
    ],
    [
      107.81455657492354,
      137.640122324159
    ],
    [
      117.48012232415901,
      105.14984709480122
    ]
  ]
}