{
  "image_path": "/home/quynhthu/Documents/AI-project/e2e/data/raw/Video_19700101_085820_output_frame_001980_dup1.jpg",
  "command": 3,
  "waypoints": [
    [
      66.88901712016163,
      186.66341745247215
    ],
    [
      63.859090178471256,
      177.24346866610333
    ],
    [
      61.05432726657107,
      167.75437185783144
    ],
    [
      58.682203304143,
      158.1490986295785
    ],
    [
      57.076475498780255,
      148.38894373494622
    ],
    [
      56.529585307210326,
      138.5137775029885
    ],
    [
      56.91543610751467,
      128.62818035984478
    ],
    [
      57.80255062928468,
      118.77305729122777
    ],
    [
      58.86167842153279,
      108.93455907648384
    ],
    [
      59.932833887050776,
      99.09734616507671
    ]
  ],
  "bboxes": [],
  "categories": [],
  "control_points": [
    [
      66.88901712016163,
      186.66341745247215
    ],
    [
      53.38583790294644,
      145.74469255182007
    ],
    [
      55.43177414797904,
      141.24363281274836
    ],
    [
      59.932833887050776,
      99.09734616507671
    ]
  ]
}