{
  "image_path": "/home/quynhthu/Documents/AI-project/e2e/data/raw/Video_19700101_085820_output_frame_001320.jpg",
  "command": 1,
  "waypoints": [
    [
      115.75595295060016,
      189.7326359473411
    ],
    [
      115.52524892728562,
      171.0966090502495
    ],
    [
      114.14313350909057,
      152.51536995038353
    ],
    [
      110.7185104504892,
      134.21695361453743
    ],
    [
      103.37726331253398,
      117.16986070687858
    ],
    [
      89.8646279702692,
      104.52419104567602
    ],
    [
      72.27195976373294,
      98.62384549962633
    ],
    [
      53.747124008424336,
      96.7638362905969
    ],
    [
      35.112813467819336,
      96.55338211912225
    ],
    [
      16.477518809098076,
      96.89076821341676
    ]
  ],
  "bboxes": [
    [
      77.77718365620626,
      110.77390730538002,
      72.33790927054878,
      7.518265851152535
    ],
    [
      167.16691233488098,
      64.0613416328267,
      16.36920196567152,
      23.341269469568644
    ]
  ],
  "categories": [
    7,
    8
  ],
  "control_points": []
}