{
  "image_path": "/home/quynhthu/Documents/AI-project/e2e/data/raw/Video_20260119_140111_output_frame_000510.jpg",
  "command": 0,
  "waypoints": [
    [
      107.63189599126767,
      199.58931404418345
    ],
    [
      109.49733753833789,
      187.3046243978945
    ],
    [
      111.32004019742278,
      175.01353387572172
    ],
    [
      113.04107889090136,
      162.7078557005123
    ],
    [
      114.54941667391466,
      150.37452040046912
    ],
    [
      115.66087955108772,
      137.99968220990317
    ],
    [
      116.18158947626533,
      125.58649115109947
    ],
    [
      116.0931396273881,
      113.16225821204377
    ],
    [
      115.5858542849959,
      100.7474125477313
    ],
    [
      114.86744555365784,
      88.34273952243467
    ]
  ],
  "bboxes": [],
  "categories": [],
  "control_points": [
    [
      107.63189599126767,
      199.58931404418345
    ],
    [
      116.67633294425538,
      140.34825200211398
    ],
    [
      117.58077663955416,
      131.75603689677564
    ],
    [
      114.86744555365784,
      88.34273952243467
    ]
  ]
}