{
  "image_path": "/home/quynhthu/Documents/AI-project/e2e/data/raw/Video_19700101_085820_output_frame_001640.jpg",
  "command": 3,
  "waypoints": [
    [
      59.15512156326919,
      186.38789370204998
    ],
    [
      62.24065148059106,
      175.61405833646575
    ],
    [
      65.37123448437407,
      164.85323513517974
    ],
    [
      68.56993841383434,
      154.11248055703714
    ],
    [
      71.87154281691902,
      143.40294616820518
    ],
    [
      75.32379401719655,
      132.74109203322564
    ],
    [
      78.98072484310131,
      122.14778838179338
    ],
    [
      82.87427704858513,
      111.63917079807379
    ],
    [
      86.98207529993105,
      101.21233768772419
    ],
    [
      91.23447354977438,
      90.84353072121156
    ]
  ],
  "bboxes": [],
  "categories": [],
  "control_points": [
    [
      59.15512156326919,
      186.38789370204998
    ],
    [
      73.59479098475678,
      135.66392675990122
    ],
    [
      79.10787047558594,
      120.03720478870225
    ],
    [
      91.23447354977438,
      90.84353072121155
    ]
  ]
}