{
  "image_path": "/home/quynhthu/Documents/AI-project/e2e/data/raw/Video_19700101_085820_output_frame_000470.jpg",
  "command": 0,
  "waypoints": [
    [
      104.1223241590214,
      224.0
    ],
    [
      103.28212969929926,
      209.78247883554909
    ],
    [
      102.26440559309604,
      195.57665570226078
    ],
    [
      100.95321897837029,
      181.3951815136964
    ],
    [
      99.14573663826383,
      167.2692375561578
    ],
    [
      96.45907606664873,
      153.28679180266502
    ],
    [
      92.14690845363266,
      139.72878540454906
    ],
    [
      85.02774519033123,
      127.44573999249965
    ],
    [
      74.64128903640383,
      117.77321322870691
    ],
    [
      62.33639143730886,
      110.62996941896024
    ]
  ],
  "bboxes": [],
  "categories": [],
  "control_points": [
    [
      104.1223241590214,
      224.0
    ],
    [
      99.66972477064219,
      142.48318042813455
    ],
    [
      93.50458715596329,
      126.04281345565748
    ],
    [
      62.33639143730886,
      110.62996941896024
    ]
  ]
}