{
  "image_path": "/home/quynhthu/Documents/AI-project/e2e/data/raw/Video_19700101_085820_output_frame_002650.jpg",
  "command": 3,
  "waypoints": [
    [
      113.96300185835906,
      194.16265187239085
    ],
    [
      113.60917852992335,
      183.139977600638
    ],
    [
      113.18189641699436,
      172.11992112844524
    ],
    [
      112.64978146856267,
      161.1044610771534
    ],
    [
      111.96298438485191,
      150.09763691928802
    ],
    [
      111.04104036053192,
      139.10818956161702
    ],
    [
      109.77372596894818,
      128.15351273260654
    ],
    [
      108.08399297998457,
      117.25603367864647
    ],
    [
      106.08068836937497,
      106.411292185856
    ],
    [
      104.01412121007259,
      95.57828908482483
    ]
  ],
  "bboxes": [],
  "categories": [],
  "control_points": [
    [
      113.96300185835906,
      194.16265187239085
    ],
    [
      112.15411446776152,
      132.66048059207444
    ],
    [
      109.4407833818652,
      124.52048733438548
    ],
    [
      104.01412121007259,
      95.57828908482483
    ]
  ]
}