{
  "image_path": "/home/quynhthu/Documents/AI-project/e2e/data/raw/Video_19700101_085820_output_frame_001390_dup1.jpg",
  "command": 0,
  "waypoints": [
    [
      108.21394436587579,
      179.72321333927124
    ],
    [
      115.84841926013038,
      167.38018132698244
    ],
    [
      126.65349130327536,
      157.49154995371217
    ],
    [
      138.6054615435386,
      149.0088559356737
    ],
    [
      151.25931709726518,
      141.60955684646893
    ],
    [
      164.43492101771253,
      135.18351960055142
    ],
    [
      178.03002878799217,
      129.7000925885321
    ],
    [
      191.97469639497706,
      125.17912892341216
    ],
    [
      206.20796103781956,
      121.67206281579497
    ],
    [
      220.6649921374965,
      119.2495387598663
    ]
  ],
  "bboxes": [],
  "categories": [],
  "control_points": [
    [
      108.21394436587579,
      179.72321333927124
    ],
    [
      112.0,
      162.5
    ],
    [
      161.6906648617132,
      126.74627527797433
    ],
    [
      220.6649921374965,
      119.2495387598663
    ]
  ]
}