{
  "image_path": "/home/quynhthu/Documents/AI-project/e2e/data/raw/Video_19700101_085820_output_frame_001040_dup1.jpg",
  "command": 0,
  "waypoints": [
    [
      112.0,
      212.5
    ],
    [
      108.86410144347494,
      200.76776728244457
    ],
    [
      106.33976467874685,
      188.8897156791855
    ],
    [
      104.40800935078003,
      176.90091906964165
    ],
    [
      103.04904920714547,
      164.83367602639535
    ],
    [
      102.24501337825319,
      152.71673421206114
    ],
    [
      101.98372951043606,
      140.5759221479101
    ],
    [
      102.26127015066574,
      128.43547828604096
    ],
    [
      103.08551297360749,
      116.31995079010728
    ],
    [
      104.48979218794437,
      104.25724126036849
    ]
  ],
  "bboxes": [
    [
      128.18565995653944,
      67.23244787193876,
      5.553719008264437,
      19.252892561983472
    ]
  ],
  "categories": [
    12
  ],
  "control_points": []
}