{
  "image_path": "/home/quynhthu/Documents/AI-project/e2e/data/raw/Video_19700101_085820_output_frame_000700.jpg",
  "command": 0,
  "waypoints": [
    [
      82.8868501529052,
      222.2874617737003
    ],
    [
      82.01155283724091,
      209.50050968399586
    ],
    [
      81.1362555215766,
      196.71355759429142
    ],
    [
      80.2609582059123,
      183.92660550458695
    ],
    [
      79.38566089024805,
      171.1396534148825
    ],
    [
      78.51036357458375,
      158.3527013251781
    ],
    [
      77.63506625891945,
      145.56574923547382
    ],
    [
      76.75976894325517,
      132.77879714576954
    ],
    [
      75.8844716275909,
      119.99184505606526
    ],
    [
      75.0091743119266,
      107.20489296636084
    ]
  ],
  "bboxes": [
    [
      63.70642201834862,
      79.11926605504587,
      16.782874617737008,
      19.86544342507645
    ]
  ],
  "categories": [
    3
  ],
  "control_points": []
}