{
  "image_path": "/home/quynhthu/Documents/AI-project/e2e/data/raw/Video_20260119_140111_output_frame_000580.jpg",
  "command": 0,
  "waypoints": [
    [
      95.87412795238366,
      187.83154600529943
    ],
    [
      96.89880615674608,
      176.53450422201217
    ],
    [
      97.87157234957597,
      165.23288534023823
    ],
    [
      98.7560502930615,
      153.92404576316406
    ],
    [
      99.48965985952064,
      142.60451059008363
    ],
    [
      99.96689672258847,
      131.2715310741649
    ],
    [
      100.02543610420184,
      119.92923688353628
    ],
    [
      99.494671798583,
      108.59977882549937
    ],
    [
      98.3488136779177,
      97.3155052039487
    ],
    [
      96.77857164768243,
      86.08163028418774
    ]
  ],
  "bboxes": [],
  "categories": [],
  "control_points": [
    [
      95.87412795238366,
      187.83154600529943
    ],
    [
      101.30079012417627,
      129.04270581087934
    ],
    [
      101.30079012417627,
      115.92827222904717
    ],
    [
      96.77857164768243,
      86.08163028418774
    ]
  ]
}