{
  "image_path": "/home/quynhthu/Documents/AI-project/e2e/data/raw/Video_19700101_085820_output_frame_000970_dup1.jpg",
  "command": 2,
  "waypoints": [
    [
      126.7745485884051,
      216.95589668384685
    ],
    [
      128.10863580931056,
      199.56635709243514
    ],
    [
      130.37855422919228,
      182.27652229334652
    ],
    [
      134.00033980047135,
      165.22295223792864
    ],
    [
      139.6775244485743,
      148.7518316711692
    ],
    [
      148.50889580230935,
      133.76617338312462
    ],
    [
      161.45664697781467,
      122.1924470675043
    ],
    [
      177.5527426852931,
      115.63393742165124
    ],
    [
      194.77596656516576,
      113.03812347521414
    ],
    [
      212.20316564330426,
      112.43147111079372
    ]
  ],
  "bboxes": [
    [
      74.84734998640755,
      137.89254913499897,
      117.92499295421376,
      19.430822702682946
    ]
  ],
  "categories": [
    7
  ],
  "control_points": []
}