{
  "image_path": "/home/quynhthu/Documents/AI-project/e2e/data/raw/Video_20260119_140111_output_frame_000360.jpg",
  "command": 0,
  "waypoints": [
    [
      105.37078675302074,
      193.7104300247414
    ],
    [
      105.88700392587674,
      181.64398084609658
    ],
    [
      106.23562028378653,
      169.5715802181914
    ],
    [
      106.36793311727789,
      157.49494632088678
    ],
    [
      106.23727827940206,
      145.41836656770784
    ],
    [
      105.82049247978172,
      133.34828371912084
    ],
    [
      105.13850537590456,
      121.29019473440285
    ],
    [
      104.25641705006929,
      109.24498050120324
    ],
    [
      103.25556693458131,
      97.20898554760133
    ],
    [
      102.20523381947505,
      85.17718658888896
    ]
  ],
  "bboxes": [],
  "categories": [],
  "control_points": [
    [
      105.37078675302074,
      193.7104300247414
    ],
    [
      107.63189599126767,
      147.13157971685476
    ],
    [
      105.82300860067014,
      126.32937472498303
    ],
    [
      102.20523381947505,
      85.17718658888896
    ]
  ]
}