{
  "image_path": "/home/quynhthu/Documents/AI-project/e2e/data/raw/Video_19700101_085820_output_frame_002610_dup2.jpg",
  "command": 1,
  "waypoints": [
    [
      113.96300185835906,
      194.16265187239085
    ],
    [
      106.95319815038715,
      181.50315386577415
    ],
    [
      99.95412888156044,
      168.83773610326116
    ],
    [
      92.57441656217118,
      156.39250972179286
    ],
    [
      83.94410709231305,
      144.7973992085374
    ],
    [
      72.83644450124922,
      135.61338341800422
    ],
    [
      59.4430427506029,
      130.26054805661522
    ],
    [
      45.19139490926605,
      127.8306274787134
    ],
    [
      30.752269276814605,
      126.92457082970921
    ],
    [
      16.28308276609185,
      126.78159657263241
    ]
  ],
  "bboxes": [],
  "categories": [],
  "control_points": [
    [
      113.96300185835906,
      194.16265187239085
    ],
    [
      82.75969437055149,
      138.53936461151642
    ],
    [
      82.75969437055149,
      126.32937472498303
    ],
    [
      16.28308276609185,
      126.78159657263241
    ]
  ]
}