{
  "image_path": "/home/quynhthu/Documents/AI-project/e2e/data/raw/Video_19700101_085820_output_frame_002570_dup2.jpg",
  "command": 1,
  "waypoints": [
    [
      170.03851096688285,
      200.94597958713163
    ],
    [
      168.71422883658468,
      184.8434845560155
    ],
    [
      167.20089067523585,
      168.75783188860527
    ],
    [
      165.2567961201728,
      152.71936981073713
    ],
    [
      162.34724634747687,
      136.83212791689027
    ],
    [
      157.14642478120655,
      121.57151457211718
    ],
    [
      147.04536111480323,
      109.16697636434255
    ],
    [
      132.3762431246153,
      102.62921857629875
    ],
    [
      116.48109804329626,
      99.8039078363261
    ],
    [
      100.39634642887754,
      98.29162017072115
    ]
  ],
  "bboxes": [],
  "categories": [],
  "control_points": [
    [
      170.03851096688285,
      200.94597958713163
    ],
    [
      162.80296140449266,
      109.59716636195579
    ],
    [
      159.1851866232976,
      102.813838647215
    ],
    [
      100.39634642887751,
      98.29162017072115
    ]
  ]
}