{
  "image_path": "/home/quynhthu/Documents/AI-project/e2e/data/raw/Video_19700101_085820_output_frame_001550_dup1.jpg",
  "command": 3,
  "waypoints": [
    [
      131.06091439451257,
      191.48363251832754
    ],
    [
      136.2997464534179,
      179.7760710017546
    ],
    [
      141.52692150049666,
      168.06330267044328
    ],
    [
      146.71478278788243,
      156.33307943376758
    ],
    [
      151.82727276123916,
      144.56983586077365
    ],
    [
      156.82479905278294,
      132.75732855260682
    ],
    [
      161.67416759827898,
      120.88326096319015
    ],
    [
      166.3579175961563,
      108.94290474775511
    ],
    [
      170.87757584197834,
      96.93946257670288
    ],
    [
      175.24851535605237,
      84.8810451986128
    ]
  ],
  "bboxes": [],
  "categories": [],
  "control_points": [
    [
      131.06091439451257,
      191.48363251832754
    ],
    [
      149.84064480316698,
      149.50541160486472
    ],
    [
      160.88754504355194,
      125.20223107601784
    ],
    [
      175.24851535605237,
      84.8810451986128
    ]
  ]
}