{
  "image_path": "/home/quynhthu/Documents/AI-project/e2e/data/raw/Video_19700101_085820_output_frame_002870.jpg",
  "command": 1,
  "waypoints": [
    [
      133.86076315493202,
      195.0670955676896
    ],
    [
      133.61500915700256,
      179.0082271515445
    ],
    [
      131.8456141487933,
      163.04883455633444
    ],
    [
      128.04948046875086,
      147.45381098576766
    ],
    [
      121.60080704708751,
      132.76971207680245
    ],
    [
      111.95998125176064,
      119.97522381810487
    ],
    [
      99.22035998122162,
      110.27606485937532
    ],
    [
      84.34878233868511,
      104.31185609733797
    ],
    [
      68.51165075359553,
      101.76890543126734
    ],
    [
      52.460830578042646,
      101.90939495191621
    ]
  ],
  "bboxes": [],
  "categories": [],
  "control_points": [
    [
      133.86076315493202,
      195.0670955676896
    ],
    [
      135.66965054552955,
      120.9027125531904
    ],
    [
      99.03968088592934,
      98.29162017072115
    ],
    [
      52.460830578042675,
      101.90939495191621
    ]
  ]
}