{
  "image_path": "/home/quynhthu/Documents/AI-project/e2e/data/raw/Video_19700101_085820_output_frame_001330.jpg",
  "command": 2,
  "waypoints": [
    [
      117.26627831634677,
      191.9340631679578
    ],
    [
      117.21430880819554,
      175.415732114496
    ],
    [
      117.75506494162617,
      158.90708982834812
    ],
    [
      119.32879839368006,
      142.46822997034613
    ],
    [
      122.92984507100343,
      126.36961454338208
    ],
    [
      130.90646857513795,
      112.04803063605918
    ],
    [
      144.90287012479436,
      103.65508480037383
    ],
    [
      161.1628112036423,
      100.93136107979598
    ],
    [
      177.66350346640678,
      100.19764628301881
    ],
    [
      194.1765231068481,
      99.75802381278537
    ]
  ],
  "bboxes": [
    [
      191.72071528338824,
      61.33314130521479,
      19.09740229328341,
      30.31333697346576
    ],
    [
      76.83316815395303,
      114.68461437851452,
      86.69614374411209,
      13.337868268324925
    ]
  ],
  "categories": [
    8,
    7
  ],
  "control_points": [
    [
      117.26627831634677,
      191.9340631679578
    ],
    [
      115.71068088398384,
      94.76019946737999
    ],
    [
      134.70241339652424,
      101.7571535509475
    ],
    [
      194.1765231068481,
      99.75802381278537
    ]
  ]
}