{
  "image_path": "/home/quynhthu/Documents/AI-project/e2e/data/raw/Video_19700101_085820_output_frame_001310_dup3.jpg",
  "command": 1,
  "waypoints": [
    [
      114.80176312820679,
      196.26665845494293
    ],
    [
      114.341619388324,
      178.1264194728126
    ],
    [
      113.07119891249059,
      160.02708603711648
    ],
    [
      110.45252451625664,
      142.07946158657
    ],
    [
      105.38763239688753,
      124.68963752373
    ],
    [
      95.75941840036877,
      109.42257472211843
    ],
    [
      80.5147844473563,
      99.79226834063316
    ],
    [
      62.83584638399809,
      95.92200389843941
    ],
    [
      44.73724160564588,
      94.72268741649937
    ],
    [
      26.59477609946135,
      94.3630367551706
    ]
  ],
  "bboxes": [
    [
      153.3375860574845,
      67.5351545174149,
      10.554636009015866,
      16.84250426970617
    ],
    [
      79.67970071796951,
      106.16063097594103,
      61.980415712518706,
      7.186135155074652
    ]
  ],
  "categories": [
    8,
    7
  ],
  "control_points": []
}