{
  "image_path": "/home/quynhthu/Documents/AI-project/e2e/data/raw/Video_19700101_085820_output_frame_002000.jpg",
  "command": 0,
  "waypoints": [
    [
      91.8494393095594,
      196.89309867763518
    ],
    [
      106.20068251705717,
      189.92936149225352
    ],
    [
      120.49936790798792,
      182.85833681992563
    ],
    [
      134.74921174616136,
      175.68936579519357
    ],
    [
      148.97088405373697,
      168.46461847592056
    ],
    [
      163.22526283439203,
      161.3048241977275
    ],
    [
      177.64086361498994,
      154.47727934105558
    ],
    [
      192.37283568384476,
      148.36628756008056
    ],
    [
      207.4564625120724,
      143.18363279890792
    ],
    [
      222.78935899164603,
      138.7885093187092
    ]
  ],
  "bboxes": [],
  "categories": [],
  "control_points": [
    [
      91.8494393095594,
      196.89309867763518
    ],
    [
      165.91233137973967,
      161.29380801406788
    ],
    [
      176.5511998539092,
      151.06412678890484
    ],
    [
      222.78935899164603,
      138.7885093187092
    ]
  ]
}