{
  "image_path": "/home/quynhthu/Documents/AI-project/e2e/data/raw/Video_19700101_085820_output_frame_001140_dup2.jpg",
  "command": 3,
  "waypoints": [
    [
      107.0874632697148,
      184.26755176207968
    ],
    [
      107.24308142335859,
      173.64976640864225
    ],
    [
      107.37617317323118,
      163.03167549976408
    ],
    [
      107.48236816051356,
      152.4132825901467
    ],
    [
      107.55657790813665,
      141.79461941559828
    ],
    [
      107.59338848507622,
      131.1757621212143
    ],
    [
      107.59080018831601,
      120.5568406427388
    ],
    [
      107.56215397784783,
      109.93795243254883
    ],
    [
      107.55993444040365,
      99.31904416324207
    ],
    [
      107.66559091188462,
      88.70071836357569
    ]
  ],
  "bboxes": [
    [
      178.38294628378546,
      50.56518117349304,
      20.733884297520632,
      58.128925619834696
    ],
    [
      59.16311157304167,
      130.53873489250128,
      102.92892561983467,
      9.996694214876044
    ]
  ],
  "categories": [
    12,
    7
  ],
  "control_points": [
    [
      107.0874632697148,
      184.26755176207968
    ],
    [
      108.03583884576892,
      123.50402414869963
    ],
    [
      107.29534297800032,
      110.91559439663352
    ],
    [
      107.66559091188462,
      88.70071836357569
    ]
  ]
}