{
  "image_path": "/home/quynhthu/Documents/AI-project/e2e/data/raw/Video_19700101_085820_output_frame_001530.jpg",
  "command": 0,
  "waypoints": [
    [
      106.20538885364645,
      184.30314736207728
    ],
    [
      117.50692894930847,
      175.55121566612587
    ],
    [
      128.7673573644205,
      166.7464079130005
    ],
    [
      140.04666556387838,
      157.96584218611366
    ],
    [
      151.44077193732963,
      149.3351339520271
    ],
    [
      163.08046295697554,
      141.03970490524625
    ],
    [
      175.10344347188928,
      133.3122502939416
    ],
    [
      187.59961881640166,
      126.37810405928586
    ],
    [
      200.56369379504577,
      120.364446024401
    ],
    [
      213.91266619739963,
      115.2600208596714
    ]
  ],
  "bboxes": [],
  "categories": [],
  "control_points": [
    [
      106.20538885364645,
      184.30314736207728
    ],
    [
      151.49767983922473,
      149.50541160486472
    ],
    [
      172.48679029595613,
      129.6209911721718
    ],
    [
      213.91266619739963,
      115.2600208596714
    ]
  ]
}