{
  "image_path": "/home/quynhthu/Documents/AI-project/e2e/data/raw/Video_20260119_140111_output_frame_000470.jpg",
  "command": 0,
  "waypoints": [
    [
      109.4407833818652,
      194.16265187239085
    ],
    [
      110.11878496239459,
      182.91680958789536
    ],
    [
      110.63229215711543,
      171.66230121890754
    ],
    [
      110.94418228307251,
      160.40046015030367
    ],
    [
      111.01826177846073,
      149.1346003733895
    ],
    [
      110.83431077572024,
      137.8700071534319
    ],
    [
      110.41126808152869,
      126.61177849548507
    ],
    [
      109.82050540118524,
      115.36098812174386
    ],
    [
      109.16467352157407,
      104.11375099325144
    ],
    [
      108.53633968656645,
      92.86495799892853
    ]
  ],
  "bboxes": [],
  "categories": [],
  "control_points": [
    [
      109.4407833818652,
      194.16265187239085
    ],
    [
      112.60633631541091,
      146.67935786920535
    ],
    [
      110.34522707716398,
      127.23381842028179
    ],
    [
      108.53633968656645,
      92.86495799892853
    ]
  ]
}