{
  "image_path": "/home/quynhthu/Documents/AI-project/e2e/data/raw/Video_19700101_085820_output_frame_002580_dup2.jpg",
  "command": 3,
  "waypoints": [
    [
      153.30630260385558,
      204.56375436832667
    ],
    [
      152.32231954253234,
      191.96029158527318
    ],
    [
      151.34856437323668,
      179.35603461927712
    ],
    [
      150.38791341302954,
      166.75077241102335
    ],
    [
      149.44440152524754,
      154.14421637604065
    ],
    [
      148.524603159658,
      141.5359093417548
    ],
    [
      147.64035424248004,
      128.9250631445814
    ],
    [
      146.81551636383327,
      116.31020608638885
    ],
    [
      146.10939286508236,
      103.68822434910467
    ],
    [
      145.61853119381604,
      91.05607060833097
    ]
  ],
  "bboxes": [],
  "categories": [],
  "control_points": [
    [
      153.30630260385558,
      204.56375436832667
    ],
    [
      146.07075304146542,
      112.31049744785207
    ],
    [
      146.07075304146542,
      103.71828234251376
    ],
    [
      145.61853119381604,
      91.05607060833097
    ]
  ]
}