{
  "image_path": "/home/quynhthu/Documents/AI-project/e2e/data/raw/Video_19700101_085820_output_frame_003740.jpg",
  "command": 0,
  "waypoints": [
    [
      93.16079686648735,
      192.3537644817933
    ],
    [
      86.0030720914634,
      184.86000743505662
    ],
    [
      78.76490002432077,
      177.44405758646764
    ],
    [
      71.35037155529285,
      170.20498749040107
    ],
    [
      63.59107753717851,
      163.33893755904344
    ],
    [
      55.23800131281143,
      157.2162334500095
    ],
    [
      46.090901043811265,
      152.3715521597465
    ],
    [
      36.27078247879951,
      149.09369499798356
    ],
    [
      26.111364412439784,
      147.07068156794162
    ],
    [
      15.830860918442466,
      145.7749141739066
    ]
  ],
  "bboxes": [],
  "categories": [],
  "control_points": [
    [
      93.16079686648735,
      192.3537644817933
    ],
    [
      58.79193644513406,
      156.17601666984245
    ],
    [
      50.651943187445134,
      149.39268895510168
    ],
    [
      15.830860918442466,
      145.7749141739066
    ]
  ]
}