{
  "image_path": "/home/quynhthu/Documents/AI-project/e2e/data/raw/Video_19700101_085820_output_frame_002450.jpg",
  "command": 0,
  "waypoints": [
    [
      132.96064962906658,
      178.8792284205987
    ],
    [
      125.03269887106867,
      166.50459162011515
    ],
    [
      115.8503031444668,
      155.03996500248266
    ],
    [
      104.88153227091316,
      145.28921865905173
    ],
    [
      92.17191685346701,
      137.95111978753982
    ],
    [
      78.38886523474974,
      132.87554980289812
    ],
    [
      64.12151276772875,
      129.35299480244348
    ],
    [
      49.65438463737133,
      126.75428612756173
    ],
    [
      35.101606137427524,
      124.68169577131401
    ],
    [
      20.509601857445816,
      122.90359575205859
    ]
  ],
  "bboxes": [],
  "categories": [],
  "control_points": [
    [
      132.96064962906658,
      178.8792284205987
    ],
    [
      108.97109277112082,
      138.39685122281523
    ],
    [
      89.97936025858044,
      130.9001147047072
    ],
    [
      20.509601857445816,
      122.90359575205859
    ]
  ]
}