{
  "image_path": "/home/quynhthu/Documents/AI-project/e2e/data/raw/Video_19700101_085820_output_frame_000980_dup2.jpg",
  "command": 1,
  "waypoints": [
    [
      116.3891088680056,
      214.94581157667275
    ],
    [
      114.5363267267015,
      197.46577037955626
    ],
    [
      111.3684544986811,
      180.17999577956772
    ],
    [
      106.43592897353338,
      163.3185080093997
    ],
    [
      99.1177895566557,
      147.35945770990844
    ],
    [
      88.70965620440262,
      133.24206264587343
    ],
    [
      74.97236235654732,
      122.3574942135027
    ],
    [
      58.77139495855172,
      115.64869361366313
    ],
    [
      41.48001363296428,
      112.6049938558586
    ],
    [
      23.92519393799709,
      111.76144274173569
    ]
  ],
  "bboxes": [
    [
      130.0368996259609,
      67.97294373970735,
      4.8132231404958645,
      14.069421487603307
    ]
  ],
  "categories": [
    12
  ],
  "control_points": []
}