{
  "image_path": "/home/quynhthu/Documents/AI-project/e2e/data/raw/Video_19700101_085820_output_frame_002040.jpg",
  "command": 0,
  "waypoints": [
    [
      148.7264669214658,
      213.66977588690253
    ],
    [
      148.3274946613917,
      201.72680729334766
    ],
    [
      147.8021612518991,
      189.78879901582556
    ],
    [
      147.07109462317848,
      177.8617219543432
    ],
    [
      146.11472482142278,
      165.95052833647563
    ],
    [
      145.02114014196223,
      154.05103804696222
    ],
    [
      143.88463868902355,
      142.1555465654442
    ],
    [
      142.750982349907,
      130.2597836870141
    ],
    [
      141.6357781594165,
      118.36227773674649
    ],
    [
      140.54272194133537,
      106.4627166471941
    ]
  ],
  "bboxes": [],
  "categories": [],
  "control_points": [
    [
      148.7264669214658,
      213.66977588690253
    ],
    [
      147.49890517444624,
      172.75105098625045
    ],
    [
      146.27134342742664,
      169.47755299419828
    ],
    [
      140.54272194133537,
      106.46271664719409
    ]
  ]
}