{
  "image_path": "/home/quynhthu/Documents/AI-project/e2e/data/raw/Video_19700101_085820_output_frame_002870_dup1.jpg",
  "command": 2,
  "waypoints": [
    [
      131.14743206903572,
      192.3537644817933
    ],
    [
      132.96172645147263,
      178.08031248685475
    ],
    [
      136.93291553428938,
      164.25970065922544
    ],
    [
      143.56778784622017,
      151.51517264453733
    ],
    [
      153.0581736253095,
      140.73881467184012
    ],
    [
      164.9317113194509,
      132.656797630439
    ],
    [
      178.30073030556423,
      127.37407751621521
    ],
    [
      192.39176648453488,
      124.48025085743042
    ],
    [
      206.74441542397136,
      123.42204480759837
    ],
    [
      221.13957975126337,
      123.61604363908671
    ]
  ],
  "bboxes": [],
  "categories": [],
  "control_points": [
    [
      131.14743206903572,
      192.3537644817933
    ],
    [
      135.66965054552955,
      120.9027125531904
    ],
    [
      196.71959997819656,
      122.71159994378793
    ],
    [
      221.13957975126337,
      123.61604363908671
    ]
  ]
}