{
  "image_path": "/home/quynhthu/Documents/AI-project/e2e/data/raw/Video_19700101_085820_output_frame_001950.jpg",
  "command": 1,
  "waypoints": [
    [
      65.25226812413554,
      220.21677187100687
    ],
    [
      64.82406112161475,
      202.5063546639035
    ],
    [
      64.64865565222304,
      184.79152329710936
    ],
    [
      64.56782731031257,
      167.07592071444196
    ],
    [
      64.15660257146276,
      149.36618096304605
    ],
    [
      62.0635933243403,
      131.79808010783256
    ],
    [
      53.579762363731604,
      116.63199342009828
    ],
    [
      37.20252833674716,
      110.43715350466971
    ],
    [
      19.537439200646453,
      109.31911538069107
    ],
    [
      1.8282445281248538,
      109.73621463924624
    ]
  ],
  "bboxes": [],
  "categories": [],
  "control_points": [
    [
      65.25226812413554,
      220.21677187100687
    ],
    [
      61.97877013208338,
      120.37508311341578
    ],
    [
      76.70951109631812,
      106.46271664719409
    ],
    [
      1.8282445281248252,
      109.73621463924624
    ]
  ]
}