{
  "image_path": "/home/quynhthu/Documents/AI-project/e2e/data/raw/Video_19700101_085820_output_frame_001120.jpg",
  "command": 2,
  "waypoints": [
    [
      113.45273277576611,
      187.61769360736986
    ],
    [
      113.85894809707922,
      174.24493628791996
    ],
    [
      114.48041548952172,
      160.8806505402477
    ],
    [
      115.4482144811517,
      147.53749338519185
    ],
    [
      117.03959131950484,
      134.25670492598093
    ],
    [
      119.93561950687302,
      121.2166894056549
    ],
    [
      126.22570030333915,
      109.53204099691008
    ],
    [
      138.13084978662152,
      103.7172023901324
    ],
    [
      151.40760736656344,
      102.2794303179569
    ],
    [
      164.7099030087056,
      100.84901981435463
    ]
  ],
  "bboxes": [
    [
      161.35976116341547,
      56.29213327199546,
      14.405609934747673,
      43.88685817330113
    ],
    [
      78.94627176927743,
      113.91457301098627,
      74.37314896544162,
      4.690198583406243
    ]
  ],
  "categories": [
    12,
    7
  ],
  "control_points": []
}