{
  "image_path": "/home/quynhthu/Documents/AI-project/e2e/data/raw/Video_19700101_085820_output_frame_002220.jpg",
  "command": 3,
  "waypoints": [
    [
      111.16856823627768,
      181.81740854185438
    ],
    [
      111.56193308468684,
      172.38370379512318
    ],
    [
      111.99295509478482,
      162.95165241753637
    ],
    [
      112.48151227072798,
      153.52242158680346
    ],
    [
      113.06251105200107,
      144.09848025726325
    ],
    [
      113.79915501856222,
      134.6855606273308
    ],
    [
      114.80100110355455,
      125.29745921271596
    ],
    [
      116.19817436597602,
      115.9601617665355
    ],
    [
      117.96150118102689,
      106.6846969956173
    ],
    [
      119.85502965928495,
      97.43464043264073
    ]
  ],
  "bboxes": [
    [
      139.9643086925862,
      67.41018157480845,
      8.686461423007273,
      11.912861380124284
    ],
    [
      97.0283708017216,
      94.21411968008807,
      42.6877532787787,
      8.190092198835444
    ]
  ],
  "categories": [
    0,
    7
  ],
  "control_points": []
}