{
  "image_path": "/home/quynhthu/Documents/AI-project/e2e/data/raw/Video_19700101_085820_output_frame_000930.jpg",
  "command": 0,
  "waypoints": [
    [
      107.08374865175823,
      219.34804909597884
    ],
    [
      108.6116918794906,
      206.96369141597003
    ],
    [
      110.25881271605346,
      194.5946497809268
    ],
    [
      112.06802710953635,
      182.2483320869365
    ],
    [
      114.10270172957682,
      169.93728444463596
    ],
    [
      116.45844755493289,
      157.68389833659293
    ],
    [
      119.27876844348809,
      145.529633203382
    ],
    [
      122.76031510988558,
      133.5491231982521
    ],
    [
      127.0899727975792,
      121.84936448452396
    ],
    [
      132.26060815589045,
      110.49515653399537
    ]
  ],
  "bboxes": [
    [
      107.08374865175823,
      105.3116854596152,
      57.75867768595042,
      11.847933884297518
    ]
  ],
  "categories": [
    7
  ],
  "control_points": [
    [
      107.08374865175823,
      219.34804909597884
    ],
    [
      114.85895526332847,
      154.18441273234248
    ],
    [
      121.15317013936152,
      133.0802805009375
    ],
    [
      132.26060815589045,
      110.49515653399537
    ]
  ]
}