{
  "image_path": "/home/quynhthu/Documents/AI-project/e2e/data/raw/Video_19700101_085820_output_frame_003700.jpg",
  "command": 0,
  "waypoints": [
    [
      167.32517988098652,
      186.9271023100006
    ],
    [
      164.38439051592997,
      174.38274812247812
    ],
    [
      160.44664851182932,
      162.11761893446337
    ],
    [
      155.09722589008868,
      150.40540080340602
    ],
    [
      147.89180354113532,
      139.74490126314709
    ],
    [
      138.67785645499043,
      130.7694706535601
    ],
    [
      127.88696314999409,
      123.75474313271611
    ],
    [
      116.19759666562933,
      118.34594577865863
    ],
    [
      104.08814875211506,
      113.94348298109979
    ],
    [
      91.80413132353921,
      110.04938820960515
    ]
  ],
  "bboxes": [],
  "categories": [],
  "control_points": [
    [
      167.32517988098652,
      186.9271023100006
    ],
    [
      156.4718555374013,
      133.1127024397238
    ],
    [
      134.76520685023078,
      123.16382179143733
    ],
    [
      91.8041313235392,
      110.04938820960515
    ]
  ]
}