{
  "image_path": "/home/quynhthu/Documents/AI-project/e2e/data/raw/Video_20260119_140111_output_frame_000840.jpg",
  "command": 0,
  "waypoints": [
    [
      68.28859524577116,
      210.4426383877687
    ],
    [
      70.79048985618664,
      197.21137154833087
    ],
    [
      73.15073402332357,
      183.95414256551592
    ],
    [
      75.32112478262738,
      170.66458446396143
    ],
    [
      77.23050344768326,
      157.33516689347644
    ],
    [
      78.77258576768817,
      143.9585760239828
    ],
    [
      79.80458444882679,
      130.53349286526569
    ],
    [
      80.19759784984024,
      117.07482535956073
    ],
    [
      80.01007640006797,
      103.61097302550439
    ],
    [
      79.59414143700579,
      90.1516269130322
    ]
  ],
  "bboxes": [],
  "categories": [],
  "control_points": [
    [
      68.28859524577116,
      210.4426383877687
    ],
    [
      82.30747252290209,
      138.08714276386704
    ],
    [
      80.49858513230456,
      121.3549344008398
    ],
    [
      79.59414143700579,
      90.1516269130322
    ]
  ]
}