{
  "image_path": "/home/quynhthu/Documents/AI-project/e2e/data/raw/Video_19700101_085820_output_frame_002050_dup2.jpg",
  "command": 1,
  "waypoints": [
    [
      115.99148700094412,
      218.58002287498078
    ],
    [
      115.54560535709179,
      199.57721104216898
    ],
    [
      115.22217637290223,
      180.57170427977502
    ],
    [
      114.48369916586631,
      161.5790653758893
    ],
    [
      112.4907890733414,
      142.6832423339519
    ],
    [
      107.76081078872878,
      124.30819753684372
    ],
    [
      97.94268906963073,
      108.17156122785788
    ],
    [
      82.26069129719723,
      97.70828425593272
    ],
    [
      63.78125217472839,
      93.53347941792936
    ],
    [
      44.7929056738095,
      93.36872467898542
    ]
  ],
  "bboxes": [],
  "categories": [],
  "control_points": [
    [
      115.99148700094412,
      218.58002287498078
    ],
    [
      113.536363506905,
      146.5630670498331
    ],
    [
      122.94767023405498,
      88.45847769090716
    ],
    [
      44.7929056738095,
      93.36872467898542
    ]
  ]
}