{
  "image_path": "/home/quynhthu/Documents/AI-project/e2e/data/raw/Video_19700101_085820_output_frame_001800.jpg",
  "command": 2,
  "waypoints": [
    [
      89.99943453051074,
      198.003136286717
    ],
    [
      90.66157274676861,
      184.64609297817577
    ],
    [
      91.44778383981544,
      171.29594347582724
    ],
    [
      92.61505394166697,
      157.9745388763742
    ],
    [
      94.60689396297009,
      144.7544490741041
    ],
    [
      98.20422732518114,
      131.8900498731127
    ],
    [
      104.57025466760531,
      120.18156305489735
    ],
    [
      114.36299238679578,
      111.17399346929456
    ],
    [
      126.48086587136521,
      105.60910968516673
    ],
    [
      139.51109166029974,
      102.66250726819771
    ]
  ],
  "bboxes": [],
  "categories": [],
  "control_points": [
    [
      89.99943453051074,
      198.003136286717
    ],
    [
      92.86374527355639,
      139.89854692779107
    ],
    [
      93.2729325225629,
      109.61869050130856
    ],
    [
      139.51109166029974,
      102.66250726819771
    ]
  ]
}