{
  "image_path": "/home/quynhthu/Documents/AI-project/e2e/data/raw/Video_19700101_085820_output_frame_001860.jpg",
  "command": 2,
  "waypoints": [
    [
      126.67216380841373,
      193.47501649337912
    ],
    [
      136.31015459320048,
      184.31479972705304
    ],
    [
      145.9490830645541,
      175.15558206088306
    ],
    [
      155.71973751503893,
      166.13749242741753
    ],
    [
      165.82623458083336,
      157.499274005909
    ],
    [
      176.47506817283852,
      149.54226539739355
    ],
    [
      187.73821590823215,
      142.48256954771827
    ],
    [
      199.5156632511432,
      136.31656496158348
    ],
    [
      211.64583632047248,
      130.87408489885618
    ],
    [
      224.0,
      125.95912040730323
    ]
  ],
  "bboxes": [],
  "categories": [],
  "control_points": [
    [
      126.67216380841373,
      193.47501649337912
    ],
    [
      163.90820346800714,
      158.28491307881833
    ],
    [
      175.3654464401897,
      144.37254661259666
    ],
    [
      224.0,
      125.95912040730323
    ]
  ]
}