{
  "image_path": "/home/quynhthu/Documents/AI-project/e2e/data/raw/Video_19700101_085820_output_frame_001830.jpg",
  "command": 0,
  "waypoints": [
    [
      104.78016528925619,
      192.5289256198347
    ],
    [
      110.08818288076223,
      177.1550656985261
    ],
    [
      116.80274774816888,
      162.34577822138763
    ],
    [
      125.37340759107427,
      148.53661750360757
    ],
    [
      136.24512912007896,
      136.47209120117117
    ],
    [
      149.4934787710223,
      127.09452791802276
    ],
    [
      164.51798399234232,
      120.93418311523992
    ],
    [
      180.42584197440314,
      117.60219112133561
    ],
    [
      196.62835234948002,
      116.20171750022686
    ],
    [
      212.89256198347107,
      115.88760330578512
    ]
  ],
  "bboxes": [],
  "categories": [],
  "control_points": [
    [
      104.78016528925619,
      192.5289256198347
    ],
    [
      126.25454545454545,
      121.81157024793387
    ],
    [
      163.6495867768595,
      115.88760330578512
    ],
    [
      212.89256198347107,
      115.88760330578512
    ]
  ]
}