{
  "image_path": "/home/quynhthu/Documents/AI-project/e2e/data/raw/Video_19700101_085820_output_frame_001110_dup1.jpg",
  "command": 0,
  "waypoints": [
    [
      111.44264766859202,
      191.63786382171804
    ],
    [
      112.3998666492006,
      181.9622385110055
    ],
    [
      113.35198312090309,
      172.28610985323732
    ],
    [
      114.29809266260219,
      162.6093920629452
    ],
    [
      115.23693416981205,
      152.93196651744128
    ],
    [
      116.16675152551699,
      143.25366993688954
    ],
    [
      117.08481520636899,
      133.57425173352098
    ],
    [
      117.9868046261314,
      123.89332323567128
    ],
    [
      118.86577832490342,
      114.21028497887526
    ],
    [
      119.81800228181743,
      104.5341758441738
    ]
  ],
  "bboxes": [
    [
      160.35471860982838,
      59.642275117285614,
      7.705326244167395,
      34.8414751910177
    ],
    [
      87.65664056703186,
      106.54426095134791,
      63.652695060513096,
      6.700283690580321
    ]
  ],
  "categories": [
    12,
    7
  ],
  "control_points": []
}