{
  "image_path": "/home/quynhthu/Documents/AI-project/e2e/data/raw/Video_19700101_085820_output_frame_000680_dup1.jpg",
  "command": 1,
  "waypoints": [
    [
      86.99694189602447,
      222.2874617737003
    ],
    [
      86.7121430661341,
      209.2251214245636
    ],
    [
      86.17134702100849,
      196.1710677446868
    ],
    [
      85.30204756167595,
      183.13497328798087
    ],
    [
      83.99239418337783,
      170.13615665947978
    ],
    [
      82.0742034677845,
      157.2140653145262
    ],
    [
      79.27968606635173,
      144.45498433359603
    ],
    [
      75.20752779059578,
      132.04886939567308
    ],
    [
      69.41709764190259,
      120.34899351636622
    ],
    [
      61.993883792048926,
      109.60244648318042
    ]
  ],
  "bboxes": [
    [
      157.55351681957185,
      59.596330275229356,
      18.837920489296636,
      33.90825688073394
    ],
    [
      45.55351681957186,
      78.43425076452598,
      20.2079510703364,
      20.892966360856278
    ]
  ],
  "categories": [
    11,
    3
  ],
  "control_points": []
}