{
  "image_path": "/home/quynhthu/Documents/AI-project/e2e/data/raw/Video_19700101_085820_output_frame_001920_dup1.jpg",
  "command": 1,
  "waypoints": [
    [
      120.49254674001585,
      223.49026986305904
    ],
    [
      122.16057087861842,
      205.60345662655394
    ],
    [
      123.68322467313082,
      187.7037611951529
    ],
    [
      124.95062780075271,
      169.78440819963072
    ],
    [
      125.74749462885167,
      151.83890492121964
    ],
    [
      125.59087580214769,
      133.88211655997154
    ],
    [
      123.09841745154161,
      116.15483376425631
    ],
    [
      113.45948807717771,
      101.28179686953169
    ],
    [
      96.29133318065126,
      96.6439211448009
    ],
    [
      78.34626009234424,
      96.64222267103759
    ]
  ],
  "bboxes": [
    [
      75.89113659830508,
      112.19133813328537,
      104.75193574566933,
      14.730740964234755
    ]
  ],
  "categories": [
    7
  ],
  "control_points": []
}