{
  "image_path": "/home/quynhthu/Documents/AI-project/e2e/data/raw/Video_19700101_085820_output_frame_003030.jpg",
  "command": 0,
  "waypoints": [
    [
      51.10416503509452,
      197.7804266535859
    ],
    [
      50.44413959874683,
      187.8467309171816
    ],
    [
      49.50922964999449,
      177.93536936399943
    ],
    [
      48.16354613644184,
      168.07201253381768
    ],
    [
      46.1738447008891,
      158.32000824936597
    ],
    [
      43.10136691166628,
      148.8597395844575
    ],
    [
      38.181291714223704,
      140.2394885166902
    ],
    [
      30.74050832970499,
      133.7135374280434
    ],
    [
      21.53269511740126,
      130.01011610115262
    ],
    [
      11.760864289597999,
      128.13826211558057
    ]
  ],
  "bboxes": [],
  "categories": [],
  "control_points": [
    [
      51.10416503509452,
      197.7804266535859
    ],
    [
      47.93861210154882,
      140.80047384976334
    ],
    [
      37.989731453262344,
      131.75603689677564
    ],
    [
      11.760864289597999,
      128.13826211558057
    ]
  ]
}