{
  "image_path": "/home/quynhthu/Documents/AI-project/e2e/data/raw/Video_19700101_085820_output_frame_000560.jpg",
  "command": 0,
  "waypoints": [
    [
      91.44954128440367,
      221.2599388379205
    ],
    [
      91.46481131545042,
      207.91548430579124
    ],
    [
      91.06092247400896,
      194.57738952630888
    ],
    [
      90.12107858029977,
      181.2667663584565
    ],
    [
      88.48759949043158,
      168.02423834069577
    ],
    [
      85.93683772623976,
      154.9291038919805
    ],
    [
      82.16663538770177,
      142.13481943718162
    ],
    [
      76.82912225879802,
      129.91607826142652
    ],
    [
      69.70048273573668,
      118.65151360741308
    ],
    [
      60.96636085626911,
      108.5749235474006
    ]
  ],
  "bboxes": [],
  "categories": [],
  "control_points": [
    [
      91.44954128440367,
      221.2599388379205
    ],
    [
      92.47706422018348,
      151.7308868501529
    ],
    [
      79.11926605504587,
      127.07033639143731
    ],
    [
      60.96636085626911,
      108.5749235474006
    ]
  ]
}