{
  "image_path": "/home/quynhthu/Documents/AI-project/e2e/data/raw/Video_19700101_085820_output_frame_001680.jpg",
  "command": 0,
  "waypoints": [
    [
      84.46569069423222,
      186.04955607719015
    ],
    [
      88.475258788616,
      176.30177440095605
    ],
    [
      92.47916712467791,
      166.55166596155001
    ],
    [
      96.49803360266631,
      156.80771846154235
    ],
    [
      100.57545950141794,
      147.0881684152754
    ],
    [
      104.7988144215952,
      137.43131869851112
    ],
    [
      109.31963511718396,
      127.91068588220757
    ],
    [
      114.30279121671138,
      118.62437356098566
    ],
    [
      119.76915017247427,
      109.61361183547467
    ],
    [
      125.57085178158205,
      100.81424476159663
    ]
  ],
  "bboxes": [],
  "categories": [],
  "control_points": [
    [
      84.46569069423222,
      186.04955607719015
    ],
    [
      105.43005555083553,
      135.1811302014879
    ],
    [
      108.3849873233082,
      126.18385420000092
    ],
    [
      125.57085178158205,
      100.81424476159663
    ]
  ]
}