{
  "image_path": "/home/quynhthu/Documents/AI-project/e2e/data/raw/Video_19700101_085820_output_frame_002210_dup1.jpg",
  "command": 3,
  "waypoints": [
    [
      111.16856823627768,
      181.81740854185438
    ],
    [
      111.56193308468684,
      172.38370379512318
    ],
    [
      111.99295509478482,
      162.95165241753637
    ],
    [
      112.48151227072798,
      153.52242158680346
    ],
    [
      113.06251105200107,
      144.09848025726325
    ],
    [
      113.79915501856222,
      134.6855606273308
    ],
    [
      114.80100110355455,
      125.29745921271596
    ],
    [
      116.19817436597602,
      115.9601617665355
    ],
    [
      117.96150118102689,
      106.6846969956173
    ],
    [
      119.85502965928495,
      97.43464043264073
    ]
  ],
  "bboxes": [
    [
      142.68801397118983,
      67.65248698233002,
      7.941907586749522,
      13.401969052639814
    ],
    [
      103.97753994012743,
      90.73953511088517,
      40.45409177000536,
      7.941907586749508
    ]
  ],
  "categories": [
    0,
    7
  ],
  "control_points": []
}