{
  "image_path": "/home/quynhthu/Documents/AI-project/e2e/data/raw/Video_19700101_085820_output_frame_001780.jpg",
  "command": 0,
  "waypoints": [
    [
      100.63830300468027,
      186.54589331453445
    ],
    [
      100.41159412134236,
      176.10092179110592
    ],
    [
      100.1459788088031,
      165.6568445079028
    ],
    [
      99.93908022482647,
      155.21149989546043
    ],
    [
      99.94250963525984,
      144.76444243240257
    ],
    [
      100.4031145905086,
      134.32873223908862
    ],
    [
      101.74682834709641,
      123.97373780590728
    ],
    [
      104.69404904879879,
      113.97023554121063
    ],
    [
      110.15122877498656,
      105.11465343986134
    ],
    [
      118.23335471196066,
      98.5706347781325
    ]
  ],
  "bboxes": [],
  "categories": [],
  "control_points": [
    [
      100.63830300468027,
      186.54589331453445
    ],
    [
      99.81992850666724,
      139.89854692779107
    ],
    [
      96.13724326560855,
      111.25543949733463
    ],
    [
      118.23335471196066,
      98.5706347781325
    ]
  ]
}