{
  "image_path": "/home/quynhthu/Documents/AI-project/e2e/data/raw/Video_19700101_085820_output_frame_001720.jpg",
  "command": 0,
  "waypoints": [
    [
      141.55702790533232,
      186.13670606552793
    ],
    [
      142.26298731485662,
      176.48475234216596
    ],
    [
      143.0187272822856,
      166.8365723813372
    ],
    [
      143.8320861218008,
      157.19308273217172
    ],
    [
      144.70923635349578,
      147.5551880904349
    ],
    [
      145.64939923281227,
      137.92323196331012
    ],
    [
      146.63344048041233,
      128.29564808842844
    ],
    [
      147.61431281156095,
      118.66774346271797
    ],
    [
      148.52848821507092,
      109.0333117762253
    ],
    [
      149.33158563645623,
      99.38900927614556
    ]
  ],
  "bboxes": [],
  "categories": [],
  "control_points": [
    [
      141.55702790533232,
      186.13670606552793
    ],
    [
      144.83052589738452,
      139.89854692779107
    ],
    [
      147.28564939142362,
      125.98618046156938
    ],
    [
      149.33158563645623,
      99.38900927614554
    ]
  ]
}