{
  "image_path": "/home/quynhthu/Documents/AI-project/e2e/data/raw/Video_19700101_085820_output_frame_000710_dup1.jpg",
  "command": 0,
  "waypoints": [
    [
      88.36697247706421,
      220.5749235474006
    ],
    [
      88.48114169215086,
      207.59768943255185
    ],
    [
      88.59531090723752,
      194.62045531770303
    ],
    [
      88.70948012232414,
      181.64322120285425
    ],
    [
      88.82364933741081,
      168.66598708800547
    ],
    [
      88.93781855249745,
      155.68875297315665
    ],
    [
      89.0519877675841,
      142.71151885830787
    ],
    [
      89.16615698267074,
      129.73428474345906
    ],
    [
      89.28032619775739,
      116.75705062861027
    ],
    [
      89.39449541284404,
      103.77981651376146
    ]
  ],
  "bboxes": [
    [
      79.46177370030581,
      80.48929663608563,
      17.125382262996936,
      18.837920489296636
    ]
  ],
  "categories": [
    3
  ],
  "control_points": []
}