{
  "image_path": "/home/quynhthu/Documents/AI-project/e2e/data/raw/Video_20260119_140111_output_frame_000530.jpg",
  "command": 0,
  "waypoints": [
    [
      118.93744218250231,
      199.58931404418345
    ],
    [
      119.9875168056371,
      186.91167639266183
    ],
    [
      121.05021507503126,
      174.2350881474425
    ],
    [
      122.05981419570786,
      161.55419913989448
    ],
    [
      122.86432134486053,
      148.85895572605463
    ],
    [
      123.1765419347529,
      136.1432147454181
    ],
    [
      122.69374652098115,
      123.43382318511621
    ],
    [
      121.41976457728147,
      110.77822191477843
    ],
    [
      119.63232699973517,
      98.18383557563037
    ],
    [
      117.58077663955416,
      85.62940843653836
    ]
  ],
  "bboxes": [],
  "categories": [],
  "control_points": [
    [
      118.93744218250231,
      199.58931404418345
    ],
    [
      123.91188250664555,
      138.53936461151642
    ],
    [
      125.72076989724309,
      133.56492428737317
    ],
    [
      117.58077663955416,
      85.62940843653836
    ]
  ]
}