{
  "image_path": "/home/quynhthu/Documents/AI-project/e2e/data/raw/Video_19700101_085820_output_frame_001940_dup1.jpg",
  "command": 2,
  "waypoints": [
    [
      68.93495336519423,
      221.03514636901988
    ],
    [
      70.84705311361076,
      201.3740089544376
    ],
    [
      73.43213483302088,
      181.79151863514872
    ],
    [
      77.41556795041909,
      162.45169394184478
    ],
    [
      84.23373482983776,
      143.95029632042517
    ],
    [
      95.9287506323425,
      128.15859733762878
    ],
    [
      112.41302815077212,
      117.43123142543759
    ],
    [
      131.0880381252375,
      111.07183872915085
    ],
    [
      150.43892619483543,
      107.13159364600888
    ],
    [
      170.00420386980488,
      104.41678040216148
    ]
  ],
  "bboxes": [],
  "categories": [],
  "control_points": [
    [
      68.93495336519423,
      221.03514636901988
    ],
    [
      76.70951109631812,
      131.83232608559837
    ],
    [
      87.34837957048767,
      114.23727437831798
    ],
    [
      170.00420386980488,
      104.41678040216148
    ]
  ]
}