{
  "image_path": "/home/quynhthu/Documents/AI-project/e2e/data/raw/Video_19700101_085820_output_frame_001160.jpg",
  "command": 1,
  "waypoints": [
    [
      107.21811322820223,
      203.64599154107117
    ],
    [
      105.27687230129456,
      185.14908094762234
    ],
    [
      101.95196471122067,
      166.85493721348897
    ],
    [
      96.28636980123733,
      149.1615845091324
    ],
    [
      86.76494694078183,
      133.26075315792875
    ],
    [
      72.53785058100155,
      121.43457432152528
    ],
    [
      55.312161712352925,
      114.54542988965683
    ],
    [
      37.076319169435095,
      110.94427221821708
    ],
    [
      18.577011185774857,
      109.0294672569462
    ],
    [
      0.01105398849381345,
      107.89617527354534
    ]
  ],
  "bboxes": [],
  "categories": [],
  "control_points": [
    [
      107.21811322820223,
      203.64599154107117
    ],
    [
      100.67111724409789,
      119.76260549473443
    ],
    [
      74.07394605867405,
      111.57886051460402
    ],
    [
      0.011053988493813333,
      107.89617527354534
    ]
  ]
}