{
  "image_path": "/home/quynhthu/Documents/AI-project/e2e/data/raw/Video_19700101_085820_output_frame_003260.jpg",
  "command": 3,
  "waypoints": [
    [
      108.08411783891705,
      195.51931741533895
    ],
    [
      108.78611452912342,
      184.0727517070045
    ],
    [
      109.45525535328922,
      172.6242207701393
    ],
    [
      110.07917949479732,
      161.1731415964096
    ],
    [
      110.64080756601952,
      149.7188469270643
    ],
    [
      111.1211043593877,
      138.26086323620493
    ],
    [
      111.51649018150329,
      126.79962763365629
    ],
    [
      111.86232420806043,
      115.33677068612866
    ],
    [
      112.21480798097605,
      103.87411771461724
    ],
    [
      112.60633631541091,
      92.41273615127913
    ]
  ],
  "bboxes": [],
  "categories": [],
  "control_points": [
    [
      108.08411783891705,
      195.51931741533895
    ],
    [
      111.70189262011213,
      137.63492091621768
    ],
    [
      111.24967077246276,
      129.9471495061781
    ],
    [
      112.60633631541091,
      92.41273615127913
    ]
  ]
}