{
  "image_path": "/home/quynhthu/Documents/AI-project/e2e/data/raw/Video_19700101_085820_output_frame_001150_dup2.jpg",
  "command": 1,
  "waypoints": [
    [
      106.18459917634743,
      184.22468530572442
    ],
    [
      103.96287188751562,
      167.442662051053
    ],
    [
      100.7357619678,
      150.82921955924454
    ],
    [
      95.68014874175965,
      134.69350574304767
    ],
    [
      87.25109815649014,
      120.08305464622798
    ],
    [
      74.1037109171957,
      109.56529152509124
    ],
    [
      58.038226927803294,
      104.40959462396452
    ],
    [
      41.2254953007738,
      102.56717047664169
    ],
    [
      24.302262286436935,
      102.24747989160456
    ],
    [
      7.376424470611186,
      102.57674103646056
    ]
  ],
  "bboxes": [
    [
      196.01174626261724,
      39.56190468945638,
      26.187983936417282,
      86.33850954037587
    ]
  ],
  "categories": [
    12
  ],
  "control_points": []
}