{
  "image_path": "/home/quynhthu/Documents/AI-project/e2e/data/raw/Video_19700101_085820_output_frame_001220.jpg",
  "command": 1,
  "waypoints": [
    [
      115.77087935389075,
      198.40688951088325
    ],
    [
      109.84042061308433,
      183.99265049936804
    ],
    [
      100.79745445332694,
      171.31859676132203
    ],
    [
      89.34854327636097,
      160.75611230576237
    ],
    [
      76.2743958610664,
      152.27386796408243
    ],
    [
      62.16888086756855,
      145.63429283317922
    ],
    [
      47.42141835356485,
      140.56834824624949
    ],
    [
      32.27533808421519,
      136.85252461664845
    ],
    [
      16.887124810203563,
      134.31313005201662
    ],
    [
      1.3587518985963134,
      132.83472160172238
    ]
  ],
  "bboxes": [
    [
      142.4519683652045,
      71.78477216905537,
      6.331105867091367,
      8.592215105338326
    ]
  ],
  "categories": [
    8
  ],
  "control_points": []
}