{
  "image_path": "/home/quynhthu/Documents/AI-project/e2e/data/raw/Video_19700101_085820_output_frame_001130_dup3.jpg",
  "command": 2,
  "waypoints": [
    [
      110.77261929953399,
      185.27259431566674
    ],
    [
      110.8151590310297,
      170.93574132250097
    ],
    [
      111.39935764626473,
      156.6122810187051
    ],
    [
      113.00374471194904,
      142.37260224663314
    ],
    [
      116.65138909819494,
      128.53950731540164
    ],
    [
      124.24083853115195,
      116.4721965028523
    ],
    [
      136.28754261409918,
      108.85728561981273
    ],
    [
      150.17549567415858,
      105.43926832300544
    ],
    [
      164.44733784110633,
      104.15606701718437
    ],
    [
      178.7804987589243,
      103.86414747511577
    ]
  ],
  "bboxes": [
    [
      72.2459880786971,
      119.27479996345052,
      85.09360287037016,
      7.370312059638351
    ],
    [
      168.06004485399578,
      53.61201979576333,
      16.750709226450823,
      52.26221278652655
    ]
  ],
  "categories": [
    7,
    12
  ],
  "control_points": []
}