{
  "image_path": "/home/quynhthu/Documents/AI-project/e2e/data/raw/Video_19700101_085820_output_frame_000990_dup1.jpg",
  "command": 3,
  "waypoints": [
    [
      112.26499879951463,
      206.44567101243462
    ],
    [
      111.43650458812738,
      194.1218671235538
    ],
    [
      110.71777635853289,
      181.79120327798069
    ],
    [
      110.11820670691226,
      169.45417677294998
    ],
    [
      109.64224781637203,
      157.11176235160525
    ],
    [
      109.28314788174944,
      144.76538373891424
    ],
    [
      109.0163732248577,
      132.41664468802688
    ],
    [
      108.7926927259381,
      120.0670358691801
    ],
    [
      108.54240232103915,
      107.71795121259588
    ],
    [
      108.19227152678735,
      95.37129084714537
    ]
  ],
  "bboxes": [
    [
      124.11293268381215,
      68.34319167359165,
      4.442975206611578,
      14.069421487603307
    ]
  ],
  "categories": [
    12
  ],
  "control_points": []
}