{
  "image_path": "/home/quynhthu/Documents/AI-project/e2e/data/raw/Video_19700101_085820_output_frame_002430.jpg",
  "command": 0,
  "waypoints": [
    [
      129.96195502182337,
      155.889236431734
    ],
    [
      125.81980020150142,
      145.31632204222572
    ],
    [
      120.2299591472621,
      135.46332656232275
    ],
    [
      112.19628485693062,
      127.48372793774605
    ],
    [
      102.46960502864022,
      121.6578970091221
    ],
    [
      91.87209791800205,
      117.59820912306986
    ],
    [
      80.85882093793,
      114.83955617477955
    ],
    [
      69.64769803757609,
      113.03218488431426
    ],
    [
      58.34297035696465,
      111.94408905634472
    ],
    [
      46.99807088809427,
      111.40859975762623
    ]
  ],
  "bboxes": [],
  "categories": [],
  "control_points": [
    [
      129.96195502182337,
      155.889236431734
    ],
    [
      123.96456580733694,
      143.3946755682206
    ],
    [
      123.46478337279639,
      113.40772949578839
    ],
    [
      46.99807088809427,
      111.40859975762623
    ]
  ]
}