{
  "image_path": "/home/quynhthu/Documents/AI-project/e2e/data/raw/Video_19700101_085820_output_frame_002860.jpg",
  "command": 3,
  "waypoints": [
    [
      103.10967751477381,
      194.6148737200402
    ],
    [
      103.79334248357928,
      182.80962444200114
    ],
    [
      104.4877516156292,
      171.0050025542143
    ],
    [
      105.19340488197656,
      159.2010474688922
    ],
    [
      105.90954240711541,
      147.39772365359585
    ],
    [
      106.63183110725149,
      135.59477454895136
    ],
    [
      107.34420160903487,
      123.79122921992254
    ],
    [
      107.9909606943505,
      111.98398198396444
    ],
    [
      108.42237532951262,
      100.16708112199076
    ],
    [
      108.53633968656645,
      88.34273952243467
    ]
  ],
  "bboxes": [
    [
      33.46751297676849,
      138.53936461151642,
      143.35432570485514,
      10.853324343585257
    ],
    [
      201.24181845469042,
      57.591653882276475,
      22.758181545309583,
      37.98663520254836
    ]
  ],
  "categories": [
    7,
    10
  ],
  "control_points": []
}