{
  "image_path": "/home/quynhthu/Documents/AI-project/e2e/data/raw/Video_19700101_085820_output_frame_001210_dup1.jpg",
  "command": 3,
  "waypoints": [
    [
      118.03198859213768,
      196.59800212028568
    ],
    [
      119.13075735103155,
      185.724511420609
    ],
    [
      120.19257822778631,
      174.84736066001344
    ],
    [
      121.18233413494455,
      163.96344190056638
    ],
    [
      122.04886924196414,
      153.06907008277187
    ],
    [
      122.73891295669738,
      142.16214303261125
    ],
    [
      123.2320809769185,
      131.24453626635866
    ],
    [
      123.55751466044046,
      120.3205932132079
    ],
    [
      123.76820796223453,
      109.39379026843164
    ],
    [
      123.91087261157968,
      98.46586118036909
    ]
  ],
  "bboxes": [
    [
      137.02530619341186,
      69.97588477845784,
      5.426662171792628,
      8.592215105338326
    ]
  ],
  "categories": [
    8
  ],
  "control_points": []
}