{
  "image_path": "/home/quynhthu/Documents/AI-project/e2e/data/raw/Video_20260119_140111_output_frame_000880.jpg",
  "command": 0,
  "waypoints": [
    [
      82.30747252290209,
      201.398201434781
    ],
    [
      87.00662340188099,
      188.86080140803884
    ],
    [
      91.50759803590876,
      176.2509792157033
    ],
    [
      95.74430644482322,
      163.5500808010229
    ],
    [
      99.62420660936415,
      150.7359622656901
    ],
    [
      103.01808628829606,
      137.78512628463855
    ],
    [
      105.7658973111954,
      124.6826770379847
    ],
    [
      107.72222999369521,
      111.43938293121406
    ],
    [
      108.87624749151938,
      98.10170596145258
    ],
    [
      109.4407833818652,
      84.72496474123957
    ]
  ],
  "bboxes": [],
  "categories": [],
  "control_points": [
    [
      82.30747252290209,
      201.398201434781
    ],
    [
      105.82300860067014,
      139.8960301544646
    ],
    [
      108.53633968656645,
      116.38049407669655
    ],
    [
      109.4407833818652,
      84.72496474123957
    ]
  ]
}