{
  "image_path": "/home/quynhthu/Documents/AI-project/e2e/data/raw/Video_19700101_085820_output_frame_002660_dup1.jpg",
  "command": 0,
  "waypoints": [
    [
      113.96300185835906,
      194.16265187239085
    ],
    [
      113.66211791663561,
      183.46113198794114
    ],
    [
      113.4131902481738,
      172.758281394063
    ],
    [
      113.22558274677088,
      162.0541850156913
    ],
    [
      113.10804583994893,
      151.3490935218239
    ],
    [
      113.06189487142912,
      140.64345186281543
    ],
    [
      113.05716092505871,
      129.93769594553018
    ],
    [
      112.99136126035296,
      119.23221858435708
    ],
    [
      112.71005139585164,
      108.53045204702461
    ],
    [
      112.15411446776152,
      97.83939832307175
    ]
  ],
  "bboxes": [],
  "categories": [],
  "control_points": [
    [
      113.96300185835906,
      194.16265187239085
    ],
    [
      112.15411446776152,
      134.46936798267197
    ],
    [
      113.96300185835906,
      126.32937472498303
    ],
    [
      112.15411446776152,
      97.83939832307175
    ]
  ]
}