{
  "image_path": "/home/quynhthu/Documents/AI-project/e2e/data/raw/Video_19700101_085820_output_frame_001550.jpg",
  "command": 0,
  "waypoints": [
    [
      133.8226394546088,
      189.27425247025053
    ],
    [
      136.15844417931856,
      179.30158877542334
    ],
    [
      138.8739335328934,
      169.42558653081417
    ],
    [
      141.97660751134757,
      159.66435106656178
    ],
    [
      145.48045937804292,
      150.03992073942172
    ],
    [
      149.41085574171694,
      140.58183780558358
    ],
    [
      153.80787189352216,
      131.33178536547734
    ],
    [
      158.74097241996841,
      122.35684468163804
    ],
    [
      164.3328535482279,
      113.77858913751551
    ],
    [
      170.82975525989838,
      105.87015565534418
    ]
  ],
  "bboxes": [],
  "categories": [],
  "control_points": [
    [
      133.8226394546088,
      189.27425247025053
    ],
    [
      142.1078146348975,
      150.6101016289032
    ],
    [
      157.5734749714364,
      119.67878095582536
    ],
    [
      170.82975525989838,
      105.87015565534419
    ]
  ]
}