{
  "image_path": "/home/quynhthu/Documents/AI-project/e2e/data/raw/Video_19700101_085820_output_frame_003710.jpg",
  "command": 0,
  "waypoints": [
    [
      149.2363059750111,
      189.18821154824755
    ],
    [
      144.35971411801432,
      176.45690332134018
    ],
    [
      138.72100421132131,
      164.04695965343925
    ],
    [
      131.81299168691723,
      152.3040253166496
    ],
    [
      123.04541786097252,
      141.8921397887842
    ],
    [
      112.28041041610857,
      133.5673044352667
    ],
    [
      100.1413510186803,
      127.38946108571142
    ],
    [
      87.33921838868844,
      122.71182176644439
    ],
    [
      74.25528925285052,
      118.88080111826692
    ],
    [
      61.053045683380994,
      115.47605038139778
    ]
  ],
  "bboxes": [],
  "categories": [],
  "control_points": [
    [
      149.2363059750111,
      189.18821154824755
    ],
    [
      130.6952102213863,
      137.63492091621768
    ],
    [
      115.7718892489566,
      129.04270581087934
    ],
    [
      61.053045683380994,
      115.47605038139778
    ]
  ]
}