{
  "image_path": "/home/quynhthu/Documents/AI-project/e2e/data/raw/Video_19700101_085820_output_frame_002750.jpg",
  "command": 0,
  "waypoints": [
    [
      125.2685480495937,
      191.44932078649447
    ],
    [
      123.6089110354652,
      179.69369320949593
    ],
    [
      121.42227984600196,
      168.02534828652267
    ],
    [
      118.48173340294908,
      156.52550165016203
    ],
    [
      114.43669871531085,
      145.37041437892418
    ],
    [
      108.79209418326946,
      134.94382578170416
    ],
    [
      101.040641969221,
      125.99237526708905
    ],
    [
      91.18925411800083,
      119.43261644517979
    ],
    [
      80.006379572795,
      115.51509110398007
    ],
    [
      68.28859524577116,
      113.66716299080025
    ]
  ],
  "bboxes": [],
  "categories": [],
  "control_points": [
    [
      125.2685480495937,
      191.44932078649447
    ],
    [
      118.48522033485291,
      136.2782553732695
    ],
    [
      103.5618993624232,
      116.83271592434593
    ],
    [
      68.28859524577116,
      113.66716299080025
    ]
  ]
}