{
  "image_path": "/home/quynhthu/Documents/AI-project/e2e/data/raw/Video_19700101_085820_output_frame_002860_dup2.jpg",
  "command": 1,
  "waypoints": [
    [
      103.10967751477381,
      194.6148737200402
    ],
    [
      104.10020656620577,
      178.86461307686432
    ],
    [
      104.3766214225047,
      163.08744479413687
    ],
    [
      103.52313015255108,
      147.3351245345562
    ],
    [
      100.74166443524012,
      131.82175292068004
    ],
    [
      94.5294784712546,
      117.38312887194564
    ],
    [
      83.2952742543496,
      106.44771175153555
    ],
    [
      68.53824812128582,
      101.0729834229463
    ],
    [
      52.841032870296196,
      99.73183379587627
    ],
    [
      37.08528775796357,
      100.55272940896806
    ]
  ],
  "bboxes": [
    [
      33.015291129119106,
      139.44380830681519,
      143.35432570485509,
      9.496658800637078
    ],
    [
      201.69404030233977,
      56.687210186977694,
      20.80220499187172,
      38.89107889784714
    ]
  ],
  "categories": [
    7,
    10
  ],
  "control_points": []
}