{
  "image_path": "/home/quynhthu/Documents/AI-project/e2e/data/raw/Video_19700101_085820_output_frame_001580_dup1.jpg",
  "command": 3,
  "waypoints": [
    [
      89.3794029027239,
      186.87290713491834
    ],
    [
      91.43018001703415,
      175.50270439637072
    ],
    [
      93.49488824060346,
      164.13502382197274
    ],
    [
      95.57742632042005,
      152.77059682935933
    ],
    [
      97.68381590646315,
      141.41056805936805
    ],
    [
      99.82399435715836,
      130.05686061789405
    ],
    [
      102.01714708824406,
      118.71328328215944
    ],
    [
      104.31069243380874,
      107.38973786961103
    ],
    [
      106.91164040948608,
      96.13302003863843
    ],
    [
      109.83042058203887,
      84.95427060544334
    ]
  ],
  "bboxes": [
    [
      73.18354294901376,
      103.5136756647971,
      71.97353750491753,
      9.431015259265052
    ]
  ],
  "categories": [
    7
  ],
  "control_points": []
}