{
  "image_path": "/home/quynhthu/Documents/AI-project/e2e/data/raw/Video_19700101_085820_output_frame_002800.jpg",
  "command": 0,
  "waypoints": [
    [
      139.73964717437403,
      182.40488383350677
    ],
    [
      126.81952341831483,
      174.12415014597593
    ],
    [
      113.39967976795717,
      166.6835075772583
    ],
    [
      99.55287830468994,
      160.06925164098578
    ],
    [
      85.46609085805831,
      153.97986042925177
    ],
    [
      71.32865456892875,
      148.00802339159455
    ],
    [
      57.26014862128601,
      141.87586205256832
    ],
    [
      43.31395240212208,
      135.47065409861096
    ],
    [
      29.50536874730699,
      128.77393575676814
    ],
    [
      15.830860918442466,
      121.80715624848918
    ]
  ],
  "bboxes": [
    [
      38.44195330091173,
      70.25386561645925,
      9.948880648286476,
      13.114433581832174
    ]
  ],
  "categories": [
    10
  ],
  "control_points": []
}