{
  "image_path": "/home/quynhthu/Documents/AI-project/e2e/data/raw/Video_19700101_085820_output_frame_000920.jpg",
  "command": 0,
  "waypoints": [
    [
      117.20281956092495,
      219.21370874125034
    ],
    [
      115.07634133026603,
      207.02148146861188
    ],
    [
      113.23981895718495,
      194.78252025570396
    ],
    [
      111.79875942884902,
      182.4910998755077
    ],
    [
      110.91482100948203,
      170.14792505171673
    ],
    [
      110.84014807499914,
      157.77519829341932
    ],
    [
      111.95657280072734,
      145.4562181506984
    ],
    [
      114.7102240793506,
      133.40085341675388
    ],
    [
      119.26126475888177,
      121.90140277413255
    ],
    [
      125.08049540190355,
      110.98129283910968
    ]
  ],
  "bboxes": [
    [
      104.65530585046065,
      103.08572653206429,
      52.74520633383045,
      10.003401201243705
    ]
  ],
  "categories": [
    7
  ],
  "control_points": []
}