{
  "image_path": "/home/quynhthu/Documents/AI-project/e2e/data/raw/Video_20260119_140111_output_frame_001340.jpg",
  "command": 0,
  "waypoints": [
    [
      118.03299848720353,
      211.79930393071683
    ],
    [
      117.03937326545791,
      197.86627825462227
    ],
    [
      115.95031504368188,
      183.9403998126626
    ],
    [
      114.74042914462643,
      170.02451966416024
    ],
    [
      113.37710959540563,
      156.12286793359004
    ],
    [
      111.8180587381498,
      142.2418576615904
    ],
    [
      110.02129310575368,
      128.38966474298263
    ],
    [
      107.97660055555734,
      114.57185705930513
    ],
    [
      105.76472574848769,
      100.77968580671853
    ],
    [
      103.5618993624232,
      86.9860739794865
    ]
  ],
  "bboxes": [],
  "categories": [],
  "control_points": [
    [
      118.03299848720353,
      211.79930393071683
    ],
    [
      113.0585581630603,
      138.99158645916583
    ],
    [
      108.53633968656645,
      119.09382516259286
    ],
    [
      103.5618993624232,
      86.9860739794865
    ]
  ]
}