{
  "image_path": "/home/quynhthu/Documents/AI-project/e2e/data/raw/Video_19700101_085820_output_frame_003290.jpg",
  "command": 3,
  "waypoints": [
    [
      149.2363059750111,
      189.640433395897
    ],
    [
      151.64087685289587,
      179.85609699971414
    ],
    [
      154.1569449298374,
      170.09985796640845
    ],
    [
      156.7980091389667,
      160.37671516263495
    ],
    [
      159.5379551474223,
      150.68091707582158
    ],
    [
      162.23656585485435,
      140.9736404404811
    ],
    [
      164.65776973428103,
      131.19398123874046
    ],
    [
      166.70839638266338,
      121.32987572242003
    ],
    [
      168.4683479937512,
      111.40949745222198
    ],
    [
      170.03851096688285,
      101.45717310426683
    ]
  ],
  "bboxes": [],
  "categories": [],
  "control_points": [
    [
      149.2363059750111,
      189.640433395897
    ],
    [
      160.54185216624575,
      142.6093612403609
    ],
    [
      163.70740509979146,
      143.51380493565966
    ],
    [
      170.03851096688285,
      101.45717310426683
    ]
  ]
}