{
  "image_path": "/home/quynhthu/Documents/AI-project/e2e/data/raw/Video_19700101_085820_output_frame_002230.jpg",
  "command": 0,
  "waypoints": [
    [
      103.7230298737,
      181.56922392976844
    ],
    [
      104.21908315393425,
      172.59809265926006
    ],
    [
      104.75193518351261,
      163.629078417779
    ],
    [
      105.33523768904868,
      154.66321281723773
    ],
    [
      105.99088287679685,
      145.70236794274177
    ],
    [
      106.75459106985394,
      136.75013705555125
    ],
    [
      107.68445698239732,
      127.81373969633958
    ],
    [
      108.84982766335197,
      118.90504674880503
    ],
    [
      110.23591943539456,
      110.02787496008575
    ],
    [
      111.66493746044951,
      101.15740961392957
    ]
  ],
  "bboxes": [
    [
      138.72338563215658,
      67.65836618689437,
      8.438276810921366,
      13.650153664725735
    ],
    [
      89.83101705122985,
      95.20685812843176,
      48.14781474466898,
      9.92738448343691
    ]
  ],
  "categories": [
    0,
    7
  ],
  "control_points": []
}