{
  "image_path": "/home/quynhthu/Documents/AI-project/e2e/data/raw/Video_19700101_085820_output_frame_001920_dup3.jpg",
  "command": 0,
  "waypoints": [
    [
      120.49254674001585,
      223.49026986305904
    ],
    [
      120.67256884344296,
      211.7127200529702
    ],
    [
      120.86425656304597,
      199.93535474689133
    ],
    [
      121.07027565357545,
      188.15823177200403
    ],
    [
      121.2946578754339,
      176.3814450294566
    ],
    [
      121.54343448727464,
      164.60514980408743
    ],
    [
      121.82646011133448,
      152.82963129526266
    ],
    [
      122.15980338587839,
      141.05543564743675
    ],
    [
      122.56027259946735,
      129.2833255949627
    ],
    [
      122.94767023405498,
      117.51077237037015
    ]
  ],
  "bboxes": [
    [
      75.07276210029205,
      112.19133813328537,
      103.93356124765627,
      12.275617470195613
    ]
  ],
  "categories": [
    7
  ],
  "control_points": []
}