{
  "image_path": "/home/quynhthu/Documents/AI-project/e2e/data/raw/Video_19700101_085820_output_frame_001100_dup3.jpg",
  "command": 1,
  "waypoints": [
    [
      110.0349539787039,
      191.81131285080494
    ],
    [
      112.19287526248335,
      176.1393357964604
    ],
    [
      114.2600308983806,
      160.45524638098405
    ],
    [
      116.01843009563649,
      144.7343524071494
    ],
    [
      116.9679428405864,
      128.94975859846474
    ],
    [
      115.71411026593653,
      113.2346078754535
    ],
    [
      108.18999461422729,
      99.52385063903014
    ],
    [
      93.86895224985238,
      93.15215700569446
    ],
    [
      78.1785246907214,
      91.38627568194889
    ],
    [
      62.36202489645149,
      91.24490353000111
    ]
  ],
  "bboxes": [
    [
      155.66452002642217,
      60.98233185540169,
      11.725496458515579,
      32.16136171478556
    ],
    [
      94.69193844214121,
      100.5140056298256,
      53.26725534011359,
      6.36526950605132
    ]
  ],
  "categories": [
    12,
    7
  ],
  "control_points": []
}