{
  "image_path": "/home/quynhthu/Documents/AI-project/e2e/data/raw/Video_19700101_085820_output_frame_000890.jpg",
  "command": 0,
  "waypoints": [
    [
      149.67584097859327,
      219.88990825688072
    ],
    [
      142.62777475608902,
      208.74303696627456
    ],
    [
      135.99910557029503,
      197.34177911992384
    ],
    [
      129.80777693586305,
      185.6972798989737
    ],
    [
      124.08348866878944,
      173.81636488788322
    ],
    [
      118.88105345264468,
      161.69811218484918
    ],
    [
      114.29940440076297,
      149.33237329149432
    ],
    [
      110.52222969515262,
      136.69913327223583
    ],
    [
      107.96085610127928,
      123.76966107302727
    ],
    [
      107.88990825688073,
      110.62996941896024
    ]
  ],
  "bboxes": [],
  "categories": [],
  "control_points": [
    [
      149.67584097859327,
      219.88990825688072
    ],
    [
      120.56269113149847,
      175.7064220183486
    ],
    [
      104.46483180428135,
      129.46788990825686
    ],
    [
      107.88990825688073,
      110.62996941896024
    ]
  ]
}