{
  "image_path": "/home/quynhthu/Documents/AI-project/e2e/data/raw/Video_19700101_085820_output_frame_002170.jpg",
  "command": 3,
  "waypoints": [
    [
      95.53212455061808,
      182.57154496240693
    ],
    [
      98.94310455484005,
      173.6427479037615
    ],
    [
      102.34881875372592,
      164.7119410698738
    ],
    [
      105.74930789556437,
      155.77914340954322
    ],
    [
      109.14570114040231,
      146.8447875393251
    ],
    [
      112.54202983928522,
      137.9104074302967
    ],
    [
      115.95088571303855,
      128.98080483097323
    ],
    [
      119.40669973257594,
      120.0692970419627
    ],
    [
      122.96497257999205,
      111.19822977273742
    ],
    [
      126.63035547511365,
      102.37084415712887
    ]
  ],
  "bboxes": [
    [
      147.8998908249942,
      70.63070232736109,
      4.963692241718434,
      8.686461423007287
    ]
  ],
  "categories": [
    0
  ],
  "control_points": []
}