{
  "image_path": "/home/quynhthu/Documents/AI-project/e2e/data/raw/Video_19700101_085820_output_frame_001150_dup1.jpg",
  "command": 2,
  "waypoints": [
    [
      106.18459917634743,
      184.22468530572442
    ],
    [
      107.20732005236673,
      170.4722222066585
    ],
    [
      109.96218436371531,
      156.96971366903355
    ],
    [
      115.04477852101326,
      144.17225063441992
    ],
    [
      122.95483644455351,
      132.91468250509413
    ],
    [
      133.54245110113058,
      124.12906530117901
    ],
    [
      145.91917247812952,
      118.0951294284505
    ],
    [
      159.17666822447362,
      114.33123524801373
    ],
    [
      172.78960244985484,
      112.1360250510138
    ],
    [
      186.52840082923996,
      110.91559439663352
    ]
  ],
  "bboxes": [
    [
      194.78418451559764,
      41.19865368548246,
      26.59717118542386,
      79.382326307265
    ]
  ],
  "categories": [
    12
  ],
  "control_points": []
}