{
  "image_path": "/home/quynhthu/Documents/AI-project/e2e/data/raw/Video_19700101_085820_output_frame_002880_dup1.jpg",
  "command": 3,
  "waypoints": [
    [
      138.38298163142588,
      189.18821154824755
    ],
    [
      139.1012771535638,
      177.99349831117203
    ],
    [
      139.77481072774808,
      166.7960061730856
    ],
    [
      140.39120114306937,
      155.59522904068803
    ],
    [
      140.93302943577066,
      144.39061059193008
    ],
    [
      141.37212555528671,
      133.18152515730722
    ],
    [
      141.658851546785,
      121.96758510715956
    ],
    [
      141.69637634282265,
      110.7503022737501
    ],
    [
      141.3005478305239,
      99.54063904807599
    ],
    [
      140.6440908696728,
      88.34273952243467
    ]
  ],
  "bboxes": [],
  "categories": [],
  "control_points": [
    [
      138.38298163142588,
      189.18821154824755
    ],
    [
      143.80964380321848,
      106.88383527605946
    ],
    [
      141.09631271732218,
      102.813838647215
    ],
    [
      140.6440908696728,
      88.34273952243467
    ]
  ]
}