{
  "image_path": "/home/quynhthu/Documents/AI-project/e2e/data/raw/Video_20260119_140111_output_frame_000630.jpg",
  "command": 0,
  "waypoints": [
    [
      108.08411783891705,
      198.23264850123525
    ],
    [
      108.53787773727322,
      185.79788953375592
    ],
    [
      108.8307059107898,
      173.35834928605024
    ],
    [
      108.91232324722979,
      160.9157136059074
    ],
    [
      108.71283646156333,
      148.47455573837684
    ],
    [
      108.14904873413272,
      136.04478536100837
    ],
    [
      107.16306757431177,
      123.64141734501277
    ],
    [
      105.82401598496772,
      111.2707993588845
    ],
    [
      104.38431097809051,
      98.91128156482962
    ],
    [
      103.10967751477381,
      86.53385213183714
    ]
  ],
  "bboxes": [],
  "categories": [],
  "control_points": [
    [
      108.08411783891705,
      198.23264850123525
    ],
    [
      110.79744892481337,
      133.56492428737317
    ],
    [
      106.27523044831952,
      120.9027125531904
    ],
    [
      103.10967751477381,
      86.53385213183714
    ]
  ]
}