{
  "image_path": "/home/quynhthu/Documents/AI-project/e2e/data/raw/Video_19700101_085820_output_frame_001950_dup1.jpg",
  "command": 3,
  "waypoints": [
    [
      65.25226812413554,
      220.21677187100687
    ],
    [
      66.5337602899966,
      205.7539974571367
    ],
    [
      67.80102035700685,
      191.289969192446
    ],
    [
      69.05277927638612,
      176.82459131878818
    ],
    [
      70.28782007995771,
      162.35777655085113
    ],
    [
      71.50621771411353,
      147.88955044474426
    ],
    [
      72.71260525703879,
      133.42031736588433
    ],
    [
      73.93018847060297,
      118.95202635427607
    ],
    [
      75.26859657535418,
      104.49459291214367
    ],
    [
      77.11869834532465,
      90.09522668693324
    ]
  ],
  "bboxes": [],
  "categories": [],
  "control_points": [
    [
      65.25226812413554,
      220.21677187100687
    ],
    [
      74.254387602279,
      119.14752136639622
    ],
    [
      74.254387602279,
      108.50865289222669
    ],
    [
      77.11869834532465,
      90.09522668693324
    ]
  ]
}