{
  "image_path": "/home/quynhthu/Documents/AI-project/e2e/data/raw/Video_19700101_085820_output_frame_001010_dup1.jpg",
  "command": 3,
  "waypoints": [
    [
      111.52450293174603,
      203.48368754136024
    ],
    [
      108.59870995096276,
      191.77780642064295
    ],
    [
      105.84503607569972,
      180.03032513773005
    ],
    [
      103.28224610183447,
      168.23976335974353
    ],
    [
      100.9397001361185,
      156.4035348459484
    ],
    [
      98.86175700777778,
      144.5181083882376
    ],
    [
      97.11723609311373,
      132.57940943050974
    ],
    [
      95.81851591661193,
      120.58455621360896
    ],
    [
      95.16984723698646,
      108.53867073838016
    ],
    [
      95.60384177472123,
      96.48203464879826
    ]
  ],
  "bboxes": [
    [
      114.11623846893612,
      67.60269580582306,
      5.553719008264451,
      16.661157024793383
    ]
  ],
  "categories": [
    12
  ],
  "control_points": []
}