{
  "image_path": "/home/quynhthu/Documents/AI-project/e2e/data/raw/Video_19700101_085820_output_frame_002460.jpg",
  "command": 1,
  "waypoints": [
    [
      132.96064962906658,
      178.8792284205987
    ],
    [
      125.62077648107848,
      167.7985022475667
    ],
    [
      116.96363352807725,
      157.7203766510415
    ],
    [
      106.80831046923404,
      149.1628832543994
    ],
    [
      95.29460663948151,
      142.54523270491984
    ],
    [
      82.8679214411574,
      137.8435719100454
    ],
    [
      69.97453197389443,
      134.61043581941775
    ],
    [
      56.87988451690621,
      132.30631672510796
    ],
    [
      43.70590435557616,
      130.5016034695278
    ],
    [
      30.505250548256548,
      128.90098496654502
    ]
  ],
  "bboxes": [],
  "categories": [],
  "control_points": [
    [
      132.96064962906658,
      178.8792284205987
    ],
    [
      108.97109277112082,
      138.39685122281523
    ],
    [
      80.98327643685077,
      134.89837418103147
    ],
    [
      30.505250548256548,
      128.90098496654502
    ]
  ]
}