{
  "image_path": "/home/quynhthu/Documents/AI-project/e2e/data/raw/Video_19700101_085820_output_frame_001330_dup1.jpg",
  "command": 0,
  "waypoints": [
    [
      114.21133358036224,
      204.71233506629804
    ],
    [
      113.87876029330414,
      194.0195843537797
    ],
    [
      114.14549176443553,
      183.32523039287793
    ],
    [
      114.67228504252517,
      172.63992141900758
    ],
    [
      115.36041109824843,
      161.96368708934583
    ],
    [
      116.16782264362224,
      151.29577997967502
    ],
    [
      117.0750118594426,
      140.6358848152774
    ],
    [
      118.07867344294341,
      129.98464682320312
    ],
    [
      119.1987683146476,
      119.34527666647135
    ],
    [
      120.70850522938922,
      108.75410763451501
    ]
  ],
  "bboxes": [
    [
      75.7280861207409,
      116.25084415262307,
      85.9625787409723,
      10.995213559891823
    ],
    [
      191.67761093414543,
      60.77499391862351,
      18.99173251254038,
      34.98477041783757
    ]
  ],
  "categories": [
    7,
    8
  ],
  "control_points": []
}