{
  "image_path": "/home/quynhthu/Documents/AI-project/e2e/data/raw/Video_19700101_085820_output_frame_001310.jpg",
  "command": 3,
  "waypoints": [
    [
      112.68208028001915,
      210.76717141455052
    ],
    [
      111.19507787420943,
      197.95270901097294
    ],
    [
      110.04914823092983,
      185.10349453550586
    ],
    [
      109.25124240227005,
      172.22794605115715
    ],
    [
      108.76180729619017,
      159.3368632796326
    ],
    [
      108.48976139433036,
      146.43921946964542
    ],
    [
      108.31163560655463,
      133.53986170978567
    ],
    [
      108.1087192022679,
      120.64087796306518
    ],
    [
      107.79465471042907,
      107.74416318316617
    ],
    [
      107.32185332755489,
      94.85226356751089
    ]
  ],
  "bboxes": [
    [
      78.86415144129329,
      105.64210493205412,
      63.987709245042126,
      8.375354613225397
    ],
    [
      151.45244793981948,
      66.44993985121612,
      12.800303244976675,
      18.639038058474824
    ]
  ],
  "categories": [
    7,
    8
  ],
  "control_points": []
}