{
  "image_path": "/home/quynhthu/Documents/AI-project/e2e/data/raw/Video_20260119_140111_output_frame_001320.jpg",
  "command": 0,
  "waypoints": [
    [
      121.19855142074924,
      210.89486023541807
    ],
    [
      119.56070929476255,
      196.70865827981345
    ],
    [
      117.84925270678573,
      182.5311571987649
    ],
    [
      116.04401842808026,
      168.36530524083994
    ],
    [
      114.11780520879883,
      154.21541774791876
    ],
    [
      112.03728883595183,
      140.08742608427008
    ],
    [
      109.77291966506766,
      125.98775806341362
    ],
    [
      107.32576300043144,
      111.91863070205652
    ],
    [
      104.76431743257612,
      97.86979137547073
    ],
    [
      102.20523381947505,
      83.82052104594082
    ]
  ],
  "bboxes": [],
  "categories": [],
  "control_points": [
    [
      121.19855142074924,
      210.89486023541807
    ],
    [
      113.0585581630603,
      138.99158645916583
    ],
    [
      108.53633968656645,
      119.09382516259286
    ],
    [
      102.20523381947505,
      83.82052104594082
    ]
  ]
}