{
  "image_path": "/home/quynhthu/Documents/AI-project/e2e/data/raw/Video_20260119_140111_output_frame_001290.jpg",
  "command": 0,
  "waypoints": [
    [
      136.12187239317896,
      207.27708545422297
    ],
    [
      135.69701762512685,
      193.56573513203554
    ],
    [
      135.3191866406414,
      179.85300572988268
    ],
    [
      134.97144462807307,
      166.13947605073898
    ],
    [
      134.61583900884804,
      152.426151770947
    ],
    [
      134.17316464434512,
      138.71542429152808
    ],
    [
      133.4942526238654,
      125.01465231448181
    ],
    [
      132.3510099917862,
      111.34552032880559
    ],
    [
      130.5263665815606,
      97.75121419247293
    ],
    [
      127.98187913549002,
      84.2727428935902
    ]
  ],
  "bboxes": [],
  "categories": [],
  "control_points": [
    [
      136.12187239317896,
      207.27708545422297
    ],
    [
      133.86076315493202,
      138.53936461151642
    ],
    [
      135.21742869788017,
      118.18938146729408
    ],
    [
      127.98187913549002,
      84.2727428935902
    ]
  ]
}