{
  "image_path": "/home/quynhthu/Documents/AI-project/e2e/data/raw/Video_19700101_085820_output_frame_002250_dup1.jpg",
  "command": 3,
  "waypoints": [
    [
      94.7884500067048,
      185.45423100520102
    ],
    [
      94.77827665073173,
      175.5842748987172
    ],
    [
      94.8829360483983,
      165.7149225482956
    ],
    [
      95.1391852225331,
      155.8484025363338
    ],
    [
      95.60030426946796,
      145.9894466685615
    ],
    [
      96.338849311783,
      136.14755690340152
    ],
    [
      97.4275576134711,
      126.33828242813193
    ],
    [
      98.83398346634515,
      116.56921016607544
    ],
    [
      100.28904104784259,
      106.80717695010325
    ],
    [
      101.48873369728513,
      97.01048628954072
    ]
  ],
  "bboxes": [
    [
      133.3150812275417,
      64.84912457475517,
      12.06051064304458,
      20.77087944079902
    ],
    [
      71.00244290514465,
      103.04074161106304,
      59.96753903069393,
      9.380397166812457
    ]
  ],
  "categories": [
    0,
    7
  ],
  "control_points": []
}