{
  "image_path": "/home/quynhthu/Documents/AI-project/e2e/data/raw/Video_19700101_085820_output_frame_000440.jpg",
  "command": 0,
  "waypoints": [
    [
      116.79510703363914,
      221.94495412844034
    ],
    [
      115.53132644614112,
      208.43947799623382
    ],
    [
      114.20728788342063,
      194.93979989748377
    ],
    [
      112.74586690411186,
      181.45439188034456
    ],
    [
      111.01155591929694,
      168.00167104574706
    ],
    [
      108.75452598646756,
      154.62789492947041
    ],
    [
      105.49300166892259,
      141.46770672698668
    ],
    [
      100.32607861412133,
      128.95069262743903
    ],
    [
      92.1467487300384,
      118.19664624428076
    ],
    [
      81.1743119266055,
      110.2874617737003
    ]
  ],
  "bboxes": [],
  "categories": [],
  "control_points": [
    [
      116.79510703363914,
      221.94495412844034
    ],
    [
      109.94495412844036,
      147.96330275229357
    ],
    [
      107.20489296636084,
      124.67278287461772
    ],
    [
      81.1743119266055,
      110.2874617737003
    ]
  ]
}