{
  "image_path": "/home/quynhthu/Documents/AI-project/e2e/data/raw/Video_19700101_085820_output_frame_001890.jpg",
  "command": 0,
  "waypoints": [
    [
      145.4947772627137,
      200.43119972649004
    ],
    [
      152.73817387333446,
      191.69035871925485
    ],
    [
      159.65179850790514,
      182.68651670907573
    ],
    [
      166.21571553090286,
      173.42463594956786
    ],
    [
      172.43428134618603,
      163.92731381129377
    ],
    [
      178.34258403500732,
      154.2337234493287
    ],
    [
      184.0042349139036,
      144.3938096953473
    ],
    [
      189.5004629083082,
      134.46038758631568
    ],
    [
      194.9162201610036,
      124.48279202622747
    ],
    [
      200.32586862958746,
      114.50187743512066
    ]
  ],
  "bboxes": [],
  "categories": [],
  "control_points": [
    [
      145.4947772627137,
      200.43119972649004
    ],
    [
      170.45519945211146,
      171.37890504702705
    ],
    [
      182.7308169223071,
      146.8276701066358
    ],
    [
      200.32586862958746,
      114.50187743512065
    ]
  ]
}