{
  "image_path": "/home/quynhthu/Documents/AI-project/e2e/data/raw/Video_20260119_140111_output_frame_001350.jpg",
  "command": 0,
  "waypoints": [
    [
      119.84188587780106,
      214.06041316896375
    ],
    [
      118.48347806317858,
      199.90769543964254
    ],
    [
      117.06552012810272,
      185.7608247241741
    ],
    [
      115.57354584396,
      171.6215755473869
    ],
    [
      113.98914445070162,
      157.49239613469717
    ],
    [
      112.29216469446317,
      143.37630861922955
    ],
    [
      110.47159304854588,
      129.2756269670305
    ],
    [
      108.55932702700255,
      115.1870523928113
    ],
    [
      106.66549176684629,
      101.09600650750339
    ],
    [
      104.91856490537137,
      86.9860739794865
    ]
  ],
  "bboxes": [],
  "categories": [],
  "control_points": [
    [
      119.84188587780106,
      214.06041316896375
    ],
    [
      112.60633631541091,
      137.18269906856827
    ],
    [
      108.98856153421583,
      121.80715624848918
    ],
    [
      104.91856490537137,
      86.9860739794865
    ]
  ]
}