{
  "image_path": "/home/quynhthu/Documents/AI-project/e2e/data/raw/Video_20260119_140111_output_frame_000320.jpg",
  "command": 0,
  "waypoints": [
    [
      115.7718892489566,
      192.3537644817933
    ],
    [
      116.8642060135312,
      181.02463312413116
    ],
    [
      117.80666966749071,
      169.68209628451362
    ],
    [
      118.55711276304113,
      158.32530543269533
    ],
    [
      119.06618369541377,
      146.95523116683034
    ],
    [
      119.28198136306506,
      135.57591835156984
    ],
    [
      119.15886475000374,
      124.19531475806833
    ],
    [
      118.67253963232791,
      112.82447054966957
    ],
    [
      117.83148420407689,
      101.4742860216479
    ],
    [
      116.67633294425538,
      90.1516269130322
    ]
  ],
  "bboxes": [],
  "categories": [],
  "control_points": [
    [
      115.7718892489566,
      192.3537644817933
    ],
    [
      120.29410772545046,
      148.03602341215353
    ],
    [
      120.29410772545046,
      121.80715624848918
    ],
    [
      116.67633294425538,
      90.1516269130322
    ]
  ]
}