{
  "image_path": "/home/quynhthu/Documents/AI-project/e2e/data/raw/Video_20260119_140111_output_frame_000620.jpg",
  "command": 0,
  "waypoints": [
    [
      120.74632957309984,
      195.97153926298833
    ],
    [
      120.36766358157216,
      183.53161612061263
    ],
    [
      119.94833418993731,
      171.09300757120565
    ],
    [
      119.43976602902382,
      158.65776795815174
    ],
    [
      118.75616116857287,
      146.23105825169824
    ],
    [
      117.75293745883752,
      133.82646025910736
    ],
    [
      116.22563508700408,
      121.47622463686753
    ],
    [
      113.99399311499876,
      109.23420375044871
    ],
    [
      111.06383427352029,
      97.13977788831482
    ],
    [
      107.63189599126767,
      85.17718658888896
    ]
  ],
  "bboxes": [],
  "categories": [],
  "control_points": [
    [
      120.74632957309984,
      195.97153926298833
    ],
    [
      118.93744218250231,
      134.92158983032135
    ],
    [
      118.03299848720353,
      119.54604701024225
    ],
    [
      107.63189599126767,
      85.17718658888896
    ]
  ]
}