{
  "image_path": "/home/quynhthu/Documents/AI-project/e2e/data/raw/Video_19700101_085820_output_frame_002120.jpg",
  "command": 3,
  "waypoints": [
    [
      37.83672244069866,
      211.62383964186992
    ],
    [
      40.91691684358157,
      198.12154575294954
    ],
    [
      44.10691706212746,
      184.64482126022168
    ],
    [
      47.50395400357089,
      171.2189765076885
    ],
    [
      51.305143806461736,
      157.90270542992195
    ],
    [
      55.88125050791893,
      144.8350869301185
    ],
    [
      61.59452597675823,
      132.2245503766085
    ],
    [
      68.15362810420152,
      120.02818576931071
    ],
    [
      74.92865837037334,
      107.94932262506813
    ],
    [
      81.61975808439637,
      95.82384817302453
    ]
  ],
  "bboxes": [],
  "categories": [],
  "control_points": [
    [
      37.83672244069866,
      211.62383964186992
    ],
    [
      54.61339964996601,
      137.15176032268315
    ],
    [
      56.25014864599209,
      142.47119455976792
    ],
    [
      81.61975808439637,
      95.82384817302453
    ]
  ]
}