{
  "image_path": "/home/quynhthu/Documents/AI-project/e2e/data/raw/Video_19700101_085820_output_frame_001620.jpg",
  "command": 3,
  "waypoints": [
    [
      33.182823922397795,
      209.52417620278518
    ],
    [
      37.41481826000999,
      195.79590817304057
    ],
    [
      41.735293925793464,
      182.0952389179346
    ],
    [
      46.16089816156304,
      168.42818164928593
    ],
    [
      50.71529569847581,
      154.80352689247755
    ],
    [
      55.43141051617226,
      141.2340466731602
    ],
    [
      60.35805973381761,
      127.73966945233892
    ],
    [
      65.57048825306694,
      114.35328230680538
    ],
    [
      71.18741121056965,
      101.13197162855944
    ],
    [
      77.34761131104783,
      88.15528512064546
    ]
  ],
  "bboxes": [],
  "categories": [],
  "control_points": [
    [
      33.182823922397795,
      209.52417620278518
    ],
    [
      57.492842344174015,
      129.85029995108044
    ],
    [
      69.65388833638423,
      103.54273106997265
    ],
    [
      77.34761131104783,
      88.15528512064546
    ]
  ]
}