{
  "image_path": "/home/quynhthu/Documents/AI-project/e2e/data/raw/Video_19700101_085820_output_frame_002870_dup2.jpg",
  "command": 3,
  "waypoints": [
    [
      131.14743206903572,
      192.3537644817933
    ],
    [
      129.64667349224376,
      181.45645370055817
    ],
    [
      128.20483280613664,
      170.55120177812785
    ],
    [
      126.85084540781958,
      159.6347210072281
    ],
    [
      125.63528899224539,
      148.70203338038345
    ],
    [
      124.64893745237866,
      137.7465008886974
    ],
    [
      124.0400250381276,
      126.76401075973783
    ],
    [
      123.92794202892385,
      115.76529416702314
    ],
    [
      124.14401869189561,
      104.76733309560511
    ],
    [
      124.36410435429492,
      93.76940169422728
    ]
  ],
  "bboxes": [],
  "categories": [],
  "control_points": [
    [
      131.14743206903572,
      192.3537644817933
    ],
    [
      122.10299511604799,
      127.68604026793118
    ],
    [
      123.91188250664555,
      124.97270918203486
    ],
    [
      124.36410435429492,
      93.76940169422728
    ]
  ]
}