{
  "image_path": "/home/quynhthu/Documents/AI-project/e2e/data/raw/Video_19700101_085820_output_frame_002710.jpg",
  "command": 0,
  "waypoints": [
    [
      146.5229748891148,
      190.54487709119573
    ],
    [
      145.1741895541623,
      180.16941985439712
    ],
    [
      143.7372563371249,
      169.80584937467736
    ],
    [
      142.12948532444634,
      159.46755787894836
    ],
    [
      140.2166363312636,
      149.18177212873593
    ],
    [
      137.81880854614047,
      138.99893030975736
    ],
    [
      134.78539496221475,
      128.9875951620228
    ],
    [
      131.11974280517956,
      119.18956326615917
    ],
    [
      126.9806983500931,
      109.58102993722568
    ],
    [
      122.55521696369738,
      100.1005075613187
    ]
  ],
  "bboxes": [],
  "categories": [],
  "control_points": [
    [
      146.5229748891148,
      190.54487709119573
    ],
    [
      140.6440908696728,
      144.41824863095846
    ],
    [
      137.9307597837765,
      132.20825874442502
    ],
    [
      122.55521696369738,
      100.10050756131868
    ]
  ]
}