{
  "image_path": "/home/quynhthu/Documents/AI-project/e2e/data/raw/Video_19700101_085820_output_frame_002150.jpg",
  "command": 1,
  "waypoints": [
    [
      74.66357485128552,
      187.4817919504852
    ],
    [
      72.25133680511192,
      174.95225820318674
    ],
    [
      69.09980811459208,
      162.59035238402484
    ],
    [
      64.84649646058436,
      150.56765164884987
    ],
    [
      58.918275325553985,
      139.2889732523439
    ],
    [
      50.610723459249044,
      129.6514344133539
    ],
    [
      39.83458522801142,
      122.8963052756826
    ],
    [
      27.63654908488885,
      119.23756620442194
    ],
    [
      14.984831832619609,
      117.64424287623463
    ],
    [
      2.2374317771313597,
      117.10158512136361
    ]
  ],
  "bboxes": [
    [
      141.4470909107602,
      69.14159465484556,
      4.963692241718462,
      9.431015259265038
    ]
  ],
  "categories": [
    0
  ],
  "control_points": []
}