{
  "image_path": "/home/quynhthu/Documents/AI-project/e2e/data/raw/Video_19700101_085820_output_frame_001910_dup3.jpg",
  "command": 2,
  "waypoints": [
    [
      143.8580282666876,
      224.0
    ],
    [
      144.8428077034191,
      205.4725656687476
    ],
    [
      146.04714702105943,
      186.958293052841
    ],
    [
      147.65196769796387,
      168.47504675944754
    ],
    [
      150.04008668952503,
      150.0798327427404
    ],
    [
      154.18199339297,
      132.02533670422238
    ],
    [
      163.06621954184558,
      115.91384989737794
    ],
    [
      179.6415301667583,
      107.99042723223212
    ],
    [
      198.09995234996853,
      106.63599834093864
    ],
    [
      216.65155025654823,
      106.46271664719409
    ]
  ],
  "bboxes": [
    [
      107.39855477180718,
      104.825967651168,
      92.4763182754737,
      18.822613454299955
    ]
  ],
  "categories": [
    7
  ],
  "control_points": []
}