{
  "image_path": "/home/quynhthu/Documents/AI-project/e2e/data/raw/Video_19700101_085820_output_frame_001200.jpg",
  "command": 3,
  "waypoints": [
    [
      115.77087935389075,
      198.40688951088325
    ],
    [
      116.49725202055726,
      187.01948503149387
    ],
    [
      116.95903581233483,
      175.61837348259542
    ],
    [
      117.23646930469593,
      164.21118482242449
    ],
    [
      117.39662449834307,
      152.80169241989094
    ],
    [
      117.49468328610317,
      141.3914732084198
    ],
    [
      117.5752142360569,
      129.98111064986765
    ],
    [
      117.67385658902126,
      118.57089381820548
    ],
    [
      117.81880547874594,
      107.16117930136285
    ],
    [
      118.03198859213768,
      95.75253009447277
    ]
  ],
  "bboxes": [
    [
      132.5350947233844,
      71.01920478808835,
      4.547000546019859,
      7.578334243366442
    ]
  ],
  "categories": [
    8
  ],
  "control_points": []
}