{
  "image_path": "/home/quynhthu/Documents/AI-project/e2e/data/raw/Video_19700101_085820_output_frame_002510.jpg",
  "command": 0,
  "waypoints": [
    [
      70.98762774604003,
      194.87226632589585
    ],
    [
      67.33635254273086,
      185.85925122355624
    ],
    [
      64.38857867343025,
      176.5956754645189
    ],
    [
      62.59231711893298,
      167.04474910644126
    ],
    [
      61.98666650171126,
      157.3427062990627
    ],
    [
      62.20543285851583,
      147.62121993882724
    ],
    [
      62.888444217056865,
      137.9200954057949
    ],
    [
      63.81657079417553,
      128.23899511789642
    ],
    [
      64.87172321515705,
      118.57081728638363
    ],
    [
      65.98980340063467,
      108.90968758492356
    ]
  ],
  "bboxes": [],
  "categories": [],
  "control_points": [
    [
      70.98762774604003,
      194.87226632589585
    ],
    [
      59.992414186148224,
      169.3833621643285
    ],
    [
      59.992414186148224,
      159.88749590805833
    ],
    [
      65.98980340063467,
      108.90968758492356
    ]
  ]
}