{
  "image_path": "/home/quynhthu/Documents/AI-project/e2e/data/raw/Video_19700101_085820_output_frame_000950_dup3.jpg",
  "command": 0,
  "waypoints": [
    [
      129.78967624916626,
      216.95589668384685
    ],
    [
      130.8319426010343,
      205.90042859438933
    ],
    [
      131.87420895290236,
      194.84496050493183
    ],
    [
      132.9164753047704,
      183.78949241547434
    ],
    [
      133.9587416566385,
      172.73402432601682
    ],
    [
      135.0010080085065,
      161.6785562365593
    ],
    [
      136.0432743603745,
      150.62308814710178
    ],
    [
      137.0855407122426,
      139.56762005764412
    ],
    [
      138.12780706411067,
      128.51215196818652
    ],
    [
      139.1700734159787,
      117.45668387872895
    ]
  ],
  "bboxes": [
    [
      99.63839964155476,
      114.44155621796783,
      82.07847520960901,
      17.420737595508868
    ]
  ],
  "categories": [
    7
  ],
  "control_points": []
}