{
  "image_path": "/home/quynhthu/Documents/AI-project/e2e/data/raw/Video_19700101_085820_output_frame_002000_dup1.jpg",
  "command": 0,
  "waypoints": [
    [
      91.8494393095594,
      196.89309867763518
    ],
    [
      106.20060043669882,
      189.92940168237615
    ],
    [
      120.49918733200464,
      182.85842687707424
    ],
    [
      134.7489344917084,
      175.6895059570372
    ],
    [
      148.97050038406545,
      168.46481234678993
    ],
    [
      163.22471406552202,
      161.3050922089803
    ],
    [
      177.64015260616222,
      154.47759559111304
    ],
    [
      192.37234098267734,
      148.366475370139
    ],
    [
      207.45609119652474,
      143.18374989152935
    ],
    [
      222.78935899164603,
      138.7885093187092
    ]
  ],
  "bboxes": [],
  "categories": [],
  "control_points": []
}