{
  "image_path": "/home/quynhthu/Documents/AI-project/e2e/data/raw/Video_19700101_085820_output_frame_002590.jpg",
  "command": 3,
  "waypoints": [
    [
      153.30630260385558,
      204.56375436832667
    ],
    [
      151.09492089305212,
      192.0641997957583
    ],
    [
      148.85538102572863,
      179.56966073334118
    ],
    [
      146.58149693443292,
      167.0813280288791
    ],
    [
      144.26458291264458,
      154.6009099112435
    ],
    [
      141.89169284872213,
      142.13101950285366
    ],
    [
      139.44266657738987,
      129.67587190795564
    ],
    [
      136.88556693168724,
      117.24249265920749
    ],
    [
      134.18962912143323,
      104.83847950959345
    ],
    [
      131.5996539166851,
      92.41273615127913
    ]
  ],
  "bboxes": [],
  "categories": [],
  "control_points": [
    [
      153.30630260385558,
      204.56375436832667
    ],
    [
      137.4785379361271,
      114.571606686099
    ],
    [
      134.3129850025814,
      107.33605712370885
    ],
    [
      131.5996539166851,
      92.41273615127913
    ]
  ]
}