{
  "image_path": "/home/quynhthu/Documents/AI-project/e2e/data/raw/Video_20260119_140111_output_frame_000560.jpg",
  "command": 0,
  "waypoints": [
    [
      98.13523719063059,
      184.2137712241043
    ],
    [
      97.77334397752337,
      172.69121952065692
    ],
    [
      97.04063409437173,
      161.18647240169335
    ],
    [
      95.8697398822935,
      149.71824938555793
    ],
    [
      94.19505255041669,
      138.31293713211562
    ],
    [
      91.9760138217168,
      127.00102139454744
    ],
    [
      89.23883769542114,
      115.80288948280219
    ],
    [
      86.13480743641463,
      104.7002125275469
    ],
    [
      82.95458017604582,
      93.61892259201407
    ],
    [
      80.04636328465517,
      82.46385550299264
    ]
  ],
  "bboxes": [],
  "categories": [],
  "control_points": [
    [
      98.13523719063059,
      184.2137712241043
    ],
    [
      97.23079349533181,
      130.85159320147687
    ],
    [
      86.82969099939595,
      110.95383190490392
    ],
    [
      80.04636328465517,
      82.46385550299264
    ]
  ]
}