{
  "image_path": "/home/quynhthu/Documents/AI-project/e2e/data/raw/Video_19700101_085820_output_frame_002070.jpg",
  "command": 2,
  "waypoints": [
    [
      39.88265868573126,
      217.35246112796122
    ],
    [
      41.802821876202536,
      198.8440351212714
    ],
    [
      45.18543617347347,
      180.54893635335614
    ],
    [
      50.42460906919764,
      162.7010772105707
    ],
    [
      58.00032712453898,
      145.72087449921796
    ],
    [
      68.40314587529585,
      130.32412437810342
    ],
    [
      81.84536995555779,
      117.5127575398676
    ],
    [
      97.92747605187722,
      108.23217924091294
    ],
    [
      115.66673846815112,
      102.70285099294978
    ],
    [
      133.99572595723103,
      99.50653341408322
    ]
  ],
  "bboxes": [],
  "categories": [],
  "control_points": [
    [
      39.88265868573126,
      217.35246112796122
    ],
    [
      48.06640366586167,
      99.09734616507671
    ],
    [
      119.26498499299629,
      103.59840590414844
    ],
    [
      133.99572595723103,
      99.50653341408322
    ]
  ]
}