{
  "image_path": "/home/quynhthu/Documents/AI-project/e2e/data/raw/Video_19700101_085820_output_frame_002970.jpg",
  "command": 0,
  "waypoints": [
    [
      182.70072270106562,
      178.7871090523117
    ],
    [
      181.15482836055446,
      169.08367573264067
    ],
    [
      179.0409090019468,
      159.48989243797996
    ],
    [
      175.9625614189481,
      150.1646850976871
    ],
    [
      171.65476881382276,
      141.341861148973
    ],
    [
      166.2438429230639,
      133.145650004662
    ],
    [
      160.09275932713095,
      125.48530632980669
    ],
    [
      153.51240317758933,
      118.18847044567683
    ],
    [
      146.6923490546477,
      111.11444552748748
    ],
    [
      139.73964717437403,
      104.17050419016314
    ]
  ],
  "bboxes": [],
  "categories": [],
  "control_points": [
    [
      182.70072270106562,
      178.7871090523117
    ],
    [
      178.17850422457175,
      146.67935786920535
    ],
    [
      172.2996202051298,
      136.2782553732695
    ],
    [
      139.73964717437403,
      104.17050419016314
    ]
  ]
}