{
  "image_path": "/home/quynhthu/Documents/AI-project/e2e/data/raw/Video_19700101_085820_output_frame_000490.jpg",
  "command": 0,
  "waypoints": [
    [
      117.48012232415901,
      223.31498470948011
    ],
    [
      115.73494934596218,
      209.08230280855196
    ],
    [
      113.49668172250009,
      194.91905448992568
    ],
    [
      110.66583690745416,
      180.8626551673481
    ],
    [
      107.11582169261366,
      166.97121211842315
    ],
    [
      102.66971876656258,
      153.3415111844803
    ],
    [
      97.07201241974938,
      140.14582732664402
    ],
    [
      89.9470453355503,
      127.7153261259806
    ],
    [
      80.75194436106828,
      116.74928988253603
    ],
    [
      68.8440366972477,
      108.91743119266054
    ]
  ],
  "bboxes": [],
  "categories": [],
  "control_points": [
    [
      117.48012232415901,
      223.31498470948011
    ],
    [
      108.23241590214067,
      136.6605504587156
    ],
    [
      82.20183486238531,
      114.05504587155963
    ],
    [
      68.8440366972477,
      108.91743119266054
    ]
  ]
}