{
  "image_path": "/home/quynhthu/Documents/AI-project/e2e/data/raw/Video_19700101_085820_output_frame_002260_dup2.jpg",
  "command": 0,
  "waypoints": [
    [
      94.7884500067048,
      185.45423100520102
    ],
    [
      95.44572950200012,
      176.34422418704773
    ],
    [
      96.11396827296778,
      167.23501516469963
    ],
    [
      96.79524579725766,
      158.12677227766517
    ],
    [
      97.49227935157799,
      149.01972202528654
    ],
    [
      98.20870062950539,
      139.91417713835267
    ],
    [
      98.95075094623948,
      130.81068663848188
    ],
    [
      99.728601498288,
      121.71018892812782
    ],
    [
      100.53937318052778,
      112.61257964938727
    ],
    [
      102.01281787461042,
      103.60726180845614
    ]
  ],
  "bboxes": [
    [
      70.17149556056086,
      107.67998908118341,
      71.4578512396694,
      8.145454545454541
    ],
    [
      141.99959473411457,
      63.62048494895202,
      14.439669421487594,
      22.58512396694214
    ]
  ],
  "categories": [
    7,
    0
  ],
  "control_points": []
}