{
  "image_path": "/home/quynhthu/Documents/AI-project/e2e/data/raw/Video_19700101_085820_output_frame_001210.jpg",
  "command": 1,
  "waypoints": [
    [
      115.77087935389075,
      198.40688951088325
    ],
    [
      111.30455548508394,
      182.68647131271257
    ],
    [
      103.83872919723187,
      168.17103286463546
    ],
    [
      93.33664723127943,
      155.67902078339722
    ],
    [
      80.3731537569834,
      145.75583704573975
    ],
    [
      65.80034264839247,
      138.37692279206075
    ],
    [
      50.31028683091651,
      133.1698019234742
    ],
    [
      34.338663723125414,
      129.6893172765933
    ],
    [
      18.12831030636555,
      127.56418548326177
    ],
    [
      1.8109737462456694,
      126.50361573463098
    ]
  ],
  "bboxes": [
    [
      137.92974988871063,
      70.8803284737566,
      3.6177747811950667,
      6.331105867091381
    ]
  ],
  "categories": [
    8
  ],
  "control_points": []
}