{
  "image_path": "/home/quynhthu/Documents/AI-project/e2e/data/raw/Video_19700101_085820_output_frame_002980.jpg",
  "command": 0,
  "waypoints": [
    [
      182.70072270106562,
      178.7871090523117
    ],
    [
      177.1435417133228,
      169.65328401092654
    ],
    [
      171.4323718145982,
      160.61555941820643
    ],
    [
      165.2995311209003,
      151.85973086493883
    ],
    [
      158.62630672753087,
      143.50888898333417
    ],
    [
      151.4433028157757,
      135.59181494613279
    ],
    [
      143.84243375845338,
      128.0742945869871
    ],
    [
      135.91874556935053,
      120.89727293479112
    ],
    [
      127.74883209019521,
      114.00145542063059
    ],
    [
      119.38966403015169,
      107.33605712370885
    ]
  ],
  "bboxes": [],
  "categories": [],
  "control_points": [
    [
      182.70072270106562,
      178.7871090523117
    ],
    [
      169.13406727158406,
      156.6282385174918
    ],
    [
      160.08963031859633,
      138.99158645916583
    ],
    [
      119.38966403015169,
      107.33605712370885
    ]
  ]
}