{
  "image_path": "/home/quynhthu/Documents/AI-project/e2e/data/raw/Video_20260119_140111_output_frame_000500.jpg",
  "command": 0,
  "waypoints": [
    [
      98.58745903827997,
      196.42376111063777
    ],
    [
      101.26258576450303,
      184.68508553162584
    ],
    [
      103.85378743990586,
      172.92763834195532
    ],
    [
      106.27874681775761,
      161.13492307896166
    ],
    [
      108.3871582905324,
      149.28198251973393
    ],
    [
      109.93895123605188,
      137.34449088977968
    ],
    [
      110.69763010187944,
      125.3312938455897
    ],
    [
      110.67948374574286,
      113.29316927963106
    ],
    [
      110.16850280675486,
      101.26476684502876
    ],
    [
      109.4407833818652,
      89.24718321773344
    ]
  ],
  "bboxes": [],
  "categories": [],
  "control_points": [
    [
      98.58745903827997,
      196.42376111063777
    ],
    [
      111.70189262011213,
      139.44380830681519
    ],
    [
      112.15411446776152,
      131.30381504912626
    ],
    [
      109.4407833818652,
      89.24718321773344
    ]
  ]
}