{
  "image_path": "/home/quynhthu/Documents/AI-project/e2e/data/raw/Video_19700101_085820_output_frame_001100.jpg",
  "command": 0,
  "waypoints": [
    [
      110.76546851135835,
      207.81142271372667
    ],
    [
      111.21994169391498,
      195.75323123339018
    ],
    [
      111.83576942843976,
      183.70225251057315
    ],
    [
      112.6028614838475,
      171.6599481076571
    ],
    [
      113.51596899902655,
      159.62783109979503
    ],
    [
      114.57365404822453,
      147.60756123275533
    ],
    [
      115.77866748227254,
      135.60117161311842
    ],
    [
      117.13876377619917,
      123.61137249235661
    ],
    [
      118.66860831452092,
      111.64207220833096
    ],
    [
      120.39191479235008,
      99.69902601951179
    ]
  ],
  "bboxes": [
    [
      94.47455942044927,
      98.58828221785889,
      50.353719008264434,
      9.626446280991743
    ],
    [
      156.67621231301126,
      61.19324089554485,
      8.145454545454527,
      30.73057851239669
    ]
  ],
  "categories": [
    7,
    12
  ],
  "control_points": []
}