{
  "image_path": "/home/quynhthu/Documents/AI-project/e2e/data/raw/Video_19700101_085820_output_frame_001090.jpg",
  "command": 0,
  "waypoints": [
    [
      108.56251946067165,
      208.6671586157404
    ],
    [
      109.62935474853805,
      196.6466143348837
    ],
    [
      110.70970861160804,
      184.6272780046369
    ],
    [
      111.80579530190373,
      172.60936646057723
    ],
    [
      112.92017931128593,
      160.59313814101142
    ],
    [
      114.05615926252317,
      148.57893278509246
    ],
    [
      115.21798985682386,
      136.56720068021846
    ],
    [
      116.41143069593468,
      124.55856963256174
    ],
    [
      117.6445276063015,
      112.5539487612349
    ],
    [
      118.92946160943198,
      100.55476192152554
    ]
  ],
  "bboxes": [
    [
      151.14103185736587,
      62.048976797558595,
      7.034710743801639,
      29.619834710743802
    ],
    [
      95.97408970860553,
      97.96302638433545,
      48.872727272727275,
      7.034710743801654
    ]
  ],
  "categories": [
    12,
    7
  ],
  "control_points": []
}