{
  "image_path": "/home/quynhthu/Documents/AI-project/e2e/data/raw/Video_19700101_085820_output_frame_001270_dup1.jpg",
  "command": 3,
  "waypoints": [
    [
      133.88024136840795,
      200.52421540014657
    ],
    [
      131.0650616843686,
      188.3395796274067
    ],
    [
      128.22801662647632,
      176.16001764014118
    ],
    [
      125.42634096206467,
      163.9722957717977
    ],
    [
      122.74784974383249,
      151.7569848427982
    ],
    [
      120.27631689795263,
      139.49820011602176
    ],
    [
      118.04398620413757,
      127.19361428714863
    ],
    [
      116.0278011150115,
      114.85171949448178
    ],
    [
      114.182548768484,
      102.48306017022067
    ],
    [
      112.46398415142387,
      90.09610710720176
    ]
  ],
  "bboxes": [
    [
      137.138573174595,
      68.57262355365928,
      7.1861351550746235,
      9.880935838227614
    ],
    [
      94.40255761097612,
      93.6080563765494,
      38.235020430745635,
      3.311694682977972
    ]
  ],
  "categories": [
    8,
    7
  ],
  "control_points": []
}