{
  "image_path": "/home/quynhthu/Documents/AI-project/e2e/data/raw/Video_19700101_085820_output_frame_001760.jpg",
  "command": 0,
  "waypoints": [
    [
      119.87010370798676,
      189.00101680857355
    ],
    [
      118.97866218564215,
      178.64284910352012
    ],
    [
      117.82375834052344,
      168.31068544856748
    ],
    [
      116.47056724343375,
      158.00244457080083
    ],
    [
      115.10404492020147,
      147.6959707413629
    ],
    [
      114.09980362984012,
      137.3493916500436
    ],
    [
      113.9691208944846,
      126.95842682644655
    ],
    [
      115.04420939399176,
      116.62362475515813
    ],
    [
      117.24529769854432,
      106.4667680148645
    ],
    [
      120.27929095699326,
      96.5246985330999
    ]
  ],
  "bboxes": [],
  "categories": [],
  "control_points": [
    [
      119.87010370798676,
      189.00101680857355
    ],
    [
      116.59660571593459,
      143.9904194178563
    ],
    [
      108.00367348679765,
      132.53317644567372
    ],
    [
      120.27929095699326,
      96.5246985330999
    ]
  ]
}