{
  "image_path": "/home/quynhthu/Documents/AI-project/e2e/data/raw/Video_19700101_085820_output_frame_000950.jpg",
  "command": 3,
  "waypoints": [
    [
      123.66280991735536,
      214.74380165289256
    ],
    [
      125.3906336088154,
      200.88007346189173
    ],
    [
      127.11845730027547,
      187.01634527089087
    ],
    [
      128.84628099173545,
      173.15261707989
    ],
    [
      130.5741046831956,
      159.28888888888912
    ],
    [
      132.3019283746556,
      145.42516069788817
    ],
    [
      134.02975206611566,
      131.56143250688717
    ],
    [
      135.75757575757575,
      117.69770431588617
    ],
    [
      137.4853994490358,
      103.83397612488514
    ],
    [
      139.21322314049587,
      89.97024793388431
    ]
  ],
  "bboxes": [
    [
      100.33719008264463,
      114.03636363636363,
      79.60330578512396,
      17.40165289256197
    ]
  ],
  "categories": [
    7
  ],
  "control_points": []
}