{
  "image_path": "/home/quynhthu/Documents/AI-project/e2e/data/raw/Video_19700101_085820_output_frame_001990_dup2.jpg",
  "command": 0,
  "waypoints": [
    [
      85.71163057446158,
      185.84504295445913
    ],
    [
      100.71895543374205,
      179.87496536978094
    ],
    [
      115.68326798455055,
      173.79787137804203
    ],
    [
      130.6113164546976,
      167.63218794334873
    ],
    [
      145.52958206565748,
      161.44284706237266
    ],
    [
      160.50847124025395,
      155.40237598688046
    ],
    [
      175.67813428511346,
      149.86220269763388
    ],
    [
      191.1504724847304,
      145.239671825712
    ],
    [
      206.89178888139773,
      141.63440472350308
    ],
    [
      222.78935899164603,
      138.7885093187092
    ]
  ],
  "bboxes": [],
  "categories": [],
  "control_points": [
    [
      85.71163057446158,
      185.84504295445913
    ],
    [
      162.63883338768747,
      155.56518652797655
    ],
    [
      172.0501401148375,
      146.97225429883963
    ],
    [
      222.78935899164603,
      138.7885093187092
    ]
  ]
}