{
  "image_path": "/home/quynhthu/Documents/AI-project/e2e/data/raw/Video_19700101_085820_output_frame_002570_dup1.jpg",
  "command": 3,
  "waypoints": [
    [
      170.03851096688285,
      200.94597958713163
    ],
    [
      168.32600766851857,
      188.74838514353502
    ],
    [
      166.64126533536324,
      176.54692637929918
    ],
    [
      164.98937384221426,
      164.34097800537512
    ],
    [
      163.3770445007995,
      152.12974285231243
    ],
    [
      161.81309162429665,
      139.91222116365972
    ],
    [
      160.30990917522857,
      127.68707953467843
    ],
    [
      158.88068796826536,
      115.45307604268385
    ],
    [
      157.50001375730375,
      103.21348503093643
    ],
    [
      155.5674118421025,
      91.05607060833097
    ]
  ],
  "bboxes": [],
  "categories": [],
  "control_points": [
    [
      170.03851096688285,
      200.94597958713163
    ],
    [
      156.92407738505068,
      108.24050081900761
    ],
    [
      158.28074292799883,
      102.813838647215
    ],
    [
      155.5674118421025,
      91.05607060833097
    ]
  ]
}