{
  "image_path": "/home/quynhthu/Documents/AI-project/e2e/data/raw/Video_20260119_140111_output_frame_000420.jpg",
  "command": 0,
  "waypoints": [
    [
      101.30079012417627,
      197.3282048059365
    ],
    [
      102.45690620704998,
      185.15385543777356
    ],
    [
      103.51438354430798,
      172.97056545935092
    ],
    [
      104.43366609481974,
      160.77611218990543
    ],
    [
      105.16761290975195,
      148.56916372998796
    ],
    [
      105.6734242240926,
      136.3506852903144
    ],
    [
      105.94065689840183,
      124.12464083866848
    ],
    [
      106.00779853084117,
      111.89577705426589
    ],
    [
      105.9458622468283,
      99.66681899543416
    ],
    [
      105.82300860067014,
      87.43829582713589
    ]
  ],
  "bboxes": [],
  "categories": [],
  "control_points": [
    [
      101.30079012417627,
      197.3282048059365
    ],
    [
      106.27523044831952,
      146.67935786920535
    ],
    [
      106.27523044831952,
      128.13826211558057
    ],
    [
      105.82300860067014,
      87.43829582713589
    ]
  ]
}