{
  "image_path": "/home/quynhthu/Documents/AI-project/e2e/data/raw/Video_19700101_085820_output_frame_001580_dup2.jpg",
  "command": 0,
  "waypoints": [
    [
      89.3794029027239,
      186.87290713491834
    ],
    [
      90.89887477653785,
      177.51631310248604
    ],
    [
      92.47590208527917,
      168.16925854333226
    ],
    [
      94.11614217627525,
      158.83309261952476
    ],
    [
      95.8252901600536,
      149.5092998354292
    ],
    [
      97.61130000262918,
      140.19993091092707
    ],
    [
      99.4836145562749,
      130.9075441510353
    ],
    [
      101.45460986169498,
      121.63559967033191
    ],
    [
      103.53907016391368,
      112.38847301337957
    ],
    [
      105.58605298134815,
      103.13295743570833
    ]
  ],
  "bboxes": [
    [
      72.93976106050481,
      104.5713783012511,
      72.54110564490425,
      8.331051348574434
    ]
  ],
  "categories": [
    7
  ],
  "control_points": []
}