{
  "image_path": "/home/quynhthu/Documents/AI-project/e2e/data/raw/Video_19700101_085820_output_frame_002770.jpg",
  "command": 0,
  "waypoints": [
    [
      123.00743881134677,
      187.83154600529943
    ],
    [
      119.97002401943931,
      175.04857252180753
    ],
    [
      116.20924825311316,
      162.4626626800069
    ],
    [
      110.88869007453576,
      150.46826627750468
    ],
    [
      102.81531014202142,
      140.16893311576234
    ],
    [
      91.94403626895306,
      132.8719187475586
    ],
    [
      79.69355287447598,
      128.1596980023574
    ],
    [
      66.9763488485077,
      124.86757064195963
    ],
    [
      54.097086875631824,
      122.26862957344032
    ],
    [
      41.15528438680804,
      119.99826885789165
    ]
  ],
  "bboxes": [],
  "categories": [],
  "control_points": [
    [
      123.00743881134677,
      187.83154600529943
    ],
    [
      111.70189262011213,
      136.73047722091889
    ],
    [
      103.10967751477381,
      130.3993713538275
    ],
    [
      41.15528438680804,
      119.99826885789165
    ]
  ]
}