{
  "image_path": "/home/quynhthu/Documents/AI-project/e2e/data/raw/Video_20260119_140111_output_frame_000640.jpg",
  "command": 0,
  "waypoints": [
    [
      87.73413469469473,
      202.7548669777291
    ],
    [
      88.4718485345171,
      189.4484984123095
    ],
    [
      89.13545071139714,
      176.13823684957427
    ],
    [
      89.70221220642132,
      162.8235167474303
    ],
    [
      90.14151847171638,
      149.50400938868566
    ],
    [
      90.42374394352163,
      136.18026514915857
    ],
    [
      90.58543742905393,
      122.85444113893864
    ],
    [
      90.84446399049537,
      109.53033719507216
    ],
    [
      91.41147274506771,
      96.2159236071243
    ],
    [
      92.25635317118858,
      82.91607735064204
    ]
  ],
  "bboxes": [],
  "categories": [],
  "control_points": [
    [
      87.73413469469473,
      202.7548669777291
    ],
    [
      92.25635317118858,
      124.52048733438548
    ],
    [
      89.09080023764288,
      127.23381842028179
    ],
    [
      92.25635317118858,
      82.91607735064204
    ]
  ]
}