{
  "image_path": "/home/quynhthu/Documents/AI-project/e2e/data/raw/Video_20260119_140111_output_frame_000440.jpg",
  "command": 0,
  "waypoints": [
    [
      103.10967751477381,
      194.6148737200402
    ],
    [
      103.95485717530272,
      182.708663768001
    ],
    [
      104.91307739359404,
      170.81101071237856
    ],
    [
      105.96204599022873,
      158.92099162945178
    ],
    [
      107.04440214633051,
      147.0339485914845
    ],
    [
      108.0574724080037,
      135.14086335136832
    ],
    [
      108.87265710202182,
      123.23275225076773
    ],
    [
      109.38731419445885,
      111.30801929270103
    ],
    [
      109.56806584633793,
      99.37355219538193
    ],
    [
      109.4407833818652,
      87.43829582713587
    ]
  ],
  "bboxes": [],
  "categories": [],
  "control_points": [
    [
      103.10967751477381,
      194.6148737200402
    ],
    [
      106.27523044831952,
      146.67935786920535
    ],
    [
      110.34522707716398,
      128.13826211558057
    ],
    [
      109.4407833818652,
      87.43829582713589
    ]
  ]
}