{
  "image_path": "/home/quynhthu/Documents/AI-project/e2e/data/raw/Video_19700101_085820_output_frame_001880.jpg",
  "command": 0,
  "waypoints": [
    [
      136.90184503357676,
      194.7025782403987
    ],
    [
      145.74922241072542,
      185.70958537234287
    ],
    [
      154.3635519209119,
      176.49281185952248
    ],
    [
      162.85725307725883,
      167.16445669186402
    ],
    [
      171.41828199744532,
      157.8980989894776
    ],
    [
      180.24928511638873,
      148.88954457471365
    ],
    [
      189.4833761180672,
      140.29541940838456
    ],
    [
      199.1469942530184,
      132.18736385461705
    ],
    [
      209.19502580113004,
      124.56043103334333
    ],
    [
      219.55766933289394,
      117.36618817816628
    ]
  ],
  "bboxes": [],
  "categories": [],
  "control_points": [
    [
      136.90184503357676,
      194.7025782403987
    ],
    [
      166.77251421105277,
      165.24109631192923
    ],
    [
      177.8205699342288,
      145.19092111060968
    ],
    [
      219.55766933289394,
      117.36618817816628
    ]
  ]
}