{
  "image_path": "/home/quynhthu/Documents/AI-project/e2e/data/raw/Video_19700101_085820_output_frame_000660_dup1.jpg",
  "command": 0,
  "waypoints": [
    [
      115.08256880733944,
      220.5749235474006
    ],
    [
      115.03917490903201,
      208.05137294681
    ],
    [
      114.7123984413982,
      195.5321630937757
    ],
    [
      114.00972558511367,
      183.02869346968276
    ],
    [
      112.80301941317255,
      170.56430509884214
    ],
    [
      110.91091534295866,
      158.18645165709827
    ],
    [
      108.07930874339058,
      145.99123966473587
    ],
    [
      103.97852951738315,
      134.16616335773097
    ],
    [
      98.26617083053812,
      123.03563613827448
    ],
    [
      90.76452599388381,
      113.02752293577983
    ]
  ],
  "bboxes": [
    [
      62.33639143730886,
      78.09174311926606,
      14.727828746177366,
      14.385321100917423
    ],
    [
      146.25076452599387,
      64.04892966360856,
      11.64525993883791,
      21.57798165137615
    ]
  ],
  "categories": [
    3,
    11
  ],
  "control_points": [
    [
      115.08256880733944,
      220.5749235474006
    ],
    [
      115.42507645259938,
      163.71865443425077
    ],
    [
      108.91743119266054,
      133.2354740061162
    ],
    [
      90.7645259938838,
      113.02752293577981
    ]
  ]
}