{
  "image_path": "/home/quynhthu/Documents/AI-project/e2e/data/raw/Video_19700101_085820_output_frame_002860_dup1.jpg",
  "command": 2,
  "waypoints": [
    [
      103.10967751477381,
      194.6148737200402
    ],
    [
      105.45266714002337,
      178.4372848079478
    ],
    [
      109.33916048658696,
      162.56731770822066
    ],
    [
      115.44015380189684,
      147.4221942387183
    ],
    [
      124.51841415039063,
      133.87076430977717
    ],
    [
      136.82162705961238,
      123.17529466868865
    ],
    [
      151.49556319018808,
      116.0503471795839
    ],
    [
      167.31643867900075,
      112.00688907719962
    ],
    [
      183.5462357074245,
      110.10829689231278
    ],
    [
      199.8851529117423,
      109.59716636195579
    ]
  ],
  "bboxes": [
    [
      31.206403738521573,
      138.08714276386704,
      142.9021038572057,
      11.30554619123464
    ],
    [
      198.07626552114473,
      57.591653882276475,
      25.32442346836558,
      39.79552259314589
    ]
  ],
  "categories": [
    7,
    10
  ],
  "control_points": []
}