{
  "image_path": "/home/quynhthu/Documents/AI-project/e2e/data/raw/Video_19700101_085820_output_frame_002990.jpg",
  "command": 0,
  "waypoints": [
    [
      142.45297826027033,
      170.64711579462275
    ],
    [
      137.73989208056653,
      159.52215013676053
    ],
    [
      132.2981738869013,
      148.73574943280528
    ],
    [
      126.0155924461152,
      138.41786245650394
    ],
    [
      118.76949636760666,
      128.75462659287223
    ],
    [
      110.44149975868332,
      120.01037233647943
    ],
    [
      100.95905764343013,
      112.53969160283312
    ],
    [
      90.36962849605361,
      106.7517180663906
    ],
    [
      78.89927265574042,
      103.00737647463384
    ],
    [
      66.931929702823,
      101.45717310426683
    ]
  ],
  "bboxes": [],
  "categories": [],
  "control_points": [
    [
      142.45297826027033,
      170.64711579462275
    ],
    [
      126.62521359254185,
      129.9471495061781
    ],
    [
      101.75301197182566,
      102.813838647215
    ],
    [
      66.931929702823,
      101.45717310426683
    ]
  ]
}