{
  "image_path": "/home/quynhthu/Documents/AI-project/e2e/data/raw/Video_19700101_085820_output_frame_002880.jpg",
  "command": 1,
  "waypoints": [
    [
      138.38298163142588,
      189.18821154824755
    ],
    [
      139.28643993666043,
      174.87099445269197
    ],
    [
      139.43035912130617,
      160.528145152175
    ],
    [
      138.40451915062525,
      146.22600564260495
    ],
    [
      135.4207922089483,
      132.216956437102
    ],
    [
      129.0885915465157,
      119.41182923454143
    ],
    [
      118.34204032338992,
      110.03494741040905
    ],
    [
      104.90266742288378,
      105.15533162947979
    ],
    [
      90.73263069423506,
      102.99278021086599
    ],
    [
      76.42858850346009,
      101.90939495191621
    ]
  ],
  "bboxes": [],
  "categories": [],
  "control_points": []
}