{
  "image_path": "/home/quynhthu/Documents/AI-project/e2e/data/raw/Video_19700101_085820_output_frame_002680.jpg",
  "command": 3,
  "waypoints": [
    [
      133.86076315493202,
      190.9970989388451
    ],
    [
      133.06283256061957,
      180.56358190341368
    ],
    [
      132.36209890104521,
      170.1230884079008
    ],
    [
      131.75324508633668,
      159.676823264846
    ],
    [
      131.20536240193556,
      149.22715910250426
    ],
    [
      130.63224526479783,
      138.7788816824981
    ],
    [
      129.86346181473735,
      128.34352027615705
    ],
    [
      128.68571472596506,
      117.94700322957559
    ],
    [
      126.98574402550283,
      107.62312582704405
    ],
    [
      124.8163262019443,
      97.38717647542236
    ]
  ],
  "bboxes": [],
  "categories": [],
  "control_points": [
    [
      133.86076315493202,
      190.9970989388451
    ],
    [
      129.79076652608757,
      140.80047384976334
    ],
    [
      132.05187576433448,
      128.59048396322996
    ],
    [
      124.8163262019443,
      97.38717647542236
    ]
  ]
}