{
  "image_path": "/home/quynhthu/Documents/AI-project/e2e/data/raw/Video_20260119_140111_output_frame_000540.jpg",
  "command": 0,
  "waypoints": [
    [
      116.224111096606,
      200.94597958713163
    ],
    [
      115.95078432334417,
      187.92052780396483
    ],
    [
      115.68002931354863,
      174.89502243398246
    ],
    [
      115.3480153308665,
      161.87097580899936
    ],
    [
      114.8124300593143,
      148.85398741962675
    ],
    [
      113.8194389624705,
      135.86476774113848
    ],
    [
      112.12794466372657,
      122.94854880073149
    ],
    [
      109.77418823723552,
      110.13564744996911
    ],
    [
      107.00086343828238,
      97.40623824438477
    ],
    [
      104.01412121007259,
      84.72496474123957
    ]
  ],
  "bboxes": [],
  "categories": [],
  "control_points": [
    [
      116.224111096606,
      200.94597958713163
    ],
    [
      114.86744555365784,
      138.99158645916583
    ],
    [
      115.7718892489566,
      133.56492428737317
    ],
    [
      104.01412121007259,
      84.72496474123957
    ]
  ]
}