{
  "image_path": "/home/quynhthu/Documents/AI-project/e2e/data/raw/Video_19700101_085820_output_frame_000960.jpg",
  "command": 0,
  "waypoints": [
    [
      129.78967624916626,
      216.95589668384685
    ],
    [
      130.94361399587734,
      206.68212835829033
    ],
    [
      132.09755174258837,
      196.4083600327338
    ],
    [
      133.2514894892994,
      186.13459170717724
    ],
    [
      134.4054272360105,
      175.86082338162078
    ],
    [
      135.55936498272155,
      165.5870550560643
    ],
    [
      136.7133027294326,
      155.3132867305078
    ],
    [
      137.86724047614365,
      145.03951840495134
    ],
    [
      139.0211782228547,
      134.76575007939485
    ],
    [
      140.17511596956575,
      124.49198175383832
    ]
  ],
  "bboxes": [
    [
      89.25295992115525,
      122.48189664666421,
      97.15411351341476,
      21.105893625328036
    ]
  ],
  "categories": [
    7
  ],
  "control_points": []
}