{
  "image_path": "/home/quynhthu/Documents/AI-project/e2e/data/raw/Video_19700101_085820_output_frame_001730.jpg",
  "command": 0,
  "waypoints": [
    [
      141.55702790533232,
      186.13670606552793
    ],
    [
      142.26298724107156,
      176.48475331805187
    ],
    [
      143.01872673984812,
      166.83657905606165
    ],
    [
      143.83208507020865,
      157.19309473628135
    ],
    [
      144.7092347767553,
      147.5552048209483
    ],
    [
      145.64939715918334,
      137.92325272394007
    ],
    [
      146.63343773196894,
      128.2956750086046
    ],
    [
      147.61430934703455,
      118.66777862980051
    ],
    [
      148.5284849465225,
      109.03334840371095
    ],
    [
      149.33158563645623,
      99.38900927614556
    ]
  ],
  "bboxes": [],
  "categories": [],
  "control_points": []
}