{
  "image_path": "/home/quynhthu/Documents/AI-project/e2e/data/raw/Video_19700101_085820_output_frame_000950_dup2.jpg",
  "command": 1,
  "waypoints": [
    [
      126.43953440387608,
      217.62592505290488
    ],
    [
      129.19691327191325,
      198.51160796707248
    ],
    [
      131.57223939400635,
      179.34676415432867
    ],
    [
      133.146788078564,
      160.1026267389918
    ],
    [
      132.9542521502124,
      140.81348205252232
    ],
    [
      128.43655257393914,
      122.1473784793942
    ],
    [
      115.5153476271284,
      108.04577822597871
    ],
    [
      97.45743777751456,
      101.47210399302956
    ],
    [
      78.36743759327385,
      98.66835483842233
    ],
    [
      59.10168331354378,
      97.35583280698799
    ]
  ],
  "bboxes": [
    [
      96.95828616532263,
      114.1065420334388,
      83.08351776319607,
      17.08572341097984
    ]
  ],
  "categories": [
    7
  ],
  "control_points": []
}