{
  "image_path": "/home/quynhthu/Documents/AI-project/e2e/data/raw/Video_19700101_085820_output_frame_001100_dup1.jpg",
  "command": 3,
  "waypoints": [
    [
      110.76546851135835,
      207.81142271372667
    ],
    [
      111.28656728061759,
      194.24524717374982
    ],
    [
      111.99711347796298,
      180.68772491221125
    ],
    [
      112.86642369868609,
      167.13942712879197
    ],
    [
      113.86594663611699,
      153.60009126975277
    ],
    [
      114.97062102402225,
      140.06891319347903
    ],
    [
      116.15766388801865,
      126.54470100947132
    ],
    [
      117.40683243652177,
      113.02607807427877
    ],
    [
      118.70010261396685,
      99.51159813067478
    ],
    [
      120.02166685846579,
      85.99985246579278
    ]
  ],
  "bboxes": [
    [
      94.84480735433355,
      98.95853015174319,
      52.575206611570266,
      8.515702479338842
    ],
    [
      156.30596437912692,
      60.822992961660546,
      10.366942148760359,
      33.69256198347108
    ]
  ],
  "categories": [
    7,
    12
  ],
  "control_points": []
}