{
  "image_path": "/home/quynhthu/Documents/AI-project/e2e/data/raw/Video_19700101_085820_output_frame_001110_dup3.jpg",
  "command": 2,
  "waypoints": [
    [
      113.45273277576611,
      187.61769360736986
    ],
    [
      113.97809808333298,
      174.58640365402664
    ],
    [
      114.7212950821356,
      161.56591316348405
    ],
    [
      115.799269867351,
      148.56925706906225
    ],
    [
      117.42617939634754,
      135.63130462932057
    ],
    [
      120.06537145808981,
      122.86889051084161
    ],
    [
      124.88689009677816,
      110.8075034685517
    ],
    [
      134.3255706821214,
      101.98724578189699
    ],
    [
      146.9901299345767,
      99.19798139011462
    ],
    [
      160.01970442529938,
      98.83893470718053
    ]
  ],
  "bboxes": [
    [
      160.01970442529938,
      58.637232563698575,
      10.050425535870488,
      37.1865744827208
    ],
    [
      90.336754043264,
      103.86414747511577,
      58.29246810804884,
      8.710368797754427
    ]
  ],
  "categories": [
    12,
    7
  ],
  "control_points": []
}