{
  "image_path": "/home/quynhthu/Documents/AI-project/e2e/data/raw/Video_19700101_085820_output_frame_002250_dup2.jpg",
  "command": 2,
  "waypoints": [
    [
      94.7884500067048,
      185.45423100520102
    ],
    [
      94.06116492715002,
      171.4064072122957
    ],
    [
      93.87020760706379,
      157.3422091500767
    ],
    [
      94.53312585643117,
      143.29498710981989
    ],
    [
      96.64683474029133,
      129.40119728676777
    ],
    [
      101.36081551191009,
      116.1929990063068
    ],
    [
      110.24654700842609,
      105.39691364946084
    ],
    [
      122.8133494177301,
      99.24445164486706
    ],
    [
      136.67439426215935,
      97.03534432621599
    ],
    [
      150.73581882305052,
      97.01048628954074
    ]
  ],
  "bboxes": [
    [
      68.99235779797054,
      103.04074161106304,
      67.33785109033228,
      9.715411351341459
    ],
    [
      133.9851095965997,
      66.52419549740026,
      12.06051064304458,
      17.75575178003787
    ]
  ],
  "categories": [
    7,
    0
  ],
  "control_points": []
}