{
  "image_path": "/home/quynhthu/Documents/AI-project/e2e/data/raw/Video_19700101_085820_output_frame_001690_dup1.jpg",
  "command": 3,
  "waypoints": [
    [
      124.37116344705846,
      180.81727182844315
    ],
    [
      125.65332240809263,
      172.22261890997672
    ],
    [
      126.94623233399258,
      163.62957802184084
    ],
    [
      128.2656472462827,
      155.04057257177078
    ],
    [
      129.6384466089227,
      146.4599561635575
    ],
    [
      131.10408931862244,
      137.8947509277184
    ],
    [
      132.7029540987486,
      129.3534553192084
    ],
    [
      134.4504154244942,
      120.84131132693973
    ],
    [
      136.3238932186893,
      112.35596662875629
    ],
    [
      138.28352991328018,
      103.89006901521726
    ]
  ],
  "bboxes": [],
  "categories": [],
  "control_points": [
    [
      124.37116344705846,
      180.81727182844315
    ],
    [
      130.09978493314975,
      142.35367042183023
    ],
    [
      131.73653392917583,
      131.71480194766067
    ],
    [
      138.28352991328018,
      103.89006901521726
    ]
  ]
}