{
  "image_path": "/home/quynhthu/Documents/AI-project/e2e/data/raw/Video_19700101_085820_output_frame_001190.jpg",
  "command": 1,
  "waypoints": [
    [
      114.86643565859197,
      203.83355168267582
    ],
    [
      109.91874151965077,
      186.8204644651972
    ],
    [
      103.4569312062203,
      170.33046232941362
    ],
    [
      94.86625805793044,
      154.85443104338282
    ],
    [
      83.4816918391985,
      141.32131873094548
    ],
    [
      69.13989540346161,
      130.9884258316231
    ],
    [
      52.71291692292653,
      124.43255301657044
    ],
    [
      35.35559269832289,
      120.94497342574483
    ],
    [
      17.710535146454948,
      119.37396938584125
    ],
    [
      0.0,
      118.81584432459142
    ]
  ],
  "bboxes": [
    [
      127.7289521589468,
      74.31745986192114,
      4.0639274871094955,
      5.486302107597794
    ]
  ],
  "categories": [
    8
  ],
  "control_points": []
}