{
  "image_path": "/home/quynhthu/Documents/AI-project/e2e/data/raw/Video_19700101_085820_output_frame_001930.jpg",
  "command": 0,
  "waypoints": [
    [
      95.9413117996246,
      221.44433361802643
    ],
    [
      95.88787812125345,
      210.21014765551013
    ],
    [
      95.85045083253087,
      198.9758979505593
    ],
    [
      95.83499060339354,
      187.7415978792582
    ],
    [
      95.85100218563646,
      176.50730194936773
    ],
    [
      95.91537857073953,
      165.2731889761505
    ],
    [
      96.06031448148367,
      154.03986076576027
    ],
    [
      96.35178575661875,
      142.80947482227953
    ],
    [
      96.88596528681228,
      131.58802164225207
    ],
    [
      97.57806079565069,
      120.37508311341578
    ]
  ],
  "bboxes": [
    [
      41.110220432750815,
      123.64858110546795,
      118.25511496288453,
      7.774557731123892
    ]
  ],
  "categories": [
    7
  ],
  "control_points": []
}