{
  "image_path": "/home/quynhthu/Documents/AI-project/e2e/data/raw/Video_19700101_085820_output_frame_002080.jpg",
  "command": 3,
  "waypoints": [
    [
      28.425415713548677,
      221.85352086703293
    ],
    [
      29.619416890115783,
      207.5307797516599
    ],
    [
      30.889129115507643,
      193.2145609947697
    ],
    [
      32.2597038516975,
      178.90766394759703
    ],
    [
      33.76994105054458,
      164.61487828432968
    ],
    [
      35.48747522272848,
      150.34563381034567
    ],
    [
      37.5415412863847,
      136.12129958719981
    ],
    [
      40.15800943235417,
      121.99045781528285
    ],
    [
      43.20759663507557,
      107.94546303456981
    ],
    [
      45.61128017182255,
      93.77791192799192
    ]
  ],
  "bboxes": [],
  "categories": [],
  "control_points": [
    [
      28.425415713548677,
      221.85352086703293
    ],
    [
      37.018347942685615,
      115.87402337434406
    ],
    [
      41.110220432750815,
      126.10370459950707
    ],
    [
      45.61128017182255,
      93.77791192799192
    ]
  ]
}