{
  "image_path": "/home/quynhthu/Documents/AI-project/e2e/data/raw/Video_19700101_085820_output_frame_001050_dup1.jpg",
  "command": 0,
  "waypoints": [
    [
      96.71458557637413,
      204.9646792768974
    ],
    [
      97.77335574227027,
      192.92473065405875
    ],
    [
      98.86437393715275,
      180.887665243666
    ],
    [
      100.00021074511152,
      168.85475016764093
    ],
    [
      101.19324461093761,
      156.8273765125148
    ],
    [
      102.45661139153142,
      144.80719417819367
    ],
    [
      103.80516525700484,
      132.79628065945502
    ],
    [
      105.25660264293028,
      120.79737996312576
    ],
    [
      106.83292725868004,
      108.81426927216413
    ],
    [
      108.56251946067165,
      96.85228258268256
    ]
  ],
  "bboxes": [
    [
      132.2583872292667,
      65.01096026863297,
      5.923966942148752,
      21.47438016528926
    ]
  ],
  "categories": [
    12
  ],
  "control_points": []
}