{
  "image_path": "/home/quynhthu/Documents/AI-project/e2e/data/raw/Video_19700101_085820_output_frame_001790.jpg",
  "command": 0,
  "waypoints": [
    [
      101.45667750269331,
      193.91126379665178
    ],
    [
      99.65869899020304,
      181.9615315267339
    ],
    [
      98.14551505720303,
      169.97270123391064
    ],
    [
      97.09835614741117,
      157.93494961048665
    ],
    [
      96.81134981414098,
      145.85715184629433
    ],
    [
      97.78994168557016,
      133.82162441322882
    ],
    [
      100.87814234674589,
      122.16580360163137
    ],
    [
      107.10149985430363,
      111.87481220006308
    ],
    [
      116.47887030575407,
      104.34630375840744
    ],
    [
      127.64466143911064,
      99.79819652515206
    ]
  ],
  "bboxes": [],
  "categories": [],
  "control_points": [
    [
      101.45667750269331,
      193.91126379665178
    ],
    [
      92.86374527355639,
      139.89854692779107
    ],
    [
      93.2729325225629,
      109.61869050130856
    ],
    [
      127.64466143911064,
      99.79819652515206
    ]
  ]
}