{
  "image_path": "/home/quynhthu/Documents/AI-project/e2e/data/raw/Video_19700101_085820_output_frame_001370.jpg",
  "command": 2,
  "waypoints": [
    [
      119.70894036030812,
      204.71233506629804
    ],
    [
      120.85380994319038,
      187.27584750635808
    ],
    [
      123.3214315484347,
      169.981920651363
    ],
    [
      128.14771307121873,
      153.2114465291665
    ],
    [
      136.9771172223154,
      138.21859491680547
    ],
    [
      150.51111175420203,
      127.31902147740001
    ],
    [
      166.75851447413748,
      120.99087153839734
    ],
    [
      183.87731926582575,
      117.52483102122906
    ],
    [
      201.23662121140634,
      115.52685170063558
    ],
    [
      218.6658623993344,
      114.25171441446093
    ]
  ],
  "bboxes": [],
  "categories": [],
  "control_points": [
    [
      119.70894036030812,
      204.71233506629804
    ],
    [
      122.70763496755136,
      128.7454050161365
    ],
    [
      144.69806208733496,
      118.74975632532576
    ],
    [
      218.6658623993344,
      114.25171441446093
    ]
  ]
}