{
  "image_path": "/home/quynhthu/Documents/AI-project/e2e/data/raw/Video_19700101_085820_output_frame_002140.jpg",
  "command": 3,
  "waypoints": [
    [
      60.75120838506381,
      189.93691544452432
    ],
    [
      65.96631843032543,
      179.2688989810849
    ],
    [
      71.23161274588179,
      168.6255817737006
    ],
    [
      76.60270114486056,
      158.03534286571067
    ],
    [
      82.17609680601622,
      147.55039425569225
    ],
    [
      88.03416584246285,
      137.22189038302915
    ],
    [
      94.12234881590234,
      127.02703622908585
    ],
    [
      100.3110811820202,
      116.89276917962296
    ],
    [
      106.52002048198494,
      106.7708557910016
    ],
    [
      112.71798900889195,
      96.64222267103759
    ]
  ],
  "bboxes": [],
  "categories": [],
  "control_points": [
    [
      60.75120838506381,
      189.93691544452432
    ],
    [
      84.0748815784355,
      142.0620073107614
    ],
    [
      84.48406882744203,
      142.88038180877442
    ],
    [
      112.71798900889195,
      96.64222267103759
    ]
  ]
}