{
  "image_path": "/home/quynhthu/Documents/AI-project/e2e/data/raw/Video_19700101_085820_output_frame_002900.jpg",
  "command": 3,
  "waypoints": [
    [
      150.14074967030987,
      185.5704367670525
    ],
    [
      151.15660841184268,
      175.37889826150317
    ],
    [
      152.17786313405838,
      165.1878990680609
    ],
    [
      153.20462260891046,
      154.9974530002378
    ],
    [
      154.23591914218008,
      144.80746502351386
    ],
    [
      155.26714072286893,
      134.61746953878455
    ],
    [
      156.27834387754206,
      124.4254758274609
    ],
    [
      157.17575680788028,
      114.22302155808123
    ],
    [
      157.78751259056506,
      103.99955954245385
    ],
    [
      158.28074292799883,
      93.76940169422728
    ]
  ],
  "bboxes": [],
  "categories": [],
  "control_points": [
    [
      150.14074967030987,
      185.5704367670525
    ],
    [
      157.82852108034942,
      108.24050081900761
    ],
    [
      156.92407738505068,
      121.80715624848918
    ],
    [
      158.28074292799883,
      93.76940169422728
    ]
  ]
}