{
  "image_path": "/home/quynhthu/Documents/AI-project/e2e/data/raw/Video_19700101_085820_output_frame_000420.jpg",
  "command": 0,
  "waypoints": [
    [
      116.79510703363914,
      221.94495412844034
    ],
    [
      116.85258620394548,
      208.34025935488546
    ],
    [
      116.81508011307473,
      194.735557342243
    ],
    [
      116.57464842012794,
      181.1331128416018
    ],
    [
      115.9703689654857,
      167.5424701987008
    ],
    [
      114.75524172641006,
      153.99407594526525
    ],
    [
      112.54983756811772,
      140.57453806504694
    ],
    [
      108.79398301373415,
      127.51132010828782
    ],
    [
      102.80528023734452,
      115.32141226483736
    ],
    [
      94.18960244648318,
      104.80733944954127
    ]
  ],
  "bboxes": [
    [
      176.3914373088685,
      62.33639143730886,
      16.782874617737008,
      30.48318042813456
    ]
  ],
  "categories": [
    9
  ],
  "control_points": []
}