{
  "image_path": "/home/quynhthu/Documents/AI-project/e2e/data/raw/Video_19700101_085820_output_frame_000960_dup2.jpg",
  "command": 3,
  "waypoints": [
    [
      137.4950024933336,
      212.60071228496963
    ],
    [
      138.09168854931193,
      199.19416491242805
    ],
    [
      138.64008825151458,
      185.78556273390703
    ],
    [
      139.12413999354357,
      172.37449190604255
    ],
    [
      139.51951540824692,
      158.96053266029878
    ],
    [
      139.78685135128606,
      145.54345719605553
    ],
    [
      139.8585018034391,
      132.12404005498118
    ],
    [
      139.6100707978779,
      118.70713379624063
    ],
    [
      138.8094124373365,
      105.31279239171509
    ],
    [
      137.1599883088046,
      91.99560585452372
    ]
  ],
  "bboxes": [
    [
      88.91794573662624,
      123.82195338478029,
      100.50425535870492,
      20.10085107174099
    ]
  ],
  "categories": [
    7
  ],
  "control_points": []
}