{
  "image_path": "/home/quynhthu/Documents/AI-project/e2e/data/raw/Video_19700101_085820_output_frame_001770.jpg",
  "command": 0,
  "waypoints": [
    [
      103.50261374772592,
      186.13670606552793
    ],
    [
      102.62995247565347,
      175.94196536599267
    ],
    [
      101.67645973067062,
      165.75442342466525
    ],
    [
      100.73684270740986,
      155.5656136622141
    ],
    [
      99.9830861226829,
      145.3617398089417
    ],
    [
      99.72005482350899,
      135.13508881142604
    ],
    [
      100.44425807893886,
      124.93570122586179
    ],
    [
      102.77472546931293,
      114.98822730952048
    ],
    [
      107.03511962486144,
      105.7045375475366
    ],
    [
      112.91392047487591,
      97.34307303111292
    ]
  ],
  "bboxes": [],
  "categories": [],
  "control_points": [
    [
      103.50261374772592,
      186.13670606552793
    ],
    [
      99.81992850666724,
      139.89854692779107
    ],
    [
      94.09130702057594,
      120.25755897547809
    ],
    [
      112.9139204748759,
      97.34307303111294
    ]
  ]
}