{
  "image_path": "/home/quynhthu/Documents/AI-project/e2e/data/raw/Video_19700101_085820_output_frame_002560_dup2.jpg",
  "command": 2,
  "waypoints": [
    [
      170.03851096688285,
      200.94597958713163
    ],
    [
      168.05349934667032,
      186.7492142324911
    ],
    [
      166.15276447185883,
      172.54096686219992
    ],
    [
      164.43018662136996,
      158.3101998481698
    ],
    [
      163.07331166627057,
      144.04076246761232
    ],
    [
      162.51761940985176,
      129.72366373726405
    ],
    [
      164.0899785449302,
      115.54466584472748
    ],
    [
      172.52265630570287,
      104.24831984356197
    ],
    [
      186.52725168261253,
      101.97478763114228
    ],
    [
      200.78959660704103,
      103.26606049486439
    ]
  ],
  "bboxes": [
    [
      98.58745903827997,
      124.97270918203486,
      125.41254096172003,
      26.228867163664347
    ]
  ],
  "categories": [
    7
  ],
  "control_points": []
}