{
  "image_path": "/home/quynhthu/Documents/AI-project/e2e/data/raw/Video_20260119_140111_output_frame_000450.jpg",
  "command": 0,
  "waypoints": [
    [
      106.7274522959689,
      193.7104300247414
    ],
    [
      108.19092081630362,
      182.24152828296576
    ],
    [
      109.69630446927562,
      170.77804409015428
    ],
    [
      111.20067518578684,
      159.31442861422474
    ],
    [
      112.62726723774472,
      147.84093296160057
    ],
    [
      113.86032089669537,
      136.3452165391219
    ],
    [
      114.7640244715528,
      124.81924186153876
    ],
    [
      115.23656862221341,
      113.26776363055986
    ],
    [
      115.25452473646389,
      101.70657011012811
    ],
    [
      114.86744555365784,
      90.1516269130322
    ]
  ],
  "bboxes": [],
  "categories": [],
  "control_points": [
    [
      106.7274522959689,
      193.7104300247414
    ],
    [
      112.60633631541091,
      146.67935786920535
    ],
    [
      116.67633294425538,
      127.23381842028179
    ],
    [
      114.86744555365784,
      90.1516269130322
    ]
  ]
}