{
  "image_path": "/home/quynhthu/Documents/AI-project/e2e/data/raw/Video_19700101_085820_output_frame_002940.jpg",
  "command": 3,
  "waypoints": [
    [
      176.3696168339742,
      178.7871090523117
    ],
    [
      176.866759686471,
      170.2571025319549
    ],
    [
      177.3286792445186,
      161.72516616011077
    ],
    [
      177.58662176081648,
      153.1850819993486
    ],
    [
      177.37942318532174,
      144.64496342233775
    ],
    [
      176.4414893146764,
      136.1554925168907
    ],
    [
      174.68036856867897,
      127.79774296458041
    ],
    [
      172.22075752513018,
      119.61694659731444
    ],
    [
      169.2615038912452,
      111.6022715761604
    ],
    [
      165.96851433803837,
      103.71828234251377
    ]
  ],
  "bboxes": [],
  "categories": [],
  "control_points": [
    [
      176.3696168339742,
      178.7871090523117
    ],
    [
      178.17850422457175,
      146.67935786920535
    ],
    [
      179.98739161516932,
      135.82603352562012
    ],
    [
      165.96851433803837,
      103.71828234251376
    ]
  ]
}