{
  "image_path": "/home/quynhthu/Documents/AI-project/e2e/data/raw/Video_19700101_085820_output_frame_001140_dup1.jpg",
  "command": 1,
  "waypoints": [
    [
      107.0874632697148,
      184.26755176207968
    ],
    [
      107.01411056961665,
      168.30767269557143
    ],
    [
      105.58552358110298,
      152.41772107090125
    ],
    [
      102.10689677725114,
      136.8596144903494
    ],
    [
      95.46833632089306,
      122.39507914513813
    ],
    [
      84.62702218800933,
      110.78175866794672
    ],
    [
      70.3798812654767,
      103.72465418256687
    ],
    [
      54.76345780216238,
      100.55541873199223
    ],
    [
      38.83949177583369,
      99.55898430838707
    ],
    [
      22.878814052380523,
      99.43790844622029
    ]
  ],
  "bboxes": [
    [
      59.163111573041675,
      129.4279910908484,
      104.40991735537187,
      9.256198347107443
    ],
    [
      179.49369008543835,
      49.45443737184015,
      18.882644628099143,
      59.609917355371884
    ]
  ],
  "categories": [
    7,
    12
  ],
  "control_points": []
}