{
  "image_path": "/home/quynhthu/Documents/AI-project/e2e/data/raw/Video_19700101_085820_output_frame_001400.jpg",
  "command": 2,
  "waypoints": [
    [
      123.70719983663243,
      197.21559854819003
    ],
    [
      128.15426656310964,
      183.33644741425417
    ],
    [
      133.49288178100412,
      169.7771042613549
    ],
    [
      140.04067665709047,
      156.762607971698
    ],
    [
      148.21477401826192,
      144.71178371678855
    ],
    [
      158.384219222646,
      134.30388207155946
    ],
    [
      170.4805713453328,
      126.21799790639766
    ],
    [
      183.83491973223656,
      120.40828887024222
    ],
    [
      197.71244265347252,
      115.95656935528751
    ],
    [
      211.66890831576686,
      111.75280224175825
    ]
  ],
  "bboxes": [],
  "categories": [],
  "control_points": [
    [
      123.70719983663243,
      197.21559854819003
    ],
    [
      144.69806208733496,
      125.24692797435273
    ],
    [
      173.6854432906861,
      123.74758067073112
    ],
    [
      211.66890831576686,
      111.75280224175825
    ]
  ]
}