{
  "image_path": "/home/quynhthu/Documents/AI-project/e2e/data/raw/Video_19700101_085820_output_frame_002190_dup1.jpg",
  "command": 3,
  "waypoints": [
    [
      106.45950701127997,
      185.72997894400498
    ],
    [
      108.513916634589,
      175.65055637422122
    ],
    [
      110.58180968371644,
      165.5738929180414
    ],
    [
      112.67591237302665,
      155.5026487066386
    ],
    [
      114.82119637643117,
      145.44220244833144
    ],
    [
      117.06805317747606,
      135.40402751456048
    ],
    [
      119.50984687621717,
      125.41164623972797
    ],
    [
      122.24155400814799,
      115.49464753813702
    ],
    [
      125.21163878862299,
      105.64623258035331
    ],
    [
      128.26710447113976,
      95.82384817302453
    ]
  ],
  "bboxes": [
    [
      147.15533698873642,
      69.88614849110331,
      7.445538362577679,
      10.671938319694675
    ]
  ],
  "categories": [
    0
  ],
  "control_points": []
}