{
  "image_path": "/home/quynhthu/Documents/AI-project/e2e/data/raw/Video_19700101_085820_output_frame_001630.jpg",
  "command": 3,
  "waypoints": [
    [
      33.182823922397795,
      209.52417620278518
    ],
    [
      38.18029457859308,
      195.8336783902782
    ],
    [
      43.28680450290125,
      182.18349095628392
    ],
    [
      48.52033724792526,
      168.58151900625057
    ],
    [
      53.90584353645263,
      155.0390303069195
    ],
    [
      59.476210918848594,
      141.57157743594573
    ],
    [
      65.27777864896125,
      128.20219052705716
    ],
    [
      71.37432995888918,
      114.96489464187583
    ],
    [
      77.84884930327875,
      101.90856935505603
    ],
    [
      84.71982508024333,
      89.05614350751773
    ]
  ],
  "bboxes": [],
  "categories": [],
  "control_points": [
    [
      33.182823922397795,
      209.52417620278518
    ],
    [
      61.589452549846825,
      130.82555409638903
    ],
    [
      76.41085630718827,
      104.32668071205133
    ],
    [
      84.71982508024333,
      89.05614350751773
    ]
  ]
}