{
  "image_path": "/home/quynhthu/Documents/AI-project/e2e/data/raw/Video_19700101_085820_output_frame_002910_dup1.jpg",
  "command": 3,
  "waypoints": [
    [
      148.33186227971234,
      163.4115662322326
    ],
    [
      151.63687780428947,
      156.7081563447926
    ],
    [
      154.71226985011813,
      149.89667221374208
    ],
    [
      157.50580587339618,
      142.9650457130704
    ],
    [
      159.95092806552915,
      135.90335059929598
    ],
    [
      161.94995959432765,
      128.70328229331594
    ],
    [
      163.36655961113232,
      121.367486512308
    ],
    [
      164.00412985476143,
      113.92542823759226
    ],
    [
      163.59959974302814,
      106.47009817868047
    ],
    [
      161.8985177091939,
      99.1960638660199
    ]
  ],
  "bboxes": [],
  "categories": [],
  "control_points": []
}