{
  "image_path": "/home/quynhthu/Documents/AI-project/e2e/data/raw/Video_19700101_085820_output_frame_001660.jpg",
  "command": 3,
  "waypoints": [
    [
      59.15512156326919,
      186.38789370204998
    ],
    [
      64.405145229977,
      176.0951860878759
    ],
    [
      69.657837122609,
      165.80383991755954
    ],
    [
      74.91406291048554,
      155.51429824535876
    ],
    [
      80.1750058049328,
      145.227167652248
    ],
    [
      85.44213584489617,
      134.94320366748894
    ],
    [
      90.71635125433825,
      124.66287167078048
    ],
    [
      95.99554571475684,
      114.38509543983693
    ],
    [
      101.2738882009013,
      104.10688168109321
    ],
    [
      106.54685710045926,
      93.82591023097564
    ]
  ],
  "bboxes": [],
  "categories": [],
  "control_points": [
    [
      59.15512156326919,
      186.38789370204998
    ],
    [
      87.66421247236009,
      130.48045568552106
    ],
    [
      91.36669181120307,
      123.44574494171941
    ],
    [
      106.54685710045926,
      93.82591023097562
    ]
  ]
}