{
  "image_path": "/home/quynhthu/Documents/AI-project/e2e/data/raw/Video_19700101_085820_output_frame_001750.jpg",
  "command": 0,
  "waypoints": [
    [
      135.82840641924105,
      186.95508056354095
    ],
    [
      134.3035594025272,
      177.4877974367782
    ],
    [
      132.68388576997384,
      168.03625824243372
    ],
    [
      131.00650599043166,
      158.59476209070158
    ],
    [
      129.3556265068563,
      149.14863167757306
    ],
    [
      127.89055779326203,
      139.67225769653808
    ],
    [
      126.84565856864356,
      130.1413418063338
    ],
    [
      126.43957097563367,
      120.56280823333199
    ],
    [
      126.73847349736661,
      110.98014024554081
    ],
    [
      127.64466143911064,
      101.43494552117814
    ]
  ],
  "bboxes": [],
  "categories": [],
  "control_points": [
    [
      135.82840641924105,
      186.95508056354095
    ],
    [
      129.28141043513673,
      144.80879391586936
    ],
    [
      123.96197619805196,
      131.71480194766067
    ],
    [
      127.64466143911064,
      101.43494552117814
    ]
  ]
}