{
  "image_path": "/home/quynhthu/Documents/AI-project/e2e/data/raw/Video_19700101_085820_output_frame_001340.jpg",
  "command": 2,
  "waypoints": [
    [
      117.70981062214598,
      195.71625124456838
    ],
    [
      118.43017249091817,
      178.35150193581958
    ],
    [
      119.67380514833435,
      161.01736073308544
    ],
    [
      122.00761087685629,
      143.80087128627713
    ],
    [
      126.89284087527956,
      127.16257193918516
    ],
    [
      137.5354668461839,
      113.70058600367817
    ],
    [
      153.64243806673977,
      107.53063818267492
    ],
    [
      170.9173933903741,
      105.75449123724614
    ],
    [
      188.29181892951766,
      105.3574893280762
    ],
    [
      205.67151910128044,
      105.25563059273128
    ]
  ],
  "bboxes": [
    [
      69.73069690625447,
      121.74845093256897,
      106.95344099167484,
      18.49195007799986
    ]
  ],
  "categories": [
    7
  ],
  "control_points": [
    [
      117.70981062214598,
      195.71625124456838
    ],
    [
      120.7085052293892,
      102.25693598548806
    ],
    [
      131.70371878928103,
      105.7554130272718
    ],
    [
      205.67151910128044,
      105.25563059273128
    ]
  ]
}